kernel_tag,commit,git_url,manifest1,manifest2
android12-5.10-2025-12_r1,8ca7f39b1d8437f3795fd95d5e9cd9509427311e,https://android.googlesource.com/kernel/common/+/refs/tags/android12-5.10-2025-12_r1,common-android12-5.10-2025-12,common-android12-5.10
android12-5.10-2025-09_r1,1951d14a348beea7b86b6102149b57f42e454031,https://android.googlesource.com/kernel/common/+/refs/tags/android12-5.10-2025-09_r1,common-android12-5.10-2025-09,common-android12-5.10
android12-5.10-2025-09_r2,5876d310563a8f1fbaf6ccb6cab512e850f0a919,https://android.googlesource.com/kernel/common/+/refs/tags/android12-5.10-2025-09_r2,common-android12-5.10-2025-09,common-android12-5.10
android12-5.10-2025-09_r3,25161a557b2071d0e66ebe098bbc46d2b860ed55,https://android.googlesource.com/kernel/common/+/refs/tags/android12-5.10-2025-09_r3,common-android12-5.10-2025-09,common-android12-5.10
android12-5.10-2025-06_r1,484c3d56a37435198fa13276c8c97acda5ac28f4,https://android.googlesource.com/kernel/common/+/refs/tags/android12-5.10-2025-06_r1,common-android12-5.10-2025-06,common-android12-5.10
android12-5.10-2025-06_r2,656077247f488517bd6c6a71ecfdfba766bd29c4,https://android.googlesource.com/kernel/common/+/refs/tags/android12-5.10-2025-06_r2,common-android12-5.10-2025-06,common-android12-5.10
android12-5.10-2025-06_r3,d09ef2e980e0974a0d6dfe762e29fff118db7f46,https://android.googlesource.com/kernel/common/+/refs/tags/android12-5.10-2025-06_r3,common-android12-5.10-2025-06,common-android12-5.10
android12-5.10-2025-06_r4,f82f7360927ec011a4510c0e503d1aafd6d10df9,https://android.googlesource.com/kernel/common/+/refs/tags/android12-5.10-2025-06_r4,common-android12-5.10-2025-06,common-android12-5.10
android12-5.10-2025-06_r5,b8dc0bda0c35bed56ff2f257a5c7bf24eab0d375,https://android.googlesource.com/kernel/common/+/refs/tags/android12-5.10-2025-06_r5,common-android12-5.10-2025-06,common-android12-5.10
android12-5.10-2025-05_r1,b97c62c4e7d1e80fb6a2cb0cb381f03bbcd26a4e,https://android.googlesource.com/kernel/common/+/refs/tags/android12-5.10-2025-05_r1,common-android12-5.10-2025-05,common-android12-5.10
android12-5.10-2025-05_r2,2ee831ab7375cf06ee9098f4b4240dcb49ff2900,https://android.googlesource.com/kernel/common/+/refs/tags/android12-5.10-2025-05_r2,common-android12-5.10-2025-05,common-android12-5.10
android12-5.10-2025-05_r3,f997514b333d612613451afbcd601a6f2846d053,https://android.googlesource.com/kernel/common/+/refs/tags/android12-5.10-2025-05_r3,common-android12-5.10-2025-05,common-android12-5.10
android12-5.10-2025-05_r5,945b13db08a9bda5e1f1d417ec9a1d98393fcfca,https://android.googlesource.com/kernel/common/+/refs/tags/android12-5.10-2025-05_r5,common-android12-5.10-2025-05,common-android12-5.10
android12-5.10-2025-05_r6,fb24cf99ad973cd4c7c7fa375c6053f939ef3a89,https://android.googlesource.com/kernel/common/+/refs/tags/android12-5.10-2025-05_r6,common-android12-5.10-2025-05,common-android12-5.10
android12-5.10-2025-05_r7,71f3aedc8b92dec66ff028df25fe9ddfeafea88c,https://android.googlesource.com/kernel/common/+/refs/tags/android12-5.10-2025-05_r7,common-android12-5.10-2025-05,common-android12-5.10
android12-5.10-2025-02_r1,04560d087a0db45d0df4fa35bacc871ddc6767c2,https://android.googlesource.com/kernel/common/+/refs/tags/android12-5.10-2025-02_r1,common-android12-5.10-2025-02,common-android12-5.10
android12-5.10-2025-02_r2,49c66df526b8b3b2ff62ae4c984a299f57687cc6,https://android.googlesource.com/kernel/common/+/refs/tags/android12-5.10-2025-02_r2,common-android12-5.10-2025-02,common-android12-5.10
android12-5.10-2025-02_r3,3f8134695cb54ffc6fbf8a897ec3a52f4cd1bad8,https://android.googlesource.com/kernel/common/+/refs/tags/android12-5.10-2025-02_r3,common-android12-5.10-2025-02,common-android12-5.10
android12-5.10-2025-02_r4,f5ac1bdc50ede063d68bd7a3ac20e3570fc7c47f,https://android.googlesource.com/kernel/common/+/refs/tags/android12-5.10-2025-02_r4,common-android12-5.10-2025-02,common-android12-5.10
android12-5.10-2025-02_r5,70ad1d50b2d2d488f01d3aa5b4d73badbf627ecd,https://android.googlesource.com/kernel/common/+/refs/tags/android12-5.10-2025-02_r5,common-android12-5.10-2025-02,common-android12-5.10
android12-5.10-2025-02_r6,6aaee44d50609be8d40c91ffffd0c24741d8c924,https://android.googlesource.com/kernel/common/+/refs/tags/android12-5.10-2025-02_r6,common-android12-5.10-2025-02,common-android12-5.10
android12-5.10-2024-11_r1,f08b5b1b2f8254a5f21395e5918043219b09a0cc,https://android.googlesource.com/kernel/common/+/refs/tags/android12-5.10-2024-11_r1,common-android12-5.10-2024-11,common-android12-5.10
android12-5.10-2024-11_r2,0d9b8f86060386410f86cd7714acde8d7ca03ef9,https://android.googlesource.com/kernel/common/+/refs/tags/android12-5.10-2024-11_r2,common-android12-5.10-2024-11,common-android12-5.10
android12-5.10-2024-11_r3,4968e29b7f9287a83b91a18cb497dca5c34f8506,https://android.googlesource.com/kernel/common/+/refs/tags/android12-5.10-2024-11_r3,common-android12-5.10-2024-11,common-android12-5.10
android12-5.10-2024-11_r4,d1b569442cf286ab2f47402d77137d4059aa5ac2,https://android.googlesource.com/kernel/common/+/refs/tags/android12-5.10-2024-11_r4,common-android12-5.10-2024-11,common-android12-5.10
android12-5.10-2024-11_r5,a13323220e070d06e5c9eba4d24df724df6d63db,https://android.googlesource.com/kernel/common/+/refs/tags/android12-5.10-2024-11_r5,common-android12-5.10-2024-11,common-android12-5.10
android12-5.10-2024-11_r6,166086404cf0b7721886efbc7e0fa2b98544ed91,https://android.googlesource.com/kernel/common/+/refs/tags/android12-5.10-2024-11_r6,common-android12-5.10-2024-11,common-android12-5.10
android12-5.10-2024-11_r7,af9200d616096a5025b30f15254276ac56948501,https://android.googlesource.com/kernel/common/+/refs/tags/android12-5.10-2024-11_r7,common-android12-5.10-2024-11,common-android12-5.10
android12-5.10-2024-11_r8,ea4a6f067d3f7ae0ae3d460716449adf06a5ff15,https://android.googlesource.com/kernel/common/+/refs/tags/android12-5.10-2024-11_r8,common-android12-5.10-2024-11,common-android12-5.10
android12-5.10-2024-11_r9,a9e98f5ed2925a2c7c0f4be3f0493bf834bb5e4f,https://android.googlesource.com/kernel/common/+/refs/tags/android12-5.10-2024-11_r9,common-android12-5.10-2024-11,common-android12-5.10
android12-5.10-2024-11_r10,f8788310027eb3f0bbc2de6d77dea11f24b933c1,https://android.googlesource.com/kernel/common/+/refs/tags/android12-5.10-2024-11_r10,common-android12-5.10-2024-11,common-android12-5.10
android12-5.10-2024-08_r1,7e657aa362f21c8fb472e03a22795b18f831a178,https://android.googlesource.com/kernel/common/+/refs/tags/android12-5.10-2024-08_r1,common-android12-5.10-2024-08,common-android12-5.10
android12-5.10-2024-08_r2,7e8d2909ab1825cae7a5ea660fe0c5f1729bb1b7,https://android.googlesource.com/kernel/common/+/refs/tags/android12-5.10-2024-08_r2,common-android12-5.10-2024-08,common-android12-5.10
android12-5.10-2024-08_r3,c2daa510e744426a51c0e03d175ee39605b3d1f9,https://android.googlesource.com/kernel/common/+/refs/tags/android12-5.10-2024-08_r3,common-android12-5.10-2024-08,common-android12-5.10
android12-5.10-2024-08_r4,124993efd06eac4d6c89581488f904a1b7f10b01,https://android.googlesource.com/kernel/common/+/refs/tags/android12-5.10-2024-08_r4,common-android12-5.10-2024-08,common-android12-5.10
android12-5.10-2024-08_r6,1e6c1aef69dceeea608021957443cdc0e460ecca,https://android.googlesource.com/kernel/common/+/refs/tags/android12-5.10-2024-08_r6,common-android12-5.10-2024-08,common-android12-5.10
android12-5.10-2024-08_r7,8687a6509536d086c31c6ca44068a73f7be7e246,https://android.googlesource.com/kernel/common/+/refs/tags/android12-5.10-2024-08_r7,common-android12-5.10-2024-08,common-android12-5.10
android12-5.10-2024-08_r8,815b834748586648b641022ecc0e68e12f188ac5,https://android.googlesource.com/kernel/common/+/refs/tags/android12-5.10-2024-08_r8,common-android12-5.10-2024-08,common-android12-5.10
android12-5.10-2024-08_r9,403b38012a7f5420d50a08975fad5198212e39fe,https://android.googlesource.com/kernel/common/+/refs/tags/android12-5.10-2024-08_r9,common-android12-5.10-2024-08,common-android12-5.10
android12-5.10-2024-08_r10,4f87ec8faac9e02e7d9c69bb4a925031ee039d81,https://android.googlesource.com/kernel/common/+/refs/tags/android12-5.10-2024-08_r10,common-android12-5.10-2024-08,common-android12-5.10
android12-5.10-2024-08_r11,5659b677bcebcb4d4c5616f07ce817fadf62afa5,https://android.googlesource.com/kernel/common/+/refs/tags/android12-5.10-2024-08_r11,common-android12-5.10-2024-08,common-android12-5.10
android12-5.10-2024-08_r12,1b88ca97d7eef6c151f658b79d1a8f097d721167,https://android.googlesource.com/kernel/common/+/refs/tags/android12-5.10-2024-08_r12,common-android12-5.10-2024-08,common-android12-5.10
android12-5.10-2024-08_r13,821a11a160ed2451b412c25626cac4eec988c777,https://android.googlesource.com/kernel/common/+/refs/tags/android12-5.10-2024-08_r13,common-android12-5.10-2024-08,common-android12-5.10
android12-5.10-2024-08_r14,a900d8468aced2a4eb8e5952c3537220b88a61b1,https://android.googlesource.com/kernel/common/+/refs/tags/android12-5.10-2024-08_r14,common-android12-5.10-2024-08,common-android12-5.10
android12-5.10-2024-08_r15,8ce30a9fd3ba0959a669263a4963777754b5e615,https://android.googlesource.com/kernel/common/+/refs/tags/android12-5.10-2024-08_r15,common-android12-5.10-2024-08,common-android12-5.10
android12-5.10-2024-05_r1,c02e95e82b343fe03d03dfd6fb74ecc2077e1ee3,https://android.googlesource.com/kernel/common/+/refs/tags/android12-5.10-2024-05_r1,common-android12-5.10-2024-05,common-android12-5.10
android12-5.10-2024-05_r2,78d2e3f5789f3d4318bb597f5d058615feea3693,https://android.googlesource.com/kernel/common/+/refs/tags/android12-5.10-2024-05_r2,common-android12-5.10-2024-05,common-android12-5.10
android12-5.10-2024-05_r3,7c6bbcca33e1734642601acf07a14140116fa956,https://android.googlesource.com/kernel/common/+/refs/tags/android12-5.10-2024-05_r3,common-android12-5.10-2024-05,common-android12-5.10
android12-5.10-2024-05_r5,03a8268611bed4f80f1ef8a6faae29b58934a536,https://android.googlesource.com/kernel/common/+/refs/tags/android12-5.10-2024-05_r5,common-android12-5.10-2024-05,common-android12-5.10
android12-5.10-2024-05_r7,4ea09a298bb470d0572d130b19cfa797583cd2b0,https://android.googlesource.com/kernel/common/+/refs/tags/android12-5.10-2024-05_r7,common-android12-5.10-2024-05,common-android12-5.10
android12-5.10-2024-05_r8,591df1b051947b5739a144969afb0fbfb2fc611d,https://android.googlesource.com/kernel/common/+/refs/tags/android12-5.10-2024-05_r8,common-android12-5.10-2024-05,common-android12-5.10
android12-5.10-2024-05_r9,efda96a3f9b9ad99333b27435c50a0ff9363d41c,https://android.googlesource.com/kernel/common/+/refs/tags/android12-5.10-2024-05_r9,common-android12-5.10-2024-05,common-android12-5.10
android12-5.10-2024-05_r10,4a4f9c1058050f11bd1ef496439dd00f0dbf114d,https://android.googlesource.com/kernel/common/+/refs/tags/android12-5.10-2024-05_r10,common-android12-5.10-2024-05,common-android12-5.10
android12-5.10-2024-05_r11,3d1fea7e4dfaa0ec527a1ecd3d4ff5ecb8f63988,https://android.googlesource.com/kernel/common/+/refs/tags/android12-5.10-2024-05_r11,common-android12-5.10-2024-05,common-android12-5.10
android12-5.10-2024-05_r12,cd41ca55ee847878c74bb3d99e8b327cd76d803b,https://android.googlesource.com/kernel/common/+/refs/tags/android12-5.10-2024-05_r12,common-android12-5.10-2024-05,common-android12-5.10
android12-5.10-2024-05_r13,9e4ccf17ac6332614a89a41fe2272be316369169,https://android.googlesource.com/kernel/common/+/refs/tags/android12-5.10-2024-05_r13,common-android12-5.10-2024-05,common-android12-5.10
android12-5.10-2024-03_r1,4d6c07fc6342c179a08b88650349e8457a333196,https://android.googlesource.com/kernel/common/+/refs/tags/android12-5.10-2024-03_r1,common-android12-5.10-2024-03,common-android12-5.10
android12-5.10-2024-03_r3,3f12df86bfdbe198a006abcd7103024dd956b770,https://android.googlesource.com/kernel/common/+/refs/tags/android12-5.10-2024-03_r3,common-android12-5.10-2024-03,common-android12-5.10
android12-5.10-2024-03_r5,4f7845197313085593aac78b53e215b3f1e19e63,https://android.googlesource.com/kernel/common/+/refs/tags/android12-5.10-2024-03_r5,common-android12-5.10-2024-03,common-android12-5.10
android12-5.10-2024-03_r6,264434cb4c988b2782ff85b59c83e201c693457d,https://android.googlesource.com/kernel/common/+/refs/tags/android12-5.10-2024-03_r6,common-android12-5.10-2024-03,common-android12-5.10
android12-5.10-2024-03_r9,6a9afd77dd40c217a1cbc4f76655a2b398677e41,https://android.googlesource.com/kernel/common/+/refs/tags/android12-5.10-2024-03_r9,common-android12-5.10-2024-03,common-android12-5.10
android12-5.10-2024-01_r1,26d1d5093064d66f4aeef96a10c76ec6186df1c6,https://android.googlesource.com/kernel/common/+/refs/tags/android12-5.10-2024-01_r1,common-android12-5.10-2024-01,common-android12-5.10
android12-5.10-2024-01_r2,e93f80f363fc94c441d8237d8e39cc91d0579043,https://android.googlesource.com/kernel/common/+/refs/tags/android12-5.10-2024-01_r2,common-android12-5.10-2024-01,common-android12-5.10
android12-5.10-2024-01_r3,df6358ff3c5c0a7b11ce3f8a71f8fe5e56e64b89,https://android.googlesource.com/kernel/common/+/refs/tags/android12-5.10-2024-01_r3,common-android12-5.10-2024-01,common-android12-5.10
android12-5.10-2024-01_r4,6efebf1322d6e6bedae2eb867caecdcf4474bc27,https://android.googlesource.com/kernel/common/+/refs/tags/android12-5.10-2024-01_r4,common-android12-5.10-2024-01,common-android12-5.10
android12-5.10-2024-01_r5,098dad372e02ccf90fef6eb520f15e417d4b69d6,https://android.googlesource.com/kernel/common/+/refs/tags/android12-5.10-2024-01_r5,common-android12-5.10-2024-01,common-android12-5.10
android12-5.10-2024-01_r6,518b72930b2b8171328ca3551d0b5c2869f4f229,https://android.googlesource.com/kernel/common/+/refs/tags/android12-5.10-2024-01_r6,common-android12-5.10-2024-01,common-android12-5.10
android12-5.10-2024-01_r8,3aa88f08dc9ac04e7f8fa167747fe791330a0d6c,https://android.googlesource.com/kernel/common/+/refs/tags/android12-5.10-2024-01_r8,common-android12-5.10-2024-01,common-android12-5.10
android12-5.10-2024-01_r9,777529616868c5a2dd50afd4de7ff65e54f27558,https://android.googlesource.com/kernel/common/+/refs/tags/android12-5.10-2024-01_r9,common-android12-5.10-2024-01,common-android12-5.10
android12-5.10-2024-01_r11,85b72e945a8d29c359a2f0018e9426d346a7bde4,https://android.googlesource.com/kernel/common/+/refs/tags/android12-5.10-2024-01_r11,common-android12-5.10-2024-01,common-android12-5.10
android12-5.10-2024-01_r13,0d138ba1ecc5041ae31252d9aa02bf9826318fb2,https://android.googlesource.com/kernel/common/+/refs/tags/android12-5.10-2024-01_r13,common-android12-5.10-2024-01,common-android12-5.10
android12-5.10-2024-01_r14,4d382310f0e9762cf9a91f7b8cfefec537d124f8,https://android.googlesource.com/kernel/common/+/refs/tags/android12-5.10-2024-01_r14,common-android12-5.10-2024-01,common-android12-5.10
android12-5.10-2024-01_r17,da21840677d58e865a042f2e91bd5426b90b4641,https://android.googlesource.com/kernel/common/+/refs/tags/android12-5.10-2024-01_r17,common-android12-5.10-2024-01,common-android12-5.10
android12-5.10-2023-11_r1,409fe6c1ec1a975972f18f8dd1047d65c743733a,https://android.googlesource.com/kernel/common/+/refs/tags/android12-5.10-2023-11_r1,common-android12-5.10-2023-11,common-android12-5.10
android12-5.10-2023-11_r2,226a9632f13d26e93fa416f6b003712b69118322,https://android.googlesource.com/kernel/common/+/refs/tags/android12-5.10-2023-11_r2,common-android12-5.10-2023-11,common-android12-5.10
android12-5.10-2023-11_r3,347e22ab61eedb6b491c16dc69edfe09dd777efe,https://android.googlesource.com/kernel/common/+/refs/tags/android12-5.10-2023-11_r3,common-android12-5.10-2023-11,common-android12-5.10
android12-5.10-2023-11_r4,f7559871b50aacad233dc275ff22d74f50fb4061,https://android.googlesource.com/kernel/common/+/refs/tags/android12-5.10-2023-11_r4,common-android12-5.10-2023-11,common-android12-5.10
android12-5.10-2023-11_r5,cc7f989325f86681432e5a734fe590113b258775,https://android.googlesource.com/kernel/common/+/refs/tags/android12-5.10-2023-11_r5,common-android12-5.10-2023-11,common-android12-5.10
android12-5.10-2023-11_r7,596b8c75db23de84d0fa4cb60b6ecd4a54823e6e,https://android.googlesource.com/kernel/common/+/refs/tags/android12-5.10-2023-11_r7,common-android12-5.10-2023-11,common-android12-5.10
android12-5.10-2023-11_r8,6b9e4f09429ecfcc20617dd8fdfe279e1489ff43,https://android.googlesource.com/kernel/common/+/refs/tags/android12-5.10-2023-11_r8,common-android12-5.10-2023-11,common-android12-5.10
android12-5.10-2023-11_r9,442246ffd0e05278e370a44ec9a5358335adc619,https://android.googlesource.com/kernel/common/+/refs/tags/android12-5.10-2023-11_r9,common-android12-5.10-2023-11,common-android12-5.10
android12-5.10-2023-11_r10,f15786d59fb38fea24c0b07675a1f74386193bb5,https://android.googlesource.com/kernel/common/+/refs/tags/android12-5.10-2023-11_r10,common-android12-5.10-2023-11,common-android12-5.10
android12-5.10-2023-11_r11,0e88d474838abb94470ebd90791c1197cba7fd50,https://android.googlesource.com/kernel/common/+/refs/tags/android12-5.10-2023-11_r11,common-android12-5.10-2023-11,common-android12-5.10
android12-5.10-2023-11_r14,3cecb9ed6a0828e177cdcd271fca99da5aa298a2,https://android.googlesource.com/kernel/common/+/refs/tags/android12-5.10-2023-11_r14,common-android12-5.10-2023-11,common-android12-5.10
android12-5.10-2023-09_r1,00c7bec87c460abfa95b61b5bbe61f26de8a3282,https://android.googlesource.com/kernel/common/+/refs/tags/android12-5.10-2023-09_r1,common-android12-5.10-2023-09,common-android12-5.10
android12-5.10-2023-09_r2,c475c08513642995f0f3d56c704083a706811a4d,https://android.googlesource.com/kernel/common/+/refs/tags/android12-5.10-2023-09_r2,common-android12-5.10-2023-09,common-android12-5.10
android12-5.10-2023-09_r3,7bd1d5870f6a55cd791073b053ba9c4f94be5551,https://android.googlesource.com/kernel/common/+/refs/tags/android12-5.10-2023-09_r3,common-android12-5.10-2023-09,common-android12-5.10
android12-5.10-2023-07_r1,505b4a192915e388bb2f1659672bca58af6086e3,https://android.googlesource.com/kernel/common/+/refs/tags/android12-5.10-2023-07_r1,common-android12-5.10-2023-07,common-android12-5.10
android12-5.10-2023-07_r2,219d8dfbba0713b72b5b1088ad6c600ec9d656f3,https://android.googlesource.com/kernel/common/+/refs/tags/android12-5.10-2023-07_r2,common-android12-5.10-2023-07,common-android12-5.10
android12-5.10-2023-07_r3,d2d1ff64bb2199bab64aa7f69c21754c63880c4f,https://android.googlesource.com/kernel/common/+/refs/tags/android12-5.10-2023-07_r3,common-android12-5.10-2023-07,common-android12-5.10
android12-5.10-2023-07_r4,593c61caffd9c51a8e2052ab10d0fc1575d922b6,https://android.googlesource.com/kernel/common/+/refs/tags/android12-5.10-2023-07_r4,common-android12-5.10-2023-07,common-android12-5.10
android12-5.10-2023-07_r5,25f6aed0b75fcf3cc41eec626c5ff86be7a94be2,https://android.googlesource.com/kernel/common/+/refs/tags/android12-5.10-2023-07_r5,common-android12-5.10-2023-07,common-android12-5.10
android12-5.10-2023-07_r6,9aca00e0566134a23c2c16b930c4733462c66376,https://android.googlesource.com/kernel/common/+/refs/tags/android12-5.10-2023-07_r6,common-android12-5.10-2023-07,common-android12-5.10
android12-5.10-2023-07_r7,1732ff65e639ed79958b5266f1068e884fd83b8c,https://android.googlesource.com/kernel/common/+/refs/tags/android12-5.10-2023-07_r7,common-android12-5.10-2023-07,common-android12-5.10
android12-5.10-2023-07_r8,8cb74aa38ca33169173554e7d89e814d643731f7,https://android.googlesource.com/kernel/common/+/refs/tags/android12-5.10-2023-07_r8,common-android12-5.10-2023-07,common-android12-5.10
android12-5.10-2023-05_r1,c28be8ff1dd3084e9e1831add480a884ce4182e5,https://android.googlesource.com/kernel/common/+/refs/tags/android12-5.10-2023-05_r1,common-android12-5.10-2023-05,common-android12-5.10
android12-5.10-2023-05_r3,f3c080171fd54512f089948337fca43e2372825a,https://android.googlesource.com/kernel/common/+/refs/tags/android12-5.10-2023-05_r3,common-android12-5.10-2023-05,common-android12-5.10
android12-5.10-2023-05_r4,81e7418c6466ca1c3c6fc4a173fc4e2073a91af1,https://android.googlesource.com/kernel/common/+/refs/tags/android12-5.10-2023-05_r4,common-android12-5.10-2023-05,common-android12-5.10
android12-5.10-2023-05_r5,6b5f27dfba9d5368f2df2bef0baa1480d0745096,https://android.googlesource.com/kernel/common/+/refs/tags/android12-5.10-2023-05_r5,common-android12-5.10-2023-05,common-android12-5.10
android12-5.10-2023-05_r6,828a3b1f7462b10fdc8e2348feac3522594cfc84,https://android.googlesource.com/kernel/common/+/refs/tags/android12-5.10-2023-05_r6,common-android12-5.10-2023-05,common-android12-5.10
android12-5.10-2023-05_r7,26e4292d27d75830b09ba24d8c456d9d2eddec8e,https://android.googlesource.com/kernel/common/+/refs/tags/android12-5.10-2023-05_r7,common-android12-5.10-2023-05,common-android12-5.10
android12-5.10-2023-05_r8,f23f00da6b8ec6e2f99cc9659912c34fdee55237,https://android.googlesource.com/kernel/common/+/refs/tags/android12-5.10-2023-05_r8,common-android12-5.10-2023-05,common-android12-5.10
android12-5.10-2023-04_r1,61344663df420c35b7d70ac37c28880ffea72f51,https://android.googlesource.com/kernel/common/+/refs/tags/android12-5.10-2023-04_r1,common-android12-5.10-2023-04,common-android12-5.10
android12-5.10-2023-04_r2,5757b645f846d4b763a2c3ae77b888c8ade3faba,https://android.googlesource.com/kernel/common/+/refs/tags/android12-5.10-2023-04_r2,common-android12-5.10-2023-04,common-android12-5.10
android12-5.10-2023-04_r3,4ebef94338143ed53598d0a30b0961cc0688a324,https://android.googlesource.com/kernel/common/+/refs/tags/android12-5.10-2023-04_r3,common-android12-5.10-2023-04,common-android12-5.10
android12-5.10-2023-04_r5,7275c3b97f9e26a8371fb1faac64665537d632a1,https://android.googlesource.com/kernel/common/+/refs/tags/android12-5.10-2023-04_r5,common-android12-5.10-2023-04,common-android12-5.10
android12-5.10-2023-04_r6,9941e3736f5364ffcc897db92c6e2dddd3531edb,https://android.googlesource.com/kernel/common/+/refs/tags/android12-5.10-2023-04_r6,common-android12-5.10-2023-04,common-android12-5.10
android12-5.10-2023-04_r8,c873b6b86254df4ab54b5f80421767dda7bbe90f,https://android.googlesource.com/kernel/common/+/refs/tags/android12-5.10-2023-04_r8,common-android12-5.10-2023-04,common-android12-5.10
android12-5.10-2023-04_r9,5a3d57a3a6782ea9fe768c0055d107399b2b30d2,https://android.googlesource.com/kernel/common/+/refs/tags/android12-5.10-2023-04_r9,common-android12-5.10-2023-04,common-android12-5.10
android12-5.10-2023-03_r1,62f5fae173d8afb19749a1b78d8f11fb23d92164,https://android.googlesource.com/kernel/common/+/refs/tags/android12-5.10-2023-03_r1,common-android12-5.10-2023-03,common-android12-5.10
android12-5.10-2023-03_r2,581e0d4ef19ab3ca1472ce9f045f3e223df0c3eb,https://android.googlesource.com/kernel/common/+/refs/tags/android12-5.10-2023-03_r2,common-android12-5.10-2023-03,common-android12-5.10
android12-5.10-2023-03_r3,284a3a5b027d504be4ccd855bad60e73c2230c1d,https://android.googlesource.com/kernel/common/+/refs/tags/android12-5.10-2023-03_r3,common-android12-5.10-2023-03,common-android12-5.10
android12-5.10-2023-03_r4,ce543c269fb1886669514de2f2f97867ba28eef9,https://android.googlesource.com/kernel/common/+/refs/tags/android12-5.10-2023-03_r4,common-android12-5.10-2023-03,common-android12-5.10
android12-5.10-2023-03_r5,1b2c5934f8877d2fb345b3814e3a17f9dd2d32c4,https://android.googlesource.com/kernel/common/+/refs/tags/android12-5.10-2023-03_r5,common-android12-5.10-2023-03,common-android12-5.10
android12-5.10-2023-03_r6,473de68c2a4e23d1459f95d73819246696a0f2d2,https://android.googlesource.com/kernel/common/+/refs/tags/android12-5.10-2023-03_r6,common-android12-5.10-2023-03,common-android12-5.10
android12-5.10-2023-03_r7,e5cfec41c8e27d1fc28a5c0fae8a87ea385477fb,https://android.googlesource.com/kernel/common/+/refs/tags/android12-5.10-2023-03_r7,common-android12-5.10-2023-03,common-android12-5.10
android12-5.10-2023-03_r9,8f79a0c54af694579cdc4fcc8907179e118f0dc2,https://android.googlesource.com/kernel/common/+/refs/tags/android12-5.10-2023-03_r9,common-android12-5.10-2023-03,common-android12-5.10
android12-5.10-2023-02_r1,d40d310e5ea48fda20e144621a2abe0aa61cf39c,https://android.googlesource.com/kernel/common/+/refs/tags/android12-5.10-2023-02_r1,common-android12-5.10-2023-02,common-android12-5.10
android12-5.10-2023-02_r2,52836ddd51e8be9c0201d005995dce9a756e457a,https://android.googlesource.com/kernel/common/+/refs/tags/android12-5.10-2023-02_r2,common-android12-5.10-2023-02,common-android12-5.10
android12-5.10-2023-02_r3,bdaa8a6110e64c77cbd31db0f75a311a5b7ca9e9,https://android.googlesource.com/kernel/common/+/refs/tags/android12-5.10-2023-02_r3,common-android12-5.10-2023-02,common-android12-5.10
android12-5.10-2023-02_r5,cdf1ca7ff9349aed6220ecad05d4fc0cb7b18b17,https://android.googlesource.com/kernel/common/+/refs/tags/android12-5.10-2023-02_r5,common-android12-5.10-2023-02,common-android12-5.10
android12-5.10-2023-02_r6,db6b11a293eee973e39bfe831f33a7755c33c1be,https://android.googlesource.com/kernel/common/+/refs/tags/android12-5.10-2023-02_r6,common-android12-5.10-2023-02,common-android12-5.10
android12-5.10-2023-02_r7,ee9c5aba8693980969b28abe360f1ba026549345,https://android.googlesource.com/kernel/common/+/refs/tags/android12-5.10-2023-02_r7,common-android12-5.10-2023-02,common-android12-5.10
android12-5.10-2023-02_r9,a1d365a9a023a50006bdda48d1658158efeac623,https://android.googlesource.com/kernel/common/+/refs/tags/android12-5.10-2023-02_r9,common-android12-5.10-2023-02,common-android12-5.10
android12-5.10-2023-02_r11,11518ebf9bcc5beef148d8016900a407ea88dbda,https://android.googlesource.com/kernel/common/+/refs/tags/android12-5.10-2023-02_r11,common-android12-5.10-2023-02,common-android12-5.10
android12-5.10-2023-01_r1,c83ab50b6e835f5f63100153229944a10ea90763,https://android.googlesource.com/kernel/common/+/refs/tags/android12-5.10-2023-01_r1,common-android12-5.10-2023-01,common-android12-5.10
android12-5.10-2023-01_r2,da3d81545d1d789164aeb5918991f7a4c4844744,https://android.googlesource.com/kernel/common/+/refs/tags/android12-5.10-2023-01_r2,common-android12-5.10-2023-01,common-android12-5.10
android12-5.10-2023-01_r3,29a1d5a3718d31d58b9e7f419834d6bcb6c6669f,https://android.googlesource.com/kernel/common/+/refs/tags/android12-5.10-2023-01_r3,common-android12-5.10-2023-01,common-android12-5.10
android12-5.10-2023-01_r4,3fc09c682a84756c4ed807d6d1bb36abda2f531f,https://android.googlesource.com/kernel/common/+/refs/tags/android12-5.10-2023-01_r4,common-android12-5.10-2023-01,common-android12-5.10
android12-5.10-2023-01_r5,f0c68ea45c7b70e261007dd907812b988b5db82f,https://android.googlesource.com/kernel/common/+/refs/tags/android12-5.10-2023-01_r5,common-android12-5.10-2023-01,common-android12-5.10
android12-5.10-2023-01_r6,ad65d8d723287133ca73f68d006288bb7563fbfb,https://android.googlesource.com/kernel/common/+/refs/tags/android12-5.10-2023-01_r6,common-android12-5.10-2023-01,common-android12-5.10
android12-5.10-2022-12_r1,98671fcc32490eeb4eaec8fc2380bdc42ffb428e,https://android.googlesource.com/kernel/common/+/refs/tags/android12-5.10-2022-12_r1,common-android12-5.10-2022-12,common-android12-5.10
android12-5.10-2022-12_r2,f2bae31946a5ad95acbb2c602aa0f2f2aa7fb437,https://android.googlesource.com/kernel/common/+/refs/tags/android12-5.10-2022-12_r2,common-android12-5.10-2022-12,common-android12-5.10
android12-5.10-2022-12_r3,2ee67f3531b42c815260e20cbf7d40dd170b66b5,https://android.googlesource.com/kernel/common/+/refs/tags/android12-5.10-2022-12_r3,common-android12-5.10-2022-12,common-android12-5.10
android12-5.10-2022-12_r4,3e73a7de88d092824d4e995ae58ac5a6cd191d13,https://android.googlesource.com/kernel/common/+/refs/tags/android12-5.10-2022-12_r4,common-android12-5.10-2022-12,common-android12-5.10
android12-5.10-2022-12_r5,32460d036c17c09bf84c7e739fd9423772f95417,https://android.googlesource.com/kernel/common/+/refs/tags/android12-5.10-2022-12_r5,common-android12-5.10-2022-12,common-android12-5.10
android12-5.10-2022-12_r6,8d44cb1a9e4253fe215bcc16435564f8d2e42333,https://android.googlesource.com/kernel/common/+/refs/tags/android12-5.10-2022-12_r6,common-android12-5.10-2022-12,common-android12-5.10
android12-5.10-2022-12_r7,043baa2662a874c901a7c6e2dcc84e7d2665926d,https://android.googlesource.com/kernel/common/+/refs/tags/android12-5.10-2022-12_r7,common-android12-5.10-2022-12,common-android12-5.10
android12-5.10-2022-12_r8,230976ad916b89fd73f8ef67ef701a3d37ada7b3,https://android.googlesource.com/kernel/common/+/refs/tags/android12-5.10-2022-12_r8,common-android12-5.10-2022-12,common-android12-5.10
android12-5.10-2022-12_r9,b3f24990ab2233923d343bdeb7aafb1a8f5dd57f,https://android.googlesource.com/kernel/common/+/refs/tags/android12-5.10-2022-12_r9,common-android12-5.10-2022-12,common-android12-5.10
android12-5.10-2022-12_r10,bf38ab427610c0097953dcd5232d311d69710951,https://android.googlesource.com/kernel/common/+/refs/tags/android12-5.10-2022-12_r10,common-android12-5.10-2022-12,common-android12-5.10
android12-5.10-2022-12_r11,3f6804ea1eafd50da3c7e6dcfb83d10b788cbb1d,https://android.googlesource.com/kernel/common/+/refs/tags/android12-5.10-2022-12_r11,common-android12-5.10-2022-12,common-android12-5.10
android12-5.10-2022-12_r12,2285247b6a3341cb8df015c86507c467888b90fa,https://android.googlesource.com/kernel/common/+/refs/tags/android12-5.10-2022-12_r12,common-android12-5.10-2022-12,common-android12-5.10
android12-5.10-2022-12_r14,6bd08d107095ac76b3210aac75ee13576366885c,https://android.googlesource.com/kernel/common/+/refs/tags/android12-5.10-2022-12_r14,common-android12-5.10-2022-12,common-android12-5.10
android12-5.10-2022-11_r1,c5589c7eec414305c3afc44adbbf79b63a9a7120,https://android.googlesource.com/kernel/common/+/refs/tags/android12-5.10-2022-11_r1,common-android12-5.10-2022-11,common-android12-5.10
android12-5.10-2022-11_r2,f1bf7ee90f7a554c16ce9050be2e4785b7e5ef77,https://android.googlesource.com/kernel/common/+/refs/tags/android12-5.10-2022-11_r2,common-android12-5.10-2022-11,common-android12-5.10
android12-5.10-2022-11_r3,e5a89a4e3f9ed4c00939fb39ce0ce7c9fdc431ae,https://android.googlesource.com/kernel/common/+/refs/tags/android12-5.10-2022-11_r3,common-android12-5.10-2022-11,common-android12-5.10
android12-5.10-2022-11_r4,2b4f804f72e8d8157532cf32a679268a7a965ae6,https://android.googlesource.com/kernel/common/+/refs/tags/android12-5.10-2022-11_r4,common-android12-5.10-2022-11,common-android12-5.10
android12-5.10-2022-11_r5,975fb682de089abc7e24b779cb33a43be49bc9ae,https://android.googlesource.com/kernel/common/+/refs/tags/android12-5.10-2022-11_r5,common-android12-5.10-2022-11,common-android12-5.10
android12-5.10-2022-11_r6,d376479b15fe34b73c2e155040ec1ed7ec98690a,https://android.googlesource.com/kernel/common/+/refs/tags/android12-5.10-2022-11_r6,common-android12-5.10-2022-11,common-android12-5.10
android12-5.10-2022-11_r7,c9f59ef34367711a2a12a99162af152917d40dbc,https://android.googlesource.com/kernel/common/+/refs/tags/android12-5.10-2022-11_r7,common-android12-5.10-2022-11,common-android12-5.10
android12-5.10-2022-11_r8,ccf5ed5e3e3a0c94bb228dadb806d3b008bdd0eb,https://android.googlesource.com/kernel/common/+/refs/tags/android12-5.10-2022-11_r8,common-android12-5.10-2022-11,common-android12-5.10
android12-5.10-2022-11_r9,acef470b7119f23d6cad40106392ad07869e7063,https://android.googlesource.com/kernel/common/+/refs/tags/android12-5.10-2022-11_r9,common-android12-5.10-2022-11,common-android12-5.10
android12-5.10-2022-11_r10,fb4b7271c902a3401f54f5c3e55c366335949ffb,https://android.googlesource.com/kernel/common/+/refs/tags/android12-5.10-2022-11_r10,common-android12-5.10-2022-11,common-android12-5.10
android12-5.10-2022-11_r11,73f898ec1d54efcd0d38e0bc6ba194d93e265e6e,https://android.googlesource.com/kernel/common/+/refs/tags/android12-5.10-2022-11_r11,common-android12-5.10-2022-11,common-android12-5.10
android12-5.10-2022-11_r13,da4861ec14ada8fb2ff0e62bd7ca0e6a5a63368a,https://android.googlesource.com/kernel/common/+/refs/tags/android12-5.10-2022-11_r13,common-android12-5.10-2022-11,common-android12-5.10
android12-5.10-2022-11_r14,a0b645e69943d9a46922dfdfda53e00c73d5ab0c,https://android.googlesource.com/kernel/common/+/refs/tags/android12-5.10-2022-11_r14,common-android12-5.10-2022-11,common-android12-5.10
android12-5.10-2022-11_r15,b3068d3f716995296be6a25ee2a807c96fb73612,https://android.googlesource.com/kernel/common/+/refs/tags/android12-5.10-2022-11_r15,common-android12-5.10-2022-11,common-android12-5.10
android12-5.10-2022-10_r1,f9a66cbe70914bcf03184e9aa787ef1d6cd3d8fd,https://android.googlesource.com/kernel/common/+/refs/tags/android12-5.10-2022-10_r1,common-android12-5.10-2022-10,common-android12-5.10
android12-5.10-2022-10_r2,aff80ec64dc03305bbac81b608d8aa1920de2412,https://android.googlesource.com/kernel/common/+/refs/tags/android12-5.10-2022-10_r2,common-android12-5.10-2022-10,common-android12-5.10
android12-5.10-2022-10_r3,9171bbdc05b9daca374bf27449298dcf1fc21ecb,https://android.googlesource.com/kernel/common/+/refs/tags/android12-5.10-2022-10_r3,common-android12-5.10-2022-10,common-android12-5.10
android12-5.10-2022-10_r4,21155586ae88f5fb93da599e8a79a8c28a9b01ba,https://android.googlesource.com/kernel/common/+/refs/tags/android12-5.10-2022-10_r4,common-android12-5.10-2022-10,common-android12-5.10
android12-5.10-2022-10_r5,8970630c07cda8d0a0604d0ad81fc67f29f2420a,https://android.googlesource.com/kernel/common/+/refs/tags/android12-5.10-2022-10_r5,common-android12-5.10-2022-10,common-android12-5.10
android12-5.10-2022-10_r6,247b3151cef4f4f43987bbf868e2cf50728f1145,https://android.googlesource.com/kernel/common/+/refs/tags/android12-5.10-2022-10_r6,common-android12-5.10-2022-10,common-android12-5.10
android12-5.10-2022-10_r7,821df8f5bd36e40ca4c211b8773dff5f5307e34d,https://android.googlesource.com/kernel/common/+/refs/tags/android12-5.10-2022-10_r7,common-android12-5.10-2022-10,common-android12-5.10
android12-5.10-2022-10_r8,edd66c1997fb27ae8e76237c6e4d93d255f7c8d1,https://android.googlesource.com/kernel/common/+/refs/tags/android12-5.10-2022-10_r8,common-android12-5.10-2022-10,common-android12-5.10
android12-5.10-2022-10_r9,0a14829eda3af34d8cb08ddda5346eea7f2f8b90,https://android.googlesource.com/kernel/common/+/refs/tags/android12-5.10-2022-10_r9,common-android12-5.10-2022-10,common-android12-5.10
android12-5.10-2022-10_r10,a5de78edc8e622013aec8a4e49cb74955c98fea6,https://android.googlesource.com/kernel/common/+/refs/tags/android12-5.10-2022-10_r10,common-android12-5.10-2022-10,common-android12-5.10
android12-5.10-2022-10_r11,5b002c47c7e841f6883340e1b7be1ca29796a66e,https://android.googlesource.com/kernel/common/+/refs/tags/android12-5.10-2022-10_r11,common-android12-5.10-2022-10,common-android12-5.10
android12-5.10-2022-10_r12,c38b396f0413289daf7a9664ef2bb2865c3e3dc4,https://android.googlesource.com/kernel/common/+/refs/tags/android12-5.10-2022-10_r12,common-android12-5.10-2022-10,common-android12-5.10
android12-5.10-2022-10_r13,987d4745ed78ca0f958513bab62fa9de303f2676,https://android.googlesource.com/kernel/common/+/refs/tags/android12-5.10-2022-10_r13,common-android12-5.10-2022-10,common-android12-5.10
android12-5.10-2022-09_r1,95279078149abf6684fadbc7bb6a2ab49efeea18,https://android.googlesource.com/kernel/common/+/refs/tags/android12-5.10-2022-09_r1,common-android12-5.10-2022-09,common-android12-5.10
android12-5.10-2022-09_r2,10af956b38d074de701399b41175c09024df26ee,https://android.googlesource.com/kernel/common/+/refs/tags/android12-5.10-2022-09_r2,common-android12-5.10-2022-09,common-android12-5.10
android12-5.10-2022-09_r3,9687724b763521c0846b1f5be78ce46df48c5c3a,https://android.googlesource.com/kernel/common/+/refs/tags/android12-5.10-2022-09_r3,common-android12-5.10-2022-09,common-android12-5.10
android12-5.10-2022-09_r4,789bc335e9287239049f1c54b719941133f56c15,https://android.googlesource.com/kernel/common/+/refs/tags/android12-5.10-2022-09_r4,common-android12-5.10-2022-09,common-android12-5.10
android12-5.10-2022-09_r5,d4a04dd2cbd729341d1e8736efbcf0cd8013adeb,https://android.googlesource.com/kernel/common/+/refs/tags/android12-5.10-2022-09_r5,common-android12-5.10-2022-09,common-android12-5.10
android12-5.10-2022-09_r6,aed9aad0f25b6d345b494c30fec4bc7b04e7dc47,https://android.googlesource.com/kernel/common/+/refs/tags/android12-5.10-2022-09_r6,common-android12-5.10-2022-09,common-android12-5.10
android12-5.10-2022-09_r7,5cd23787dffa237b26d00b8786f1a2ea4a6a2702,https://android.googlesource.com/kernel/common/+/refs/tags/android12-5.10-2022-09_r7,common-android12-5.10-2022-09,common-android12-5.10
android12-5.10-2022-09_r8,546973f3ee82ab09e50fcb3c9216e1d38629108e,https://android.googlesource.com/kernel/common/+/refs/tags/android12-5.10-2022-09_r8,common-android12-5.10-2022-09,common-android12-5.10
android12-5.10-2022-09_r9,933f364ff746a0dda63056aa87a8da7d99e5a63e,https://android.googlesource.com/kernel/common/+/refs/tags/android12-5.10-2022-09_r9,common-android12-5.10-2022-09,common-android12-5.10
android12-5.10-2022-08_r1,91bfc78bc009e8afc8e6bbd153d3bd47118892cf,https://android.googlesource.com/kernel/common/+/refs/tags/android12-5.10-2022-08_r1,common-android12-5.10-2022-08,common-android12-5.10
android12-5.10-2022-08_r2,a192aab407c1b27db58d26996c1261b1e02608ae,https://android.googlesource.com/kernel/common/+/refs/tags/android12-5.10-2022-08_r2,common-android12-5.10-2022-08,common-android12-5.10
android12-5.10-2022-08_r3,08fdca636759a0e66cf642818f16eeb9e4e9af05,https://android.googlesource.com/kernel/common/+/refs/tags/android12-5.10-2022-08_r3,common-android12-5.10-2022-08,common-android12-5.10
android12-5.10-2022-08_r4,149034fbb17d5eddb2ca74f52410ca5d02105ad2,https://android.googlesource.com/kernel/common/+/refs/tags/android12-5.10-2022-08_r4,common-android12-5.10-2022-08,common-android12-5.10
android12-5.10-2022-08_r5,4f697d00dc2eb2b975ae8cf0134bab37832fc42f,https://android.googlesource.com/kernel/common/+/refs/tags/android12-5.10-2022-08_r5,common-android12-5.10-2022-08,common-android12-5.10
android12-5.10-2022-08_r6,932f0695978ce08ba891c2a70ff234617ec90d43,https://android.googlesource.com/kernel/common/+/refs/tags/android12-5.10-2022-08_r6,common-android12-5.10-2022-08,common-android12-5.10
android12-5.10-2022-08_r7,868bedc0423f85e070b4060fc7ebdf8115cb599c,https://android.googlesource.com/kernel/common/+/refs/tags/android12-5.10-2022-08_r7,common-android12-5.10-2022-08,common-android12-5.10
android12-5.10-2022-08_r8,57d23e3c019c6a9a6cd3fb8eaefc74141c2e126f,https://android.googlesource.com/kernel/common/+/refs/tags/android12-5.10-2022-08_r8,common-android12-5.10-2022-08,common-android12-5.10
android12-5.10-2022-07_r1,0e1cb2770027dfe01d429e0318377a997fd57dd0,https://android.googlesource.com/kernel/common/+/refs/tags/android12-5.10-2022-07_r1,common-android12-5.10-2022-07,common-android12-5.10
android12-5.10-2022-07_r2,93772777248d60ea08f39d9530c477911a5a6462,https://android.googlesource.com/kernel/common/+/refs/tags/android12-5.10-2022-07_r2,common-android12-5.10-2022-07,common-android12-5.10
android12-5.10-2022-07_r3,2c814f559132d8b623207b2145d25a264f6c4ae1,https://android.googlesource.com/kernel/common/+/refs/tags/android12-5.10-2022-07_r3,common-android12-5.10-2022-07,common-android12-5.10
android12-5.10-2022-07_r4,b64ef29292183d139860b2e55950810f419fd57c,https://android.googlesource.com/kernel/common/+/refs/tags/android12-5.10-2022-07_r4,common-android12-5.10-2022-07,common-android12-5.10
android12-5.10-2022-07_r5,64322048a8a4987bf27be696ad3f1cdce95e66ad,https://android.googlesource.com/kernel/common/+/refs/tags/android12-5.10-2022-07_r5,common-android12-5.10-2022-07,common-android12-5.10
android12-5.10-2022-07_r6,1883f5f59b5afd5fd382b5db2104f707ca5fa42e,https://android.googlesource.com/kernel/common/+/refs/tags/android12-5.10-2022-07_r6,common-android12-5.10-2022-07,common-android12-5.10
android12-5.10-2022-07_r7,8efa13274425cbc4da9fb08e1b768d5e020dcb2b,https://android.googlesource.com/kernel/common/+/refs/tags/android12-5.10-2022-07_r7,common-android12-5.10-2022-07,common-android12-5.10
android12-5.10-2022-07_r8,d458eff2fcc9ace928c3985849ae72dc47352ff6,https://android.googlesource.com/kernel/common/+/refs/tags/android12-5.10-2022-07_r8,common-android12-5.10-2022-07,common-android12-5.10
android12-5.10-2022-07_r9,a879425eb9bf786b84e816f2033b9deb3cecf490,https://android.googlesource.com/kernel/common/+/refs/tags/android12-5.10-2022-07_r9,common-android12-5.10-2022-07,common-android12-5.10
android12-5.10-2022-07_r10,9dcd489368dcd908b0eca645003ca444fa0c21d4,https://android.googlesource.com/kernel/common/+/refs/tags/android12-5.10-2022-07_r10,common-android12-5.10-2022-07,common-android12-5.10
android12-5.10-2022-07_r11,250cf569e1f8ec421ec230ebd1472e053b49f13a,https://android.googlesource.com/kernel/common/+/refs/tags/android12-5.10-2022-07_r11,common-android12-5.10-2022-07,common-android12-5.10
android12-5.10-2022-07_r12,eab64cd9664a89ddf6ec6fa3cbaa54941469eb80,https://android.googlesource.com/kernel/common/+/refs/tags/android12-5.10-2022-07_r12,common-android12-5.10-2022-07,common-android12-5.10
android12-5.10-2022-06_r1,b92ac325368e1afa927b500b36b4c5cd2a247167,https://android.googlesource.com/kernel/common/+/refs/tags/android12-5.10-2022-06_r1,common-android12-5.10-2022-06,common-android12-5.10
android12-5.10-2022-06_r2,4fc5e12e2daf9711416c093b7b83b9f562835cd1,https://android.googlesource.com/kernel/common/+/refs/tags/android12-5.10-2022-06_r2,common-android12-5.10-2022-06,common-android12-5.10
android12-5.10-2022-06_r3,1dabe722a2c6adadf48a9213f6b18dab5b99e67a,https://android.googlesource.com/kernel/common/+/refs/tags/android12-5.10-2022-06_r3,common-android12-5.10-2022-06,common-android12-5.10
android12-5.10-2022-06_r4,0ed1a419f47ba6dd2dc8badc930d24dc1b228be0,https://android.googlesource.com/kernel/common/+/refs/tags/android12-5.10-2022-06_r4,common-android12-5.10-2022-06,common-android12-5.10
android12-5.10-2022-06_r5,65fe4a39d46da21b6803647f5dc3ed02e172092a,https://android.googlesource.com/kernel/common/+/refs/tags/android12-5.10-2022-06_r5,common-android12-5.10-2022-06,common-android12-5.10
android12-5.10-2022-06_r6,ff1b18f14fbc5f0c6b7a3dacc40fe1a3ab62b68f,https://android.googlesource.com/kernel/common/+/refs/tags/android12-5.10-2022-06_r6,common-android12-5.10-2022-06,common-android12-5.10
android12-5.10-2022-06_r7,737961790eacb78c6ceb83d800cfad2941556b57,https://android.googlesource.com/kernel/common/+/refs/tags/android12-5.10-2022-06_r7,common-android12-5.10-2022-06,common-android12-5.10
android12-5.10-2022-05_r1,1292f517889e560101515ba02c26a904e4ee6964,https://android.googlesource.com/kernel/common/+/refs/tags/android12-5.10-2022-05_r1,common-android12-5.10-2022-05,common-android12-5.10
android12-5.10-2022-05_r2,57615ca25e7cc5da9e5b3227d2a980c83c652663,https://android.googlesource.com/kernel/common/+/refs/tags/android12-5.10-2022-05_r2,common-android12-5.10-2022-05,common-android12-5.10
android12-5.10-2022-05_r3,c8c4f7b5c457f65faed3d550d07240193f13a2c4,https://android.googlesource.com/kernel/common/+/refs/tags/android12-5.10-2022-05_r3,common-android12-5.10-2022-05,common-android12-5.10
android12-5.10-2022-05_r4,5c869f17e0ab91f811193c75130eacf7238355b4,https://android.googlesource.com/kernel/common/+/refs/tags/android12-5.10-2022-05_r4,common-android12-5.10-2022-05,common-android12-5.10
android12-5.10-2022-05_r5,df1a6703d7c7391a6cf4b6c5326f5656a4e75b92,https://android.googlesource.com/kernel/common/+/refs/tags/android12-5.10-2022-05_r5,common-android12-5.10-2022-05,common-android12-5.10
android12-5.10-2022-05_r6,78524b37003ddddc7550d262752d0ed4a1f6362f,https://android.googlesource.com/kernel/common/+/refs/tags/android12-5.10-2022-05_r6,common-android12-5.10-2022-05,common-android12-5.10
android12-5.10-2022-05_r7,69899fa4b802a81d03a14ffc59b3d11652caebb2,https://android.googlesource.com/kernel/common/+/refs/tags/android12-5.10-2022-05_r7,common-android12-5.10-2022-05,common-android12-5.10
android12-5.10-2022-05_r8,39cc9b2386ef821a401d6e097aeab8f65594cecf,https://android.googlesource.com/kernel/common/+/refs/tags/android12-5.10-2022-05_r8,common-android12-5.10-2022-05,common-android12-5.10
android12-5.10-2022-05_r9,18dcade5bb634dfe63a44035b392781dc56653fd,https://android.googlesource.com/kernel/common/+/refs/tags/android12-5.10-2022-05_r9,common-android12-5.10-2022-05,common-android12-5.10
android12-5.10-2022-05_r10,61478849d5b25a3c78b20421b773b83879bc1371,https://android.googlesource.com/kernel/common/+/refs/tags/android12-5.10-2022-05_r10,common-android12-5.10-2022-05,common-android12-5.10
android12-5.10-2022-05_r11,c1c758b29de3296ff2f9f943b096fcd6a461c93e,https://android.googlesource.com/kernel/common/+/refs/tags/android12-5.10-2022-05_r11,common-android12-5.10-2022-05,common-android12-5.10
android12-5.10-2022-05_r12,30979850fc20320b49f9df8c5783165203dd5eac,https://android.googlesource.com/kernel/common/+/refs/tags/android12-5.10-2022-05_r12,common-android12-5.10-2022-05,common-android12-5.10
android12-5.10-2022-04_r1,9608dc38a0d051efad3932ed5e9d604a70917be3,https://android.googlesource.com/kernel/common/+/refs/tags/android12-5.10-2022-04_r1,common-android12-5.10-2022-04,common-android12-5.10
android12-5.10-2022-04_r2,0fb7dc78c77bb4b783715bed1f0b1c793ab63ad6,https://android.googlesource.com/kernel/common/+/refs/tags/android12-5.10-2022-04_r2,common-android12-5.10-2022-04,common-android12-5.10
android12-5.10-2022-04_r3,23316b952934505aba11fb0b605cade5038ecad9,https://android.googlesource.com/kernel/common/+/refs/tags/android12-5.10-2022-04_r3,common-android12-5.10-2022-04,common-android12-5.10
android12-5.10-2022-04_r4,f4c0e37dbcde2d3bf3e078bc0ab092d67f7b2598,https://android.googlesource.com/kernel/common/+/refs/tags/android12-5.10-2022-04_r4,common-android12-5.10-2022-04,common-android12-5.10
android12-5.10-2022-04_r5,07b13725c3ff273ec6d1a0b74a9995a9ec8a1154,https://android.googlesource.com/kernel/common/+/refs/tags/android12-5.10-2022-04_r5,common-android12-5.10-2022-04,common-android12-5.10
android12-5.10-2022-04_r6,4c8b638d301764bfb2527e4c86805467197856ba,https://android.googlesource.com/kernel/common/+/refs/tags/android12-5.10-2022-04_r6,common-android12-5.10-2022-04,common-android12-5.10
android12-5.10-2022-04_r7,be85a61c653733c7301a71384321a53b7bb62d46,https://android.googlesource.com/kernel/common/+/refs/tags/android12-5.10-2022-04_r7,common-android12-5.10-2022-04,common-android12-5.10
android12-5.10-2022-04_r8,31bda3ab99fda4f8c621fc28f0a5d13e0822a266,https://android.googlesource.com/kernel/common/+/refs/tags/android12-5.10-2022-04_r8,common-android12-5.10-2022-04,common-android12-5.10
android12-5.10-2022-04_r9,cacb3a3fc9e74585c57b0fe2620fa573f87f0936,https://android.googlesource.com/kernel/common/+/refs/tags/android12-5.10-2022-04_r9,common-android12-5.10-2022-04,common-android12-5.10
android12-5.10-2022-04_r10,1b6eff567caeb54eb6682dae65fe99589a413a26,https://android.googlesource.com/kernel/common/+/refs/tags/android12-5.10-2022-04_r10,common-android12-5.10-2022-04,common-android12-5.10
android12-5.10-2022-04_r11,eba97ec9aba6c3c1a82f839222e9ba2316b9d24c,https://android.googlesource.com/kernel/common/+/refs/tags/android12-5.10-2022-04_r11,common-android12-5.10-2022-04,common-android12-5.10
android12-5.10-2022-04_r12,e660be55c68372bb8f5b88c8bb2c1e7c4586055d,https://android.googlesource.com/kernel/common/+/refs/tags/android12-5.10-2022-04_r12,common-android12-5.10-2022-04,common-android12-5.10
android12-5.10-2022-04_r13,932476a379dd19487f9276f6d64fe327d6d98705,https://android.googlesource.com/kernel/common/+/refs/tags/android12-5.10-2022-04_r13,common-android12-5.10-2022-04,common-android12-5.10
android12-5.10-2022-04_r14,a829d48e78bd5b69cc582077f1a0169e484609f1,https://android.googlesource.com/kernel/common/+/refs/tags/android12-5.10-2022-04_r14,common-android12-5.10-2022-04,common-android12-5.10
android12-5.10-2022-04_r15,accd5f17fc64971c04bc62887698732f3f037869,https://android.googlesource.com/kernel/common/+/refs/tags/android12-5.10-2022-04_r15,common-android12-5.10-2022-04,common-android12-5.10
android12-5.10-2022-04_r16,822a6b0993b96190a65ea4dacc52c580ea6c3e4e,https://android.googlesource.com/kernel/common/+/refs/tags/android12-5.10-2022-04_r16,common-android12-5.10-2022-04,common-android12-5.10
android12-5.10-2022-04_r17,97fa123f1205f8f0818f88664e5f5ee7ed043666,https://android.googlesource.com/kernel/common/+/refs/tags/android12-5.10-2022-04_r17,common-android12-5.10-2022-04,common-android12-5.10
android12-5.10-2022-04_r18,e2ccd2db469a63fb50796923240aa59f1a41b278,https://android.googlesource.com/kernel/common/+/refs/tags/android12-5.10-2022-04_r18,common-android12-5.10-2022-04,common-android12-5.10
android12-5.10-2022-04_r19,1d85f1faeb33f3e21a8825b541e9c994c2977621,https://android.googlesource.com/kernel/common/+/refs/tags/android12-5.10-2022-04_r19,common-android12-5.10-2022-04,common-android12-5.10
android12-5.10-2022-04_r20,2ef2c255513339eaaed4da5640565bb840b9ed98,https://android.googlesource.com/kernel/common/+/refs/tags/android12-5.10-2022-04_r20,common-android12-5.10-2022-04,common-android12-5.10
android12-5.10-2022-03_r1,306d827cfbb9633f5be11438b2fc8922bf4d2b3c,https://android.googlesource.com/kernel/common/+/refs/tags/android12-5.10-2022-03_r1,common-android12-5.10-2022-03,common-android12-5.10
android12-5.10-2022-03_r2,64099431c232d4a95f621411747a3972cc1c8061,https://android.googlesource.com/kernel/common/+/refs/tags/android12-5.10-2022-03_r2,common-android12-5.10-2022-03,common-android12-5.10
android12-5.10-2022-03_r3,6cd504626bae8cf2143449b6a731134e6aa52337,https://android.googlesource.com/kernel/common/+/refs/tags/android12-5.10-2022-03_r3,common-android12-5.10-2022-03,common-android12-5.10
android12-5.10-2022-03_r4,ce5963469cb42a79c04d0c62286d6d0377c84988,https://android.googlesource.com/kernel/common/+/refs/tags/android12-5.10-2022-03_r4,common-android12-5.10-2022-03,common-android12-5.10
android12-5.10-2022-03_r5,eba40aecb3b7b9b88eac1e367e57632a70ec8436,https://android.googlesource.com/kernel/common/+/refs/tags/android12-5.10-2022-03_r5,common-android12-5.10-2022-03,common-android12-5.10
android12-5.10-2022-03_r6,19c16239b619fcb83f5461dba68c8b29b863be1b,https://android.googlesource.com/kernel/common/+/refs/tags/android12-5.10-2022-03_r6,common-android12-5.10-2022-03,common-android12-5.10
android12-5.10-2022-03_r7,d2462d0ef79940deec2a0da04e2d15ac4fcfe1d8,https://android.googlesource.com/kernel/common/+/refs/tags/android12-5.10-2022-03_r7,common-android12-5.10-2022-03,common-android12-5.10
android12-5.10-2022-03_r8,6ce40baf06d6c7d2ec1e41b7e648d4265f214324,https://android.googlesource.com/kernel/common/+/refs/tags/android12-5.10-2022-03_r8,common-android12-5.10-2022-03,common-android12-5.10
android12-5.10-2022-03_r9,7fc715ac8b1f4de422f4f899c325419b3316c3e6,https://android.googlesource.com/kernel/common/+/refs/tags/android12-5.10-2022-03_r9,common-android12-5.10-2022-03,common-android12-5.10
android12-5.10-2022-03_r10,e55695bfb4d632502c40e388d27510f55603f02f,https://android.googlesource.com/kernel/common/+/refs/tags/android12-5.10-2022-03_r10,common-android12-5.10-2022-03,common-android12-5.10
android12-5.10-2022-03_r11,1b6575b6e690f91e334bebe734cffb941724e131,https://android.googlesource.com/kernel/common/+/refs/tags/android12-5.10-2022-03_r11,common-android12-5.10-2022-03,common-android12-5.10
android12-5.10-2022-02_r1,ac848ed7b744bdf0848d277d4e335718bea95022,https://android.googlesource.com/kernel/common/+/refs/tags/android12-5.10-2022-02_r1,common-android12-5.10-2022-02,common-android12-5.10
android12-5.10-2022-02_r2,32c0a362f1a90ddf603ecd83a47a5b8e2b7a12fb,https://android.googlesource.com/kernel/common/+/refs/tags/android12-5.10-2022-02_r2,common-android12-5.10-2022-02,common-android12-5.10
android12-5.10-2022-02_r3,b3d00261974b38bdc18babbff7e76acd89c97a83,https://android.googlesource.com/kernel/common/+/refs/tags/android12-5.10-2022-02_r3,common-android12-5.10-2022-02,common-android12-5.10
android12-5.10-2022-02_r4,5021e99a9b14e858c83d1512ab49ef505573eb8e,https://android.googlesource.com/kernel/common/+/refs/tags/android12-5.10-2022-02_r4,common-android12-5.10-2022-02,common-android12-5.10
android12-5.10-2022-02_r5,701b63864dcb290ea3c7046bce46d04df3898e01,https://android.googlesource.com/kernel/common/+/refs/tags/android12-5.10-2022-02_r5,common-android12-5.10-2022-02,common-android12-5.10
android12-5.10-2022-02_r6,7cc60ad38e74bed6361d7dbfb468442893dcdaa4,https://android.googlesource.com/kernel/common/+/refs/tags/android12-5.10-2022-02_r6,common-android12-5.10-2022-02,common-android12-5.10
android12-5.10-2022-02_r7,a2e9331d5289e765054e50cd21848a3fb47faec4,https://android.googlesource.com/kernel/common/+/refs/tags/android12-5.10-2022-02_r7,common-android12-5.10-2022-02,common-android12-5.10
android12-5.10-2022-02_r8,b6d99a9cd4fb5cb19372da436c433f9f41df2e3b,https://android.googlesource.com/kernel/common/+/refs/tags/android12-5.10-2022-02_r8,common-android12-5.10-2022-02,common-android12-5.10
android12-5.10-2022-02_r9,673a27d598d100fb8cde2862c3b4904ba60107c0,https://android.googlesource.com/kernel/common/+/refs/tags/android12-5.10-2022-02_r9,common-android12-5.10-2022-02,common-android12-5.10
android12-5.10-2022-01_r1,2c152aa3294204d893708aac1a15c9da2957b553,https://android.googlesource.com/kernel/common/+/refs/tags/android12-5.10-2022-01_r1,common-android12-5.10-2022-01,common-android12-5.10
android12-5.10-2022-01_r2,41ff3fa8fff918b606611e072784412503462934,https://android.googlesource.com/kernel/common/+/refs/tags/android12-5.10-2022-01_r2,common-android12-5.10-2022-01,common-android12-5.10
android12-5.10-2022-01_r3,d262b276948e382dbaa38474845bac692bae4236,https://android.googlesource.com/kernel/common/+/refs/tags/android12-5.10-2022-01_r3,common-android12-5.10-2022-01,common-android12-5.10
android12-5.10-2022-01_r4,ebeb2f5293b0771d408c49c3ee9c18cec78bd4c6,https://android.googlesource.com/kernel/common/+/refs/tags/android12-5.10-2022-01_r4,common-android12-5.10-2022-01,common-android12-5.10
android12-5.10-2022-01_r5,17c6a0da4bb1ee0407e1e9f366517c4133cbbb72,https://android.googlesource.com/kernel/common/+/refs/tags/android12-5.10-2022-01_r5,common-android12-5.10-2022-01,common-android12-5.10
android12-5.10-2022-01_r6,f1c0d54324d480fd833c7aa4e93cf253a544cb60,https://android.googlesource.com/kernel/common/+/refs/tags/android12-5.10-2022-01_r6,common-android12-5.10-2022-01,common-android12-5.10
android12-5.10-2022-01_r7,b07e00934ab759ba39dafa47b3ba46d8d65d63c3,https://android.googlesource.com/kernel/common/+/refs/tags/android12-5.10-2022-01_r7,common-android12-5.10-2022-01,common-android12-5.10
android12-5.10-2022-01_r8,27f0089268dfb3f1f0af65c96d87bd3df6444319,https://android.googlesource.com/kernel/common/+/refs/tags/android12-5.10-2022-01_r8,common-android12-5.10-2022-01,common-android12-5.10
android12-5.10-2022-01_r9,fcaa842da670a7fadbc7587f7b424de39e0503ad,https://android.googlesource.com/kernel/common/+/refs/tags/android12-5.10-2022-01_r9,common-android12-5.10-2022-01,common-android12-5.10
android12-5.10-2022-01_r10,103108d84f3c9ae0edf41b35d7ccc2e3068f926c,https://android.googlesource.com/kernel/common/+/refs/tags/android12-5.10-2022-01_r10,common-android12-5.10-2022-01,common-android12-5.10
android12-5.10-2022-01_r11,0dcd69acf8037dc637d2938f95c3ec6f65fafd5f,https://android.googlesource.com/kernel/common/+/refs/tags/android12-5.10-2022-01_r11,common-android12-5.10-2022-01,common-android12-5.10
android12-5.10-2021-12_r1,2d6a43c0364d3bb0c5c00b0a32b27f4c7740e004,https://android.googlesource.com/kernel/common/+/refs/tags/android12-5.10-2021-12_r1,common-android12-5.10-2021-12,common-android12-5.10
android12-5.10-2021-12_r2,f311b7c365d38f5967b5a59c4e6703943aa5db55,https://android.googlesource.com/kernel/common/+/refs/tags/android12-5.10-2021-12_r2,common-android12-5.10-2021-12,common-android12-5.10
android12-5.10-2021-12_r3,c2d27c6fcdba4fc891145f2907c2f89ba820ff47,https://android.googlesource.com/kernel/common/+/refs/tags/android12-5.10-2021-12_r3,common-android12-5.10-2021-12,common-android12-5.10
android12-5.10-2021-12_r4,982761134d974e5ec66bd02c18df9b3e2d61dbb4,https://android.googlesource.com/kernel/common/+/refs/tags/android12-5.10-2021-12_r4,common-android12-5.10-2021-12,common-android12-5.10
android12-5.10-2021-12_r5,f6e6376090be9947858bd25eb96473c7069f7235,https://android.googlesource.com/kernel/common/+/refs/tags/android12-5.10-2021-12_r5,common-android12-5.10-2021-12,common-android12-5.10
android12-5.10-2021-12_r6,51e133b6e4eb00703d3b3fe71cc2447ebd9fb4a8,https://android.googlesource.com/kernel/common/+/refs/tags/android12-5.10-2021-12_r6,common-android12-5.10-2021-12,common-android12-5.10
android12-5.10-2021-12_r7,d62cc1eb30527b10aa4ecd1d5b5958cd3754c7e5,https://android.googlesource.com/kernel/common/+/refs/tags/android12-5.10-2021-12_r7,common-android12-5.10-2021-12,common-android12-5.10
android12-5.10-2021-12_r8,66c74c58ab38fb1f5edb12b8bace4cf5bbad2cfd,https://android.googlesource.com/kernel/common/+/refs/tags/android12-5.10-2021-12_r8,common-android12-5.10-2021-12,common-android12-5.10
android12-5.10-2021-12_r9,dbbb7b2f16b9fa3c706fe5b8c234431b97108bec,https://android.googlesource.com/kernel/common/+/refs/tags/android12-5.10-2021-12_r9,common-android12-5.10-2021-12,common-android12-5.10
android12-5.10-2021-12_r10,119bd7adf9459bb16f21923e655847c8b3541719,https://android.googlesource.com/kernel/common/+/refs/tags/android12-5.10-2021-12_r10,common-android12-5.10-2021-12,common-android12-5.10
android12-5.10-2021-12_r11,0e509674fe0cc91cc9714e286a38898cf97a597a,https://android.googlesource.com/kernel/common/+/refs/tags/android12-5.10-2021-12_r11,common-android12-5.10-2021-12,common-android12-5.10
android12-5.10-2021-12_r12,7394b8473c42260c8afe65ac3b6516a0a18e7317,https://android.googlesource.com/kernel/common/+/refs/tags/android12-5.10-2021-12_r12,common-android12-5.10-2021-12,common-android12-5.10
android12-5.10-2021-12_r13,5cc34ea9be830d34efdc055ae38dd187dbd624cf,https://android.googlesource.com/kernel/common/+/refs/tags/android12-5.10-2021-12_r13,common-android12-5.10-2021-12,common-android12-5.10
android12-5.10-2021-12_r14,2fd357bff37f468f79d7de54d2c7cf401457fb72,https://android.googlesource.com/kernel/common/+/refs/tags/android12-5.10-2021-12_r14,common-android12-5.10-2021-12,common-android12-5.10
android12-5.10-2021-11_r1,fa9c9074531e448cf3647d6984b3122619c1834a,https://android.googlesource.com/kernel/common/+/refs/tags/android12-5.10-2021-11_r1,common-android12-5.10-2021-11,common-android12-5.10
android12-5.10-2021-11_r2,4cc02f33ba8d888717958e6e80e8a2144cb16f95,https://android.googlesource.com/kernel/common/+/refs/tags/android12-5.10-2021-11_r2,common-android12-5.10-2021-11,common-android12-5.10
android12-5.10-2021-11_r3,d70e147568ea10788ac3b1023fbe49fb4ed12b5b,https://android.googlesource.com/kernel/common/+/refs/tags/android12-5.10-2021-11_r3,common-android12-5.10-2021-11,common-android12-5.10
android12-5.10-2021-11_r4,6bf5e72fb23161981764cefa93bfec5e6911314c,https://android.googlesource.com/kernel/common/+/refs/tags/android12-5.10-2021-11_r4,common-android12-5.10-2021-11,common-android12-5.10
android12-5.10-2021-11_r5,185cd252b88240680ef98916b7dbc0d289346681,https://android.googlesource.com/kernel/common/+/refs/tags/android12-5.10-2021-11_r5,common-android12-5.10-2021-11,common-android12-5.10
android12-5.10-2021-11_r6,6207e9121a093289b249b66385af719b68c4b889,https://android.googlesource.com/kernel/common/+/refs/tags/android12-5.10-2021-11_r6,common-android12-5.10-2021-11,common-android12-5.10
android12-5.10-2021-11_r7,a9f3bc80bafa7d108fdefe039a805b5f52b2d52d,https://android.googlesource.com/kernel/common/+/refs/tags/android12-5.10-2021-11_r7,common-android12-5.10-2021-11,common-android12-5.10
android12-5.10-2021-11_r9,80aba0d0c5bdd246bfb888fe21cb9e1e8afcabe5,https://android.googlesource.com/kernel/common/+/refs/tags/android12-5.10-2021-11_r9,common-android12-5.10-2021-11,common-android12-5.10
android12-5.10-2021-11_r10,d98e659b531a66766ff8c2855b8f92bb128b1293,https://android.googlesource.com/kernel/common/+/refs/tags/android12-5.10-2021-11_r10,common-android12-5.10-2021-11,common-android12-5.10
android12-5.10-2021-11_r11,aecc76226171bece2b000fb252e17303947f7505,https://android.googlesource.com/kernel/common/+/refs/tags/android12-5.10-2021-11_r11,common-android12-5.10-2021-11,common-android12-5.10
android12-5.10-2021-11_r12,7b2a31bce4d8565bec8c647d3d12ae23fbd9eb1c,https://android.googlesource.com/kernel/common/+/refs/tags/android12-5.10-2021-11_r12,common-android12-5.10-2021-11,common-android12-5.10
android12-5.10-2021-11_r13,817f661dfd9a38252a484755119891026ecd1464,https://android.googlesource.com/kernel/common/+/refs/tags/android12-5.10-2021-11_r13,common-android12-5.10-2021-11,common-android12-5.10
android12-5.10-2021-11_r14,83cbf18b7dcdafd816c9c7ad409b295285dc46ff,https://android.googlesource.com/kernel/common/+/refs/tags/android12-5.10-2021-11_r14,common-android12-5.10-2021-11,common-android12-5.10
android12-5.10-2021-11_r15,e78ef919db8439d8e66e84464a98eaf26604853e,https://android.googlesource.com/kernel/common/+/refs/tags/android12-5.10-2021-11_r15,common-android12-5.10-2021-11,common-android12-5.10
android12-5.10-2021-11_r16,eb9f9532b3ea7e6f10491da271c75ea75ad8bd8f,https://android.googlesource.com/kernel/common/+/refs/tags/android12-5.10-2021-11_r16,common-android12-5.10-2021-11,common-android12-5.10
android12-5.10-2021-11_r17,ad76c241fc7b51aea679a1c75dd0c2ab31ad487b,https://android.googlesource.com/kernel/common/+/refs/tags/android12-5.10-2021-11_r17,common-android12-5.10-2021-11,common-android12-5.10
android12-5.10-2021-11_r18,ecb1680ff95520cba5a9ec6a938110819b0d764e,https://android.googlesource.com/kernel/common/+/refs/tags/android12-5.10-2021-11_r18,common-android12-5.10-2021-11,common-android12-5.10
android12-5.10-2021-11_r19,b43597465b4da35ae252cb4a52f59523f9cc30e4,https://android.googlesource.com/kernel/common/+/refs/tags/android12-5.10-2021-11_r19,common-android12-5.10-2021-11,common-android12-5.10
android12-5.10-2021-11_r20,dc4677876dca6ac7d2ff28b51571eebb87256d94,https://android.googlesource.com/kernel/common/+/refs/tags/android12-5.10-2021-11_r20,common-android12-5.10-2021-11,common-android12-5.10
android12-5.10-2021-10_r1,142d4b0ce255c0faeee56eb76cd789e9ebcd9365,https://android.googlesource.com/kernel/common/+/refs/tags/android12-5.10-2021-10_r1,common-android12-5.10-2021-10,common-android12-5.10
android12-5.10-2021-10_r2,36209b18d9cd7091e1975e74a7b22484dd2fe8bc,https://android.googlesource.com/kernel/common/+/refs/tags/android12-5.10-2021-10_r2,common-android12-5.10-2021-10,common-android12-5.10
android12-5.10-2021-10_r3,a30f389804403563a5b062bca5d2b961d775967c,https://android.googlesource.com/kernel/common/+/refs/tags/android12-5.10-2021-10_r3,common-android12-5.10-2021-10,common-android12-5.10
android12-5.10-2021-10_r4,c29dd2d95c8b9cae248f9dc716b12f39b75e88a2,https://android.googlesource.com/kernel/common/+/refs/tags/android12-5.10-2021-10_r4,common-android12-5.10-2021-10,common-android12-5.10
android12-5.10-2021-10_r5,5369db4507b0f1e91f525379a20aa2b5d4ef10a0,https://android.googlesource.com/kernel/common/+/refs/tags/android12-5.10-2021-10_r5,common-android12-5.10-2021-10,common-android12-5.10
android12-5.10-2021-10_r6,35cf24fadaec6dbfd4f8be31dd94d88b14d70926,https://android.googlesource.com/kernel/common/+/refs/tags/android12-5.10-2021-10_r6,common-android12-5.10-2021-10,common-android12-5.10
android12-5.10-2021-10_r7,0a34c7517efd483986833a3bb884eff3b743fff7,https://android.googlesource.com/kernel/common/+/refs/tags/android12-5.10-2021-10_r7,common-android12-5.10-2021-10,common-android12-5.10
android12-5.10-2021-09_r1,aae44f81e3f55ebc8b52f0985b8cde6abf4d4ddb,https://android.googlesource.com/kernel/common/+/refs/tags/android12-5.10-2021-09_r1,common-android12-5.10-2021-09,common-android12-5.10
android12-5.10-2021-09_r2,02d62d5cece1a9136b1697c9c6440f91017965f1,https://android.googlesource.com/kernel/common/+/refs/tags/android12-5.10-2021-09_r2,common-android12-5.10-2021-09,common-android12-5.10
android12-5.10-2021-09_r3,75798fd300494e3604e48790b479db7e66516df2,https://android.googlesource.com/kernel/common/+/refs/tags/android12-5.10-2021-09_r3,common-android12-5.10-2021-09,common-android12-5.10
android12-5.10-2021-09_r4,81b72c68a34d4c7eaa8fa12a4371a1157deb6259,https://android.googlesource.com/kernel/common/+/refs/tags/android12-5.10-2021-09_r4,common-android12-5.10-2021-09,common-android12-5.10
android12-5.10-2021-09_r5,ece338aaa6b4bdf1c505c64f6b391e5cfabbfee5,https://android.googlesource.com/kernel/common/+/refs/tags/android12-5.10-2021-09_r5,common-android12-5.10-2021-09,common-android12-5.10
android12-5.10-2021-09_r6,0a07ca4e42c839ccc8cfcfa63078c9cb580c7d3b,https://android.googlesource.com/kernel/common/+/refs/tags/android12-5.10-2021-09_r6,common-android12-5.10-2021-09,common-android12-5.10
android12-5.10-2021-09_r7,740f7fbe5f3917e0a5fa0582b98543af4a15a7ba,https://android.googlesource.com/kernel/common/+/refs/tags/android12-5.10-2021-09_r7,common-android12-5.10-2021-09,common-android12-5.10
android12-5.10-2021-09_r8,9771767708df4fcf51cd1642e041c804a86e740c,https://android.googlesource.com/kernel/common/+/refs/tags/android12-5.10-2021-09_r8,common-android12-5.10-2021-09,common-android12-5.10
android12-5.10-2021-09_r10,6199e6ee5eb89ff79d8f0fa18a345d93e05f0e5e,https://android.googlesource.com/kernel/common/+/refs/tags/android12-5.10-2021-09_r10,common-android12-5.10-2021-09,common-android12-5.10
android12-5.10-2021-08_r1,62a5f8e3accffd371afdff1652975e80d7dab30e,https://android.googlesource.com/kernel/common/+/refs/tags/android12-5.10-2021-08_r1,common-android12-5.10-2021-08,common-android12-5.10
android12-5.10-2021-08_r2,9c8a83ea83e95b3a1bd9fdea0bf761fa12420f5d,https://android.googlesource.com/kernel/common/+/refs/tags/android12-5.10-2021-08_r2,common-android12-5.10-2021-08,common-android12-5.10
android12-5.10-2021-08_r3,57e4362066b8e78bcd33503437a7bf653257b097,https://android.googlesource.com/kernel/common/+/refs/tags/android12-5.10-2021-08_r3,common-android12-5.10-2021-08,common-android12-5.10
android12-5.10-2021-08_r4,fe9069667a5af7b74caa501c945d7482d324e9e5,https://android.googlesource.com/kernel/common/+/refs/tags/android12-5.10-2021-08_r4,common-android12-5.10-2021-08,common-android12-5.10
android12-5.10-2021-08_r5,77bed6e259f718093b0de891122c1783d97d884b,https://android.googlesource.com/kernel/common/+/refs/tags/android12-5.10-2021-08_r5,common-android12-5.10-2021-08,common-android12-5.10
android12-5.10-2021-08_r6,20654ea2ea00ebadfd77529d67bfc47b7e535a5d,https://android.googlesource.com/kernel/common/+/refs/tags/android12-5.10-2021-08_r6,common-android12-5.10-2021-08,common-android12-5.10
android12-5.10-2021-08_r7,dc6f8f5a229b54aeb8fc27ef61d0b5016a25fa3f,https://android.googlesource.com/kernel/common/+/refs/tags/android12-5.10-2021-08_r7,common-android12-5.10-2021-08,common-android12-5.10
android12-5.10-2021-07_r1,fdc46110cba92f793d47e22a39689aac36dc0840,https://android.googlesource.com/kernel/common/+/refs/tags/android12-5.10-2021-07_r1,,common-android12-5.10
android12-5.10-2021-07_r2,e39c9adc6268c5cc598364195d4cd82b48709567,https://android.googlesource.com/kernel/common/+/refs/tags/android12-5.10-2021-07_r2,,common-android12-5.10
android12-5.10-2021-07_r3,4be155626125321b52f27d38f5a8527e6c6b79a5,https://android.googlesource.com/kernel/common/+/refs/tags/android12-5.10-2021-07_r3,,common-android12-5.10
android12-5.10-2021-07_r4,376ecc3723427e8f701e26b9e6d66e7003214477,https://android.googlesource.com/kernel/common/+/refs/tags/android12-5.10-2021-07_r4,,common-android12-5.10
android12-5.10-2021-07_r5,5b153f189546d4dc818931f58fd5b5d16f445d41,https://android.googlesource.com/kernel/common/+/refs/tags/android12-5.10-2021-07_r5,,common-android12-5.10
android12-5.10-2021-07_r6,8924937542055a16cdee42c835c8326d8d531564,https://android.googlesource.com/kernel/common/+/refs/tags/android12-5.10-2021-07_r6,,common-android12-5.10
android12-5.10-2021-07_r7,4fb696975cddeee6a7a4975a68fdb85320b68d11,https://android.googlesource.com/kernel/common/+/refs/tags/android12-5.10-2021-07_r7,,common-android12-5.10
android12-5.10-2021-07_r8,3b35c4eea2dab91205e2c62f28065daf62629278,https://android.googlesource.com/kernel/common/+/refs/tags/android12-5.10-2021-07_r8,,common-android12-5.10
android12-5.10-2021-07_r9,78c6219a9776701faf1b30d45e161da7a44e9c88,https://android.googlesource.com/kernel/common/+/refs/tags/android12-5.10-2021-07_r9,,common-android12-5.10
android12-5.10-2021-07_r10,20480292a6c652d8180c6b45e4b2a73b32e49338,https://android.googlesource.com/kernel/common/+/refs/tags/android12-5.10-2021-07_r10,,common-android12-5.10
android12-5.10-2021-07_r11,0632e69469f5500c91ae76128c2b3232d3633268,https://android.googlesource.com/kernel/common/+/refs/tags/android12-5.10-2021-07_r11,,common-android12-5.10
android12-5.10-2021-07_r12,6b5101a5720784d91a53168bfbc90c940ee6817f,https://android.googlesource.com/kernel/common/+/refs/tags/android12-5.10-2021-07_r12,,common-android12-5.10
android13-5.10-2026-01_r1,7a721dfe7a169f8cf273701f2f8d6f4bd11d158c,https://android.googlesource.com/kernel/common/+/refs/tags/android13-5.10-2026-01_r1,common-android13-5.10-2026-01,common-android13-5.10
android13-5.10-2025-10_r1,9f7404df22344076e4d63864b2a60eefb0ce6fed,https://android.googlesource.com/kernel/common/+/refs/tags/android13-5.10-2025-10_r1,common-android13-5.10-2025-10,common-android13-5.10
android13-5.10-2025-10_r2,241c3233dc73d290ea2018bf3b77e5d131fb5aa4,https://android.googlesource.com/kernel/common/+/refs/tags/android13-5.10-2025-10_r2,common-android13-5.10-2025-10,common-android13-5.10
android13-5.10-2025-07_r1,079f40606a37526cc57bf9501b46d50b47cd7e40,https://android.googlesource.com/kernel/common/+/refs/tags/android13-5.10-2025-07_r1,common-android13-5.10-2025-07,common-android13-5.10
android13-5.10-2025-07_r2,75ffdd081f85facbae080541f9780a3657013b3e,https://android.googlesource.com/kernel/common/+/refs/tags/android13-5.10-2025-07_r2,common-android13-5.10-2025-07,common-android13-5.10
android13-5.10-2025-05_r1,ddfe089e2cec754ada82621f9c3f5dc15caf2ce5,https://android.googlesource.com/kernel/common/+/refs/tags/android13-5.10-2025-05_r1,common-android13-5.10-2025-05,common-android13-5.10
android13-5.10-2025-05_r2,41122b1e55ca43d32da632004d93d512e5ffa6d2,https://android.googlesource.com/kernel/common/+/refs/tags/android13-5.10-2025-05_r2,common-android13-5.10-2025-05,common-android13-5.10
android13-5.10-2025-05_r3,18fd921e573085efffc60403f6580ea685762218,https://android.googlesource.com/kernel/common/+/refs/tags/android13-5.10-2025-05_r3,common-android13-5.10-2025-05,common-android13-5.10
android13-5.10-2025-03_r1,8b4b4f374c8983ffd88b782fc845a0f46ee6e209,https://android.googlesource.com/kernel/common/+/refs/tags/android13-5.10-2025-03_r1,common-android13-5.10-2025-03,common-android13-5.10
android13-5.10-2025-03_r2,5bf0eeab2ff3089dccfe8d854c9f8c2b6a93da50,https://android.googlesource.com/kernel/common/+/refs/tags/android13-5.10-2025-03_r2,common-android13-5.10-2025-03,common-android13-5.10
android13-5.10-2025-03_r3,129ea3dfb7c994a84030e32a31b3ebd1abbe44d8,https://android.googlesource.com/kernel/common/+/refs/tags/android13-5.10-2025-03_r3,common-android13-5.10-2025-03,common-android13-5.10
android13-5.10-2025-01_r1,136bac6645bb5c4490ec3dcb3b1071fb49f98085,https://android.googlesource.com/kernel/common/+/refs/tags/android13-5.10-2025-01_r1,common-android13-5.10-2025-01,common-android13-5.10
android13-5.10-2025-01_r2,f9c3d28677e58f00dbb149f842167dbad447d8c9,https://android.googlesource.com/kernel/common/+/refs/tags/android13-5.10-2025-01_r2,common-android13-5.10-2025-01,common-android13-5.10
android13-5.10-2025-01_r3,a046441b78f6d4d14dfed2a6226f56c1a700778f,https://android.googlesource.com/kernel/common/+/refs/tags/android13-5.10-2025-01_r3,common-android13-5.10-2025-01,common-android13-5.10
android13-5.10-2024-11_r1,793f4053315a758e8733ce46a28a4d831279d299,https://android.googlesource.com/kernel/common/+/refs/tags/android13-5.10-2024-11_r1,common-android13-5.10-2024-11,common-android13-5.10
android13-5.10-2024-11_r2,c4f8881830df36b08ccb23e3a8a882169cdbbede,https://android.googlesource.com/kernel/common/+/refs/tags/android13-5.10-2024-11_r2,common-android13-5.10-2024-11,common-android13-5.10
android13-5.10-2024-11_r3,2f2004095d68cfe06e068bbf7eef8603760b4716,https://android.googlesource.com/kernel/common/+/refs/tags/android13-5.10-2024-11_r3,common-android13-5.10-2024-11,common-android13-5.10
android13-5.10-2024-11_r4,6b993e20fb5e711f79984ea378472b2913e9cac0,https://android.googlesource.com/kernel/common/+/refs/tags/android13-5.10-2024-11_r4,common-android13-5.10-2024-11,common-android13-5.10
android13-5.10-2024-11_r5,d4578ddad068dda83e9a2f1f2a9bcdc0e64b943c,https://android.googlesource.com/kernel/common/+/refs/tags/android13-5.10-2024-11_r5,common-android13-5.10-2024-11,common-android13-5.10
android13-5.10-2024-11_r6,1bfd3970bf7909f65a52c554ad7c1a9e2d53df88,https://android.googlesource.com/kernel/common/+/refs/tags/android13-5.10-2024-11_r6,common-android13-5.10-2024-11,common-android13-5.10
android13-5.10-2024-09_r1,6dbddaa091a12e3deeeeecaddf89103148781f34,https://android.googlesource.com/kernel/common/+/refs/tags/android13-5.10-2024-09_r1,common-android13-5.10-2024-09,common-android13-5.10
android13-5.10-2024-09_r3,cf582d88fed4e079fe1c155cede586a634a45d1e,https://android.googlesource.com/kernel/common/+/refs/tags/android13-5.10-2024-09_r3,common-android13-5.10-2024-09,common-android13-5.10
android13-5.10-2024-09_r4,76a73c74369374f2fcc7230ab1cc6a1b5fde287c,https://android.googlesource.com/kernel/common/+/refs/tags/android13-5.10-2024-09_r4,common-android13-5.10-2024-09,common-android13-5.10
android13-5.10-2024-09_r5,b0853d92666feef1a47255a6662977726e2b4056,https://android.googlesource.com/kernel/common/+/refs/tags/android13-5.10-2024-09_r5,common-android13-5.10-2024-09,common-android13-5.10
android13-5.10-2024-08_r1,ee55fb371489bbe42bebaf8a13e3eafbcaad8826,https://android.googlesource.com/kernel/common/+/refs/tags/android13-5.10-2024-08_r1,common-android13-5.10-2024-08,common-android13-5.10
android13-5.10-2024-08_r2,ddc2f859b93a4c8327fa968befcb86193f690081,https://android.googlesource.com/kernel/common/+/refs/tags/android13-5.10-2024-08_r2,common-android13-5.10-2024-08,common-android13-5.10
android13-5.10-2024-08_r3,4976eac3e283582e450248826e60509a02d778a0,https://android.googlesource.com/kernel/common/+/refs/tags/android13-5.10-2024-08_r3,common-android13-5.10-2024-08,common-android13-5.10
android13-5.10-2024-08_r4,9ace7db4ef6ac427d52de4d0f4b1b49313385c42,https://android.googlesource.com/kernel/common/+/refs/tags/android13-5.10-2024-08_r4,common-android13-5.10-2024-08,common-android13-5.10
android13-5.10-2024-08_r5,2b5aab2979f80a81aaeb0f479c51c13b6680900c,https://android.googlesource.com/kernel/common/+/refs/tags/android13-5.10-2024-08_r5,common-android13-5.10-2024-08,common-android13-5.10
android13-5.10-2024-07_r1,4c868a6e89f513ad87da42757e9e83cc193bc094,https://android.googlesource.com/kernel/common/+/refs/tags/android13-5.10-2024-07_r1,common-android13-5.10-2024-07,common-android13-5.10
android13-5.10-2024-07_r2,c9d4853686565c10ae86bb4b6d607b6ca2e56a98,https://android.googlesource.com/kernel/common/+/refs/tags/android13-5.10-2024-07_r2,common-android13-5.10-2024-07,common-android13-5.10
android13-5.10-2024-07_r3,eda2373a76b005884fedc9e754e2bf5e77106cb0,https://android.googlesource.com/kernel/common/+/refs/tags/android13-5.10-2024-07_r3,common-android13-5.10-2024-07,common-android13-5.10
android13-5.10-2024-07_r4,62d26972ebb6fc81ad2ade42df544c1b5292d640,https://android.googlesource.com/kernel/common/+/refs/tags/android13-5.10-2024-07_r4,common-android13-5.10-2024-07,common-android13-5.10
android13-5.10-2024-07_r6,93d7ac633861fbb7f6b1116cbf6adc26634eaf5b,https://android.googlesource.com/kernel/common/+/refs/tags/android13-5.10-2024-07_r6,common-android13-5.10-2024-07,common-android13-5.10
android13-5.10-2024-07_r7,bf689bebc250ad8983ff1319da21dfae6466dd69,https://android.googlesource.com/kernel/common/+/refs/tags/android13-5.10-2024-07_r7,common-android13-5.10-2024-07,common-android13-5.10
android13-5.10-2024-07_r8,d3e117a03e2e1bdcd7f6fb83e0c097e2b4fe258c,https://android.googlesource.com/kernel/common/+/refs/tags/android13-5.10-2024-07_r8,common-android13-5.10-2024-07,common-android13-5.10
android13-5.10-2024-07_r9,54748cd9e76ce69f200c22cfa62ad9d3d3c9f5f2,https://android.googlesource.com/kernel/common/+/refs/tags/android13-5.10-2024-07_r9,common-android13-5.10-2024-07,common-android13-5.10
android13-5.10-2024-07_r10,5188a1c3a41169c296dc9218bafe16eb83eaa1f0,https://android.googlesource.com/kernel/common/+/refs/tags/android13-5.10-2024-07_r10,common-android13-5.10-2024-07,common-android13-5.10
android13-5.10-2024-07_r11,a6b6a852f6f8a93e7e18947d2c55fffe608d566b,https://android.googlesource.com/kernel/common/+/refs/tags/android13-5.10-2024-07_r11,common-android13-5.10-2024-07,common-android13-5.10
android13-5.10-2024-07_r12,caea3d66e6354eddebc4a35a61249fe7bf674562,https://android.googlesource.com/kernel/common/+/refs/tags/android13-5.10-2024-07_r12,common-android13-5.10-2024-07,common-android13-5.10
android13-5.10-2024-06_r1,01b71f836fecd1f30d66a44634c2264964e547cf,https://android.googlesource.com/kernel/common/+/refs/tags/android13-5.10-2024-06_r1,common-android13-5.10-2024-06,common-android13-5.10
android13-5.10-2024-06_r2,d98b2c0b1c3892e6b50cd6b29b4e18742b3dde11,https://android.googlesource.com/kernel/common/+/refs/tags/android13-5.10-2024-06_r2,common-android13-5.10-2024-06,common-android13-5.10
android13-5.10-2024-06_r4,0b23b381e9255770316f12ea6d7c4cbfe85c46b2,https://android.googlesource.com/kernel/common/+/refs/tags/android13-5.10-2024-06_r4,common-android13-5.10-2024-06,common-android13-5.10
android13-5.10-2024-06_r5,8d1040e12b48c5f52a4c98a72d6169e60de934fe,https://android.googlesource.com/kernel/common/+/refs/tags/android13-5.10-2024-06_r5,common-android13-5.10-2024-06,common-android13-5.10
android13-5.10-2024-06_r6,154abf7587858b6f3df79a1e935973c52b1613a5,https://android.googlesource.com/kernel/common/+/refs/tags/android13-5.10-2024-06_r6,common-android13-5.10-2024-06,common-android13-5.10
android13-5.10-2024-06_r7,bc801e851d2cd9f8d44075ae4333f2975f8487bf,https://android.googlesource.com/kernel/common/+/refs/tags/android13-5.10-2024-06_r7,common-android13-5.10-2024-06,common-android13-5.10
android13-5.10-2024-05_r1,7e9c226bff2e2da09c790adddf6aff0caf6488cf,https://android.googlesource.com/kernel/common/+/refs/tags/android13-5.10-2024-05_r1,common-android13-5.10-2024-05,common-android13-5.10
android13-5.10-2024-05_r2,d2c58c63c961befc97b88ef69d68d81164190772,https://android.googlesource.com/kernel/common/+/refs/tags/android13-5.10-2024-05_r2,common-android13-5.10-2024-05,common-android13-5.10
android13-5.10-2024-05_r3,dc58696205140292fbfa15b264099ae626eab833,https://android.googlesource.com/kernel/common/+/refs/tags/android13-5.10-2024-05_r3,common-android13-5.10-2024-05,common-android13-5.10
android13-5.10-2024-05_r4,30a74bc098b8aa9c8c2a6c5159b598a38446504d,https://android.googlesource.com/kernel/common/+/refs/tags/android13-5.10-2024-05_r4,common-android13-5.10-2024-05,common-android13-5.10
android13-5.10-2024-05_r5,28a6e1ad779ce4471e7084849280b569db5033e6,https://android.googlesource.com/kernel/common/+/refs/tags/android13-5.10-2024-05_r5,common-android13-5.10-2024-05,common-android13-5.10
android13-5.10-2024-05_r6,53f60c5322f7883820cebbe3b24ac1cb0791c885,https://android.googlesource.com/kernel/common/+/refs/tags/android13-5.10-2024-05_r6,common-android13-5.10-2024-05,common-android13-5.10
android13-5.10-2024-05_r8,17e85e80b43286be30209a3ef25906efa8b88ff3,https://android.googlesource.com/kernel/common/+/refs/tags/android13-5.10-2024-05_r8,common-android13-5.10-2024-05,common-android13-5.10
android13-5.10-2024-05_r10,78bdb24d4c7233590da79344b0c6f4bb65e2443a,https://android.googlesource.com/kernel/common/+/refs/tags/android13-5.10-2024-05_r10,common-android13-5.10-2024-05,common-android13-5.10
android13-5.10-2024-05_r11,bd6dda98a13e6a6274861048f29d9c83c6cf97ee,https://android.googlesource.com/kernel/common/+/refs/tags/android13-5.10-2024-05_r11,common-android13-5.10-2024-05,common-android13-5.10
android13-5.10-2024-04_r1,5cf4e80c9ab28d113d32ab995c6d290105b67e57,https://android.googlesource.com/kernel/common/+/refs/tags/android13-5.10-2024-04_r1,common-android13-5.10-2024-04,common-android13-5.10
android13-5.10-2024-04_r3,39df2333fb1f8edc78e1b159dd790e535b9b1e63,https://android.googlesource.com/kernel/common/+/refs/tags/android13-5.10-2024-04_r3,common-android13-5.10-2024-04,common-android13-5.10
android13-5.10-2024-04_r4,eae51347d2ac6b379a13166c4bcaa4cf8b05639f,https://android.googlesource.com/kernel/common/+/refs/tags/android13-5.10-2024-04_r4,common-android13-5.10-2024-04,common-android13-5.10
android13-5.10-2024-04_r6,b284a6ade725ec69eb4e1eead707b16ea5f87e7b,https://android.googlesource.com/kernel/common/+/refs/tags/android13-5.10-2024-04_r6,common-android13-5.10-2024-04,common-android13-5.10
android13-5.10-2024-04_r7,6bd3bb4dc513b825c9a7350f158522d20c34e41e,https://android.googlesource.com/kernel/common/+/refs/tags/android13-5.10-2024-04_r7,common-android13-5.10-2024-04,common-android13-5.10
android13-5.10-2024-04_r8,bd6d8357378e3107caeceb9f5840ae5861f3505c,https://android.googlesource.com/kernel/common/+/refs/tags/android13-5.10-2024-04_r8,common-android13-5.10-2024-04,common-android13-5.10
android13-5.10-2024-03_r1,0b0ea758d153f1406b5d5694c194183bfcd6ef0c,https://android.googlesource.com/kernel/common/+/refs/tags/android13-5.10-2024-03_r1,common-android13-5.10-2024-03,common-android13-5.10
android13-5.10-2024-03_r2,b26824bed88d7ef26dcfc12d6ccc9a5176df6fa1,https://android.googlesource.com/kernel/common/+/refs/tags/android13-5.10-2024-03_r2,common-android13-5.10-2024-03,common-android13-5.10
android13-5.10-2024-03_r3,e6bddd0827bd4879ef7236e2792bcc3f00cb8a55,https://android.googlesource.com/kernel/common/+/refs/tags/android13-5.10-2024-03_r3,common-android13-5.10-2024-03,common-android13-5.10
android13-5.10-2024-03_r4,9e73b9b9f8d19b653ed43752dfde896847628dcf,https://android.googlesource.com/kernel/common/+/refs/tags/android13-5.10-2024-03_r4,common-android13-5.10-2024-03,common-android13-5.10
android13-5.10-2024-03_r5,9dc10a6592da4510f337512d4984c82d53b51b3c,https://android.googlesource.com/kernel/common/+/refs/tags/android13-5.10-2024-03_r5,common-android13-5.10-2024-03,common-android13-5.10
android13-5.10-2024-03_r7,2b2357f0d86e7cb345e6cb5064220091e58eeb31,https://android.googlesource.com/kernel/common/+/refs/tags/android13-5.10-2024-03_r7,common-android13-5.10-2024-03,common-android13-5.10
android13-5.10-2024-02_r1,23628607fd7aa6e8bf368eac3f18882f38c6e623,https://android.googlesource.com/kernel/common/+/refs/tags/android13-5.10-2024-02_r1,common-android13-5.10-2024-02,common-android13-5.10
android13-5.10-2024-02_r2,60884ac3c67a73bb8337ef011d350ab7c726848c,https://android.googlesource.com/kernel/common/+/refs/tags/android13-5.10-2024-02_r2,common-android13-5.10-2024-02,common-android13-5.10
android13-5.10-2024-02_r3,532729b8d2b1c4638c8d934ccd85a87c360fa7ad,https://android.googlesource.com/kernel/common/+/refs/tags/android13-5.10-2024-02_r3,common-android13-5.10-2024-02,common-android13-5.10
android13-5.10-2024-02_r4,9116864df12906817c25edc6a97ae2849c229019,https://android.googlesource.com/kernel/common/+/refs/tags/android13-5.10-2024-02_r4,common-android13-5.10-2024-02,common-android13-5.10
android13-5.10-2024-02_r5,271b09aaea98a307992719985505b2b740df43ca,https://android.googlesource.com/kernel/common/+/refs/tags/android13-5.10-2024-02_r5,common-android13-5.10-2024-02,common-android13-5.10
android13-5.10-2024-02_r6,64038c868fda16fb6501e2e7777e8e3b407381f9,https://android.googlesource.com/kernel/common/+/refs/tags/android13-5.10-2024-02_r6,common-android13-5.10-2024-02,common-android13-5.10
android13-5.10-2024-02_r8,b5999fc591634b301a968fac01c942d0c8666392,https://android.googlesource.com/kernel/common/+/refs/tags/android13-5.10-2024-02_r8,common-android13-5.10-2024-02,common-android13-5.10
android13-5.10-2024-01_r1,0b84d89c30eefd3318d039e5660f03ffb2ecb24c,https://android.googlesource.com/kernel/common/+/refs/tags/android13-5.10-2024-01_r1,common-android13-5.10-2024-01,common-android13-5.10
android13-5.10-2024-01_r2,11d7e4f57f688287511f911187ada11784b4263d,https://android.googlesource.com/kernel/common/+/refs/tags/android13-5.10-2024-01_r2,common-android13-5.10-2024-01,common-android13-5.10
android13-5.10-2024-01_r3,03d375b29809a93450da370228c7f6b86ca3ed4c,https://android.googlesource.com/kernel/common/+/refs/tags/android13-5.10-2024-01_r3,common-android13-5.10-2024-01,common-android13-5.10
android13-5.10-2024-01_r4,9f82443753a923d3eaa72004b59cc54bb52744cd,https://android.googlesource.com/kernel/common/+/refs/tags/android13-5.10-2024-01_r4,common-android13-5.10-2024-01,common-android13-5.10
android13-5.10-2024-01_r5,78e051b2cbd1899bb77f6b19abd5fa15dd9fa7a9,https://android.googlesource.com/kernel/common/+/refs/tags/android13-5.10-2024-01_r5,common-android13-5.10-2024-01,common-android13-5.10
android13-5.10-2024-01_r6,162fb647d635ced4ae8bf50c36a45205b470a02f,https://android.googlesource.com/kernel/common/+/refs/tags/android13-5.10-2024-01_r6,common-android13-5.10-2024-01,common-android13-5.10
android13-5.10-2024-01_r7,7a2aa337ab8235460c1efa92a846eaeade5f2514,https://android.googlesource.com/kernel/common/+/refs/tags/android13-5.10-2024-01_r7,common-android13-5.10-2024-01,common-android13-5.10
android13-5.10-2024-01_r9,12f3388846c3a8887a607afe1481ccc283455d89,https://android.googlesource.com/kernel/common/+/refs/tags/android13-5.10-2024-01_r9,common-android13-5.10-2024-01,common-android13-5.10
android13-5.10-2024-01_r10,891e1954cf233ac972442805f7195355ddc96464,https://android.googlesource.com/kernel/common/+/refs/tags/android13-5.10-2024-01_r10,common-android13-5.10-2024-01,common-android13-5.10
android13-5.10-2024-01_r11,258ff14e5715a96e79b166c27ca3bea4ee502683,https://android.googlesource.com/kernel/common/+/refs/tags/android13-5.10-2024-01_r11,common-android13-5.10-2024-01,common-android13-5.10
android13-5.10-2024-01_r13,b228a35a1cf6b4a478ef735b88a7414155818854,https://android.googlesource.com/kernel/common/+/refs/tags/android13-5.10-2024-01_r13,common-android13-5.10-2024-01,common-android13-5.10
android13-5.10-2023-12_r1,2488984317380f5cd94ba9d2fc76e1918f375e13,https://android.googlesource.com/kernel/common/+/refs/tags/android13-5.10-2023-12_r1,common-android13-5.10-2023-12,common-android13-5.10
android13-5.10-2023-12_r2,36e2d8870aee56a82a98d067b4548e28848b78e3,https://android.googlesource.com/kernel/common/+/refs/tags/android13-5.10-2023-12_r2,common-android13-5.10-2023-12,common-android13-5.10
android13-5.10-2023-12_r3,610a5878b060d3c50c9a2398a1993c07ffe3d670,https://android.googlesource.com/kernel/common/+/refs/tags/android13-5.10-2023-12_r3,common-android13-5.10-2023-12,common-android13-5.10
android13-5.10-2023-12_r4,32099ac29625d29920e56a2d4632871a919e9c78,https://android.googlesource.com/kernel/common/+/refs/tags/android13-5.10-2023-12_r4,common-android13-5.10-2023-12,common-android13-5.10
android13-5.10-2023-12_r5,1c869c8f264cec5b4151c4dfa9aa133592fc3a94,https://android.googlesource.com/kernel/common/+/refs/tags/android13-5.10-2023-12_r5,common-android13-5.10-2023-12,common-android13-5.10
android13-5.10-2023-12_r7,61e6e38341fdfbf69e8467e10c02e583fff45359,https://android.googlesource.com/kernel/common/+/refs/tags/android13-5.10-2023-12_r7,common-android13-5.10-2023-12,common-android13-5.10
android13-5.10-2023-11_r1,4a17384380d80175aa17dc7d6741e2c0ff2b077b,https://android.googlesource.com/kernel/common/+/refs/tags/android13-5.10-2023-11_r1,common-android13-5.10-2023-11,common-android13-5.10
android13-5.10-2023-11_r2,aabd368e268a9fc3d5ffc337f915319ee0af7e16,https://android.googlesource.com/kernel/common/+/refs/tags/android13-5.10-2023-11_r2,common-android13-5.10-2023-11,common-android13-5.10
android13-5.10-2023-11_r3,1217bb583cc564249b0d9297254d85b00086747e,https://android.googlesource.com/kernel/common/+/refs/tags/android13-5.10-2023-11_r3,common-android13-5.10-2023-11,common-android13-5.10
android13-5.10-2023-11_r4,2d287d1f298896624b62cee564c44a78ded8e769,https://android.googlesource.com/kernel/common/+/refs/tags/android13-5.10-2023-11_r4,common-android13-5.10-2023-11,common-android13-5.10
android13-5.10-2023-11_r5,45afa591c450bb42d3e92fbf4f5e4ec27a4bb9ac,https://android.googlesource.com/kernel/common/+/refs/tags/android13-5.10-2023-11_r5,common-android13-5.10-2023-11,common-android13-5.10
android13-5.10-2023-11_r6,110ebceae0d6b2ff4e416a0e028512b9944e8bf1,https://android.googlesource.com/kernel/common/+/refs/tags/android13-5.10-2023-11_r6,common-android13-5.10-2023-11,common-android13-5.10
android13-5.10-2023-11_r7,c9b265edf34a83d20360f30a5b5e73a668fba323,https://android.googlesource.com/kernel/common/+/refs/tags/android13-5.10-2023-11_r7,common-android13-5.10-2023-11,common-android13-5.10
android13-5.10-2023-11_r8,05e96487968358c04cee28ce35e551e3e64caad7,https://android.googlesource.com/kernel/common/+/refs/tags/android13-5.10-2023-11_r8,common-android13-5.10-2023-11,common-android13-5.10
android13-5.10-2023-11_r9,954bf2e979a4c001f7a84f41032d37dce7768cff,https://android.googlesource.com/kernel/common/+/refs/tags/android13-5.10-2023-11_r9,common-android13-5.10-2023-11,common-android13-5.10
android13-5.10-2023-11_r10,5dba713fc9ccbf4ab5e1911f771d04981a1bace5,https://android.googlesource.com/kernel/common/+/refs/tags/android13-5.10-2023-11_r10,common-android13-5.10-2023-11,common-android13-5.10
android13-5.10-2023-11_r12,522f89846dbf9ff1fd2853cb6e048f5f588e024c,https://android.googlesource.com/kernel/common/+/refs/tags/android13-5.10-2023-11_r12,common-android13-5.10-2023-11,common-android13-5.10
android13-5.10-2023-10_r1,716f23cafdcb8a2baed6c4de2b7a4b832599e827,https://android.googlesource.com/kernel/common/+/refs/tags/android13-5.10-2023-10_r1,common-android13-5.10-2023-10,common-android13-5.10
android13-5.10-2023-10_r2,b01046db4211fb256f7ac5d448ee9da8efcdd02d,https://android.googlesource.com/kernel/common/+/refs/tags/android13-5.10-2023-10_r2,common-android13-5.10-2023-10,common-android13-5.10
android13-5.10-2023-10_r3,56d9760293fe31a2ec30d8ba38c63afbc50f0976,https://android.googlesource.com/kernel/common/+/refs/tags/android13-5.10-2023-10_r3,common-android13-5.10-2023-10,common-android13-5.10
android13-5.10-2023-10_r4,ea688af3bf6d186b0bc701fa49e7ff761e9a0c80,https://android.googlesource.com/kernel/common/+/refs/tags/android13-5.10-2023-10_r4,common-android13-5.10-2023-10,common-android13-5.10
android13-5.10-2023-10_r5,45d7a6a9ea17282dd21bf8960afb68c47b4dc18f,https://android.googlesource.com/kernel/common/+/refs/tags/android13-5.10-2023-10_r5,common-android13-5.10-2023-10,common-android13-5.10
android13-5.10-2023-10_r7,67d264388c28ac991096c9c16a5fa562bb8933fd,https://android.googlesource.com/kernel/common/+/refs/tags/android13-5.10-2023-10_r7,common-android13-5.10-2023-10,common-android13-5.10
android13-5.10-2023-09_r1,57aa73c665a97fcbab70ac8952e59881c9af2dd8,https://android.googlesource.com/kernel/common/+/refs/tags/android13-5.10-2023-09_r1,common-android13-5.10-2023-09,common-android13-5.10
android13-5.10-2023-09_r2,f261bd3e1390fc04ace8d93a514f85c3ca6bfc54,https://android.googlesource.com/kernel/common/+/refs/tags/android13-5.10-2023-09_r2,common-android13-5.10-2023-09,common-android13-5.10
android13-5.10-2023-09_r3,cda6d2b8f3ad537032f598f23f76144adb1cf56f,https://android.googlesource.com/kernel/common/+/refs/tags/android13-5.10-2023-09_r3,common-android13-5.10-2023-09,common-android13-5.10
android13-5.10-2023-08_r1,84766282df88429197ceba347fe7b71e564b6905,https://android.googlesource.com/kernel/common/+/refs/tags/android13-5.10-2023-08_r1,common-android13-5.10-2023-08,common-android13-5.10
android13-5.10-2023-08_r2,bc5f8489c99363b2943f624550a38bb906726edd,https://android.googlesource.com/kernel/common/+/refs/tags/android13-5.10-2023-08_r2,common-android13-5.10-2023-08,common-android13-5.10
android13-5.10-2023-08_r3,859f49c40db2e2fd1cc7aaa71bbe625158cfab17,https://android.googlesource.com/kernel/common/+/refs/tags/android13-5.10-2023-08_r3,common-android13-5.10-2023-08,common-android13-5.10
android13-5.10-2023-08_r4,dd0b820f23387c412f23092ac04b0b0fbbbe8778,https://android.googlesource.com/kernel/common/+/refs/tags/android13-5.10-2023-08_r4,common-android13-5.10-2023-08,common-android13-5.10
android13-5.10-2023-07_r1,095779598358372afc3c5a871ce030420258d327,https://android.googlesource.com/kernel/common/+/refs/tags/android13-5.10-2023-07_r1,common-android13-5.10-2023-07,common-android13-5.10
android13-5.10-2023-07_r2,25f5bdcfedb91ec1716828714a152ad01cc1bd95,https://android.googlesource.com/kernel/common/+/refs/tags/android13-5.10-2023-07_r2,common-android13-5.10-2023-07,common-android13-5.10
android13-5.10-2023-07_r3,72f44c7ec874f62785860fcb81b4f5ca116910d8,https://android.googlesource.com/kernel/common/+/refs/tags/android13-5.10-2023-07_r3,common-android13-5.10-2023-07,common-android13-5.10
android13-5.10-2023-07_r4,4196d8b16bcf0e26f8e484d9a65627bdde40729a,https://android.googlesource.com/kernel/common/+/refs/tags/android13-5.10-2023-07_r4,common-android13-5.10-2023-07,common-android13-5.10
android13-5.10-2023-07_r5,acbc9bacfebca3bdc11d2ef89738be0d6e4eb232,https://android.googlesource.com/kernel/common/+/refs/tags/android13-5.10-2023-07_r5,common-android13-5.10-2023-07,common-android13-5.10
android13-5.10-2023-07_r6,26f26d83ca3669401dc1faaf987a84a6b7fe7b1a,https://android.googlesource.com/kernel/common/+/refs/tags/android13-5.10-2023-07_r6,common-android13-5.10-2023-07,common-android13-5.10
android13-5.10-2023-07_r7,53314a3dfb6890ab9fb3f2155532d00238186864,https://android.googlesource.com/kernel/common/+/refs/tags/android13-5.10-2023-07_r7,common-android13-5.10-2023-07,common-android13-5.10
android13-5.10-2023-07_r8,a7208022a7eae833d9803e517b93b53feb2d10f2,https://android.googlesource.com/kernel/common/+/refs/tags/android13-5.10-2023-07_r8,common-android13-5.10-2023-07,common-android13-5.10
android13-5.10-2023-07_r9,1c7ac0509362ff05b41ccebc31609d93612a25f9,https://android.googlesource.com/kernel/common/+/refs/tags/android13-5.10-2023-07_r9,common-android13-5.10-2023-07,common-android13-5.10
android13-5.10-2023-07_r10,b4635069ea88113591f3c7778d19d03895e0aa9a,https://android.googlesource.com/kernel/common/+/refs/tags/android13-5.10-2023-07_r10,common-android13-5.10-2023-07,common-android13-5.10
android13-5.10-2023-07_r11,3c5c00dc8f42af0d829a087155b14da307560cdb,https://android.googlesource.com/kernel/common/+/refs/tags/android13-5.10-2023-07_r11,common-android13-5.10-2023-07,common-android13-5.10
android13-5.10-2023-07_r12,4e221c34c08eada6809dff58f8b684afd7d51028,https://android.googlesource.com/kernel/common/+/refs/tags/android13-5.10-2023-07_r12,common-android13-5.10-2023-07,common-android13-5.10
android13-5.10-2023-07_r13,79bdd9cda9f832f9c3798e026a7b3946d86d7f56,https://android.googlesource.com/kernel/common/+/refs/tags/android13-5.10-2023-07_r13,common-android13-5.10-2023-07,common-android13-5.10
android13-5.10-2023-07_r14,71a57aff04c0a3a97f48d286c14fad1d8de9a495,https://android.googlesource.com/kernel/common/+/refs/tags/android13-5.10-2023-07_r14,common-android13-5.10-2023-07,common-android13-5.10
android13-5.10-2023-06_r1,34298cfab916b2fe300b3b40c92571cd43acf6ab,https://android.googlesource.com/kernel/common/+/refs/tags/android13-5.10-2023-06_r1,common-android13-5.10-2023-06,common-android13-5.10
android13-5.10-2023-06_r2,9aa9fcda221f75dd85296dc3f9f2ef78df2f2163,https://android.googlesource.com/kernel/common/+/refs/tags/android13-5.10-2023-06_r2,common-android13-5.10-2023-06,common-android13-5.10
android13-5.10-2023-06_r3,e79fdcb4d3c4d516f38db12a7a6836beb283e00e,https://android.googlesource.com/kernel/common/+/refs/tags/android13-5.10-2023-06_r3,common-android13-5.10-2023-06,common-android13-5.10
android13-5.10-2023-05_r1,33b1e2eb04dc5a5738a9e790e6bcce4d9e369c42,https://android.googlesource.com/kernel/common/+/refs/tags/android13-5.10-2023-05_r1,common-android13-5.10-2023-05,common-android13-5.10
android13-5.10-2023-05_r2,b12cbbbfa31a322e52a78e506d887a04f1561d48,https://android.googlesource.com/kernel/common/+/refs/tags/android13-5.10-2023-05_r2,common-android13-5.10-2023-05,common-android13-5.10
android13-5.10-2023-05_r3,2e278471a475f934395006ed0547c1e297210426,https://android.googlesource.com/kernel/common/+/refs/tags/android13-5.10-2023-05_r3,common-android13-5.10-2023-05,common-android13-5.10
android13-5.10-2023-05_r4,a29ed1564cb747c2c5acdf177facdf86a79a2177,https://android.googlesource.com/kernel/common/+/refs/tags/android13-5.10-2023-05_r4,common-android13-5.10-2023-05,common-android13-5.10
android13-5.10-2023-05_r5,3a023c6c8036e1663e1171da7730608da95b6194,https://android.googlesource.com/kernel/common/+/refs/tags/android13-5.10-2023-05_r5,common-android13-5.10-2023-05,common-android13-5.10
android13-5.10-2023-04_r1,f8d8d72a7d81cd976ce17db35d8358a488996bbb,https://android.googlesource.com/kernel/common/+/refs/tags/android13-5.10-2023-04_r1,common-android13-5.10-2023-04,common-android13-5.10
android13-5.10-2023-04_r2,105ef4d2405c8f105f7709c08b65525605571619,https://android.googlesource.com/kernel/common/+/refs/tags/android13-5.10-2023-04_r2,common-android13-5.10-2023-04,common-android13-5.10
android13-5.10-2023-04_r3,5df4e3fcf9cfc02fe21770ed105e37689f0bdecc,https://android.googlesource.com/kernel/common/+/refs/tags/android13-5.10-2023-04_r3,common-android13-5.10-2023-04,common-android13-5.10
android13-5.10-2023-04_r4,0e5dcb4bb5f6fd61423be6ac9f0bb867a20b5b90,https://android.googlesource.com/kernel/common/+/refs/tags/android13-5.10-2023-04_r4,common-android13-5.10-2023-04,common-android13-5.10
android13-5.10-2023-04_r5,40eee8ea2522c61adea6d727c1ba892bf51722ef,https://android.googlesource.com/kernel/common/+/refs/tags/android13-5.10-2023-04_r5,common-android13-5.10-2023-04,common-android13-5.10
android13-5.10-2023-04_r6,48a0daf23299054239f5196bcffc77e450e41e08,https://android.googlesource.com/kernel/common/+/refs/tags/android13-5.10-2023-04_r6,common-android13-5.10-2023-04,common-android13-5.10
android13-5.10-2023-03_r1,3411348ab34d30d62cc37887ec0374fbcda9d553,https://android.googlesource.com/kernel/common/+/refs/tags/android13-5.10-2023-03_r1,common-android13-5.10-2023-03,common-android13-5.10
android13-5.10-2023-03_r2,950207605c5394ce71fb31b370eaa5c5116c390f,https://android.googlesource.com/kernel/common/+/refs/tags/android13-5.10-2023-03_r2,common-android13-5.10-2023-03,common-android13-5.10
android13-5.10-2023-03_r3,73f337804fbc4b2b72289233e8f72473d5e834c8,https://android.googlesource.com/kernel/common/+/refs/tags/android13-5.10-2023-03_r3,common-android13-5.10-2023-03,common-android13-5.10
android13-5.10-2023-03_r4,fdf084ae36cb7b70f6229ed921995b7032aea3ae,https://android.googlesource.com/kernel/common/+/refs/tags/android13-5.10-2023-03_r4,common-android13-5.10-2023-03,common-android13-5.10
android13-5.10-2023-03_r5,3dfaefa809c3137d9dbe18cf00d2aa817ed15bfa,https://android.googlesource.com/kernel/common/+/refs/tags/android13-5.10-2023-03_r5,common-android13-5.10-2023-03,common-android13-5.10
android13-5.10-2023-03_r6,e9c389af3182bd0ee7dc0051388ce1057eb3070c,https://android.googlesource.com/kernel/common/+/refs/tags/android13-5.10-2023-03_r6,common-android13-5.10-2023-03,common-android13-5.10
android13-5.10-2023-03_r7,3a6c1a0048dce22c4230c78c67211d98d6471a73,https://android.googlesource.com/kernel/common/+/refs/tags/android13-5.10-2023-03_r7,common-android13-5.10-2023-03,common-android13-5.10
android13-5.10-2023-03_r8,2340d931ca78432e962713ec384bf8176e17ba68,https://android.googlesource.com/kernel/common/+/refs/tags/android13-5.10-2023-03_r8,common-android13-5.10-2023-03,common-android13-5.10
android13-5.10-2023-03_r9,01589b37cc1288ac14c18fcc5ed92516db17a31c,https://android.googlesource.com/kernel/common/+/refs/tags/android13-5.10-2023-03_r9,common-android13-5.10-2023-03,common-android13-5.10
android13-5.10-2023-03_r10,f1c7d333572578400a5a9f8be51218de05375246,https://android.googlesource.com/kernel/common/+/refs/tags/android13-5.10-2023-03_r10,common-android13-5.10-2023-03,common-android13-5.10
android13-5.10-2023-03_r11,c79caa0a9e4a466891c523a12674dbc095467d0e,https://android.googlesource.com/kernel/common/+/refs/tags/android13-5.10-2023-03_r11,common-android13-5.10-2023-03,common-android13-5.10
android13-5.10-2023-03_r12,d5a82bd2eb6839f27fe10eac511c31940b2f072c,https://android.googlesource.com/kernel/common/+/refs/tags/android13-5.10-2023-03_r12,common-android13-5.10-2023-03,common-android13-5.10
android13-5.10-2023-03_r13,3754fbb38e4607626b730fdb34210f710bf5507d,https://android.googlesource.com/kernel/common/+/refs/tags/android13-5.10-2023-03_r13,common-android13-5.10-2023-03,common-android13-5.10
android13-5.10-2023-03_r14,2f34fc0eb3bbd85c01680ffabf7c4526d5d7bdbc,https://android.googlesource.com/kernel/common/+/refs/tags/android13-5.10-2023-03_r14,common-android13-5.10-2023-03,common-android13-5.10
android13-5.10-2023-03_r15,4299d5b3e6b381c92b2176cb8c8602852f594278,https://android.googlesource.com/kernel/common/+/refs/tags/android13-5.10-2023-03_r15,common-android13-5.10-2023-03,common-android13-5.10
android13-5.10-2023-03_r16,3f1b62f98dd7a2725457c7c00b369bd357470f89,https://android.googlesource.com/kernel/common/+/refs/tags/android13-5.10-2023-03_r16,common-android13-5.10-2023-03,common-android13-5.10
android13-5.10-2023-03_r17,3d63f48dc819f4afa237db726ad56a279d95f8bd,https://android.googlesource.com/kernel/common/+/refs/tags/android13-5.10-2023-03_r17,common-android13-5.10-2023-03,common-android13-5.10
android13-5.10-2023-03_r18,5c7ff5dc7aace613470615ca3453d37c407a3551,https://android.googlesource.com/kernel/common/+/refs/tags/android13-5.10-2023-03_r18,common-android13-5.10-2023-03,common-android13-5.10
android13-5.10-2023-03_r19,9adbe21efeba0e2457a7bb3b4e0ba8dc281b0f62,https://android.googlesource.com/kernel/common/+/refs/tags/android13-5.10-2023-03_r19,common-android13-5.10-2023-03,common-android13-5.10
android13-5.10-2023-03_r20,9fa316f681072cab542aa06cdeec43f55a5c8ada,https://android.googlesource.com/kernel/common/+/refs/tags/android13-5.10-2023-03_r20,common-android13-5.10-2023-03,common-android13-5.10
android13-5.10-2023-03_r21,cdb564cd631b0618e72ccc3a99877a35acd23623,https://android.googlesource.com/kernel/common/+/refs/tags/android13-5.10-2023-03_r21,common-android13-5.10-2023-03,common-android13-5.10
android13-5.10-2023-03_r22,dfb1120f912b54476997aefadd7a862382d53e0a,https://android.googlesource.com/kernel/common/+/refs/tags/android13-5.10-2023-03_r22,common-android13-5.10-2023-03,common-android13-5.10
android13-5.10-2023-02_r1,1e1264f254cb8f00c466762df1b791e52f8ad565,https://android.googlesource.com/kernel/common/+/refs/tags/android13-5.10-2023-02_r1,common-android13-5.10-2023-02,common-android13-5.10
android13-5.10-2023-02_r2,66daee418d302ea52ac155b4b1f140815d52b2bb,https://android.googlesource.com/kernel/common/+/refs/tags/android13-5.10-2023-02_r2,common-android13-5.10-2023-02,common-android13-5.10
android13-5.10-2023-02_r3,88b11e4cf779ca27b264b37de7fa5da8ffb49638,https://android.googlesource.com/kernel/common/+/refs/tags/android13-5.10-2023-02_r3,common-android13-5.10-2023-02,common-android13-5.10
android13-5.10-2023-02_r4,2af27d4fe74a15c729c4ca36248779ce6481cc63,https://android.googlesource.com/kernel/common/+/refs/tags/android13-5.10-2023-02_r4,common-android13-5.10-2023-02,common-android13-5.10
android13-5.10-2023-02_r5,0eacbbcce3d512be0b71125c9c2ae252157f4df5,https://android.googlesource.com/kernel/common/+/refs/tags/android13-5.10-2023-02_r5,common-android13-5.10-2023-02,common-android13-5.10
android13-5.10-2023-02_r6,ab068997233110bc753d104516e954444bdc4ee2,https://android.googlesource.com/kernel/common/+/refs/tags/android13-5.10-2023-02_r6,common-android13-5.10-2023-02,common-android13-5.10
android13-5.10-2023-02_r7,25326a32aceba3dcca82898c74b50d3f52e75996,https://android.googlesource.com/kernel/common/+/refs/tags/android13-5.10-2023-02_r7,common-android13-5.10-2023-02,common-android13-5.10
android13-5.10-2023-02_r8,dbc772be8a7d738a9a12b6f406b2338503220e3f,https://android.googlesource.com/kernel/common/+/refs/tags/android13-5.10-2023-02_r8,common-android13-5.10-2023-02,common-android13-5.10
android13-5.10-2023-02_r9,914e947b041d2603b01ac83dd293c8e534da0a4f,https://android.googlesource.com/kernel/common/+/refs/tags/android13-5.10-2023-02_r9,common-android13-5.10-2023-02,common-android13-5.10
android13-5.10-2023-02_r10,776d0a76f6aa7c5a92c60afbe886a8e786953199,https://android.googlesource.com/kernel/common/+/refs/tags/android13-5.10-2023-02_r10,common-android13-5.10-2023-02,common-android13-5.10
android13-5.10-2023-02_r11,ced40f5c488e820bcdf2e05a2832f50f94a6b63e,https://android.googlesource.com/kernel/common/+/refs/tags/android13-5.10-2023-02_r11,common-android13-5.10-2023-02,common-android13-5.10
android13-5.10-2023-01_r1,81c28fd752ba26d03c93640c74a5d41e2920462b,https://android.googlesource.com/kernel/common/+/refs/tags/android13-5.10-2023-01_r1,common-android13-5.10-2023-01,common-android13-5.10
android13-5.10-2023-01_r2,8849e50af051527151cba395a00fcd56bd75ea27,https://android.googlesource.com/kernel/common/+/refs/tags/android13-5.10-2023-01_r2,common-android13-5.10-2023-01,common-android13-5.10
android13-5.10-2023-01_r3,2b3a0dfd740a2f0175ae9ccb23fa6742c789c384,https://android.googlesource.com/kernel/common/+/refs/tags/android13-5.10-2023-01_r3,common-android13-5.10-2023-01,common-android13-5.10
android13-5.10-2023-01_r4,2eabbbed1036b5fcb2e8258df1c9033afcb99cac,https://android.googlesource.com/kernel/common/+/refs/tags/android13-5.10-2023-01_r4,common-android13-5.10-2023-01,common-android13-5.10
android13-5.10-2023-01_r5,d100a06b46b18453f8b0ece64e96e45a1aa9d2c9,https://android.googlesource.com/kernel/common/+/refs/tags/android13-5.10-2023-01_r5,common-android13-5.10-2023-01,common-android13-5.10
android13-5.10-2023-01_r6,c153f0b8774716e5aa9b04d8b1e7c3126b5e44ac,https://android.googlesource.com/kernel/common/+/refs/tags/android13-5.10-2023-01_r6,common-android13-5.10-2023-01,common-android13-5.10
android13-5.10-2023-01_r7,573e23dd0bcfe3d766d4992746ad8cc342016782,https://android.googlesource.com/kernel/common/+/refs/tags/android13-5.10-2023-01_r7,common-android13-5.10-2023-01,common-android13-5.10
android13-5.10-2023-01_r8,9156a8a9e15e6382d88a99d87374db0a0043a145,https://android.googlesource.com/kernel/common/+/refs/tags/android13-5.10-2023-01_r8,common-android13-5.10-2023-01,common-android13-5.10
android13-5.10-2023-01_r9,3a84e24200a10c953e254eed0db69420f4376d0f,https://android.googlesource.com/kernel/common/+/refs/tags/android13-5.10-2023-01_r9,common-android13-5.10-2023-01,common-android13-5.10
android13-5.10-2022-12_r1,0feb54bb6a3b3d81c2f6d83662bc101337324af2,https://android.googlesource.com/kernel/common/+/refs/tags/android13-5.10-2022-12_r1,common-android13-5.10-2022-12,common-android13-5.10
android13-5.10-2022-12_r2,95fc16b68fcc175a4fce2224ff61a27e9e98e99c,https://android.googlesource.com/kernel/common/+/refs/tags/android13-5.10-2022-12_r2,common-android13-5.10-2022-12,common-android13-5.10
android13-5.10-2022-12_r3,0e5c0e91bbeed6ba42c11d5e82aa71e85d2e45e4,https://android.googlesource.com/kernel/common/+/refs/tags/android13-5.10-2022-12_r3,common-android13-5.10-2022-12,common-android13-5.10
android13-5.10-2022-12_r4,530edcf77ccc77432c826014b1f1fa8a5204f383,https://android.googlesource.com/kernel/common/+/refs/tags/android13-5.10-2022-12_r4,common-android13-5.10-2022-12,common-android13-5.10
android13-5.10-2022-12_r5,ac244baf446f1f54d1e39224b670da1196ba95ff,https://android.googlesource.com/kernel/common/+/refs/tags/android13-5.10-2022-12_r5,common-android13-5.10-2022-12,common-android13-5.10
android13-5.10-2022-12_r6,ca169caca7bb0821d15693aa44b7e7f4392b747d,https://android.googlesource.com/kernel/common/+/refs/tags/android13-5.10-2022-12_r6,common-android13-5.10-2022-12,common-android13-5.10
android13-5.10-2022-12_r7,307f6f2dae35f8a351005c406943b0aa49cf904d,https://android.googlesource.com/kernel/common/+/refs/tags/android13-5.10-2022-12_r7,common-android13-5.10-2022-12,common-android13-5.10
android13-5.10-2022-12_r8,ebdbc9fbe2e2afcc5bf5ac2f57e6216ab6f0f32b,https://android.googlesource.com/kernel/common/+/refs/tags/android13-5.10-2022-12_r8,common-android13-5.10-2022-12,common-android13-5.10
android13-5.10-2022-12_r9,d9132692b0e085f13f66112f9e7a88fb7031e6bc,https://android.googlesource.com/kernel/common/+/refs/tags/android13-5.10-2022-12_r9,common-android13-5.10-2022-12,common-android13-5.10
android13-5.10-2022-12_r10,3c12341ef2492151965dd9e56ceeb68c276da6fc,https://android.googlesource.com/kernel/common/+/refs/tags/android13-5.10-2022-12_r10,common-android13-5.10-2022-12,common-android13-5.10
android13-5.10-2022-12_r11,11e90ed7c939b4167834cc3f989843ec5812bdc4,https://android.googlesource.com/kernel/common/+/refs/tags/android13-5.10-2022-12_r11,common-android13-5.10-2022-12,common-android13-5.10
android13-5.10-2022-11_r1,c57ed3185010b7c4eb579b117168d667104bcba7,https://android.googlesource.com/kernel/common/+/refs/tags/android13-5.10-2022-11_r1,common-android13-5.10-2022-11,common-android13-5.10
android13-5.10-2022-11_r2,fb7064697817a78bf6f8ee71e68325686b62c607,https://android.googlesource.com/kernel/common/+/refs/tags/android13-5.10-2022-11_r2,common-android13-5.10-2022-11,common-android13-5.10
android13-5.10-2022-11_r3,810d6406e146be9a6135d7f44bf2644a65d0550a,https://android.googlesource.com/kernel/common/+/refs/tags/android13-5.10-2022-11_r3,common-android13-5.10-2022-11,common-android13-5.10
android13-5.10-2022-11_r5,1966d483778e638907292a80ff5f93253da38a48,https://android.googlesource.com/kernel/common/+/refs/tags/android13-5.10-2022-11_r5,common-android13-5.10-2022-11,common-android13-5.10
android13-5.10-2022-11_r6,e2a6f81977a1254ef2c3cb03d088a7abd2996d57,https://android.googlesource.com/kernel/common/+/refs/tags/android13-5.10-2022-11_r6,common-android13-5.10-2022-11,common-android13-5.10
android13-5.10-2022-11_r7,f9d1d9a9eae84f6a9d1092e4a4805a427e8de53e,https://android.googlesource.com/kernel/common/+/refs/tags/android13-5.10-2022-11_r7,common-android13-5.10-2022-11,common-android13-5.10
android13-5.10-2022-11_r8,2cb0d683055e782c1b0a40646d0ad440f9d5bab4,https://android.googlesource.com/kernel/common/+/refs/tags/android13-5.10-2022-11_r8,common-android13-5.10-2022-11,common-android13-5.10
android13-5.10-2022-11_r9,4176f49409ece1b5a891f04bdfbf4219c1b44abd,https://android.googlesource.com/kernel/common/+/refs/tags/android13-5.10-2022-11_r9,common-android13-5.10-2022-11,common-android13-5.10
android13-5.10-2022-11_r10,5bed90deea1527405b7ae327ad32075f59e6e264,https://android.googlesource.com/kernel/common/+/refs/tags/android13-5.10-2022-11_r10,common-android13-5.10-2022-11,common-android13-5.10
android13-5.10-2022-11_r11,728c0685732de019d9ae1df74b9e25652703e16f,https://android.googlesource.com/kernel/common/+/refs/tags/android13-5.10-2022-11_r11,common-android13-5.10-2022-11,common-android13-5.10
android13-5.10-2022-11_r12,89fd3d85a21f27acd7b089349ee2c37be21cf434,https://android.googlesource.com/kernel/common/+/refs/tags/android13-5.10-2022-11_r12,common-android13-5.10-2022-11,common-android13-5.10
android13-5.10-2022-11_r13,4229f70355250d9c01e1bf008d8db566db9e8bd7,https://android.googlesource.com/kernel/common/+/refs/tags/android13-5.10-2022-11_r13,common-android13-5.10-2022-11,common-android13-5.10
android13-5.10-2022-10_r1,19424168db55715a7ba3f00505ac9b9f19fd3705,https://android.googlesource.com/kernel/common/+/refs/tags/android13-5.10-2022-10_r1,common-android13-5.10-2022-10,common-android13-5.10
android13-5.10-2022-10_r2,d4e27b2881205f58f8430f6973ebaf024b3e97b2,https://android.googlesource.com/kernel/common/+/refs/tags/android13-5.10-2022-10_r2,common-android13-5.10-2022-10,common-android13-5.10
android13-5.10-2022-10_r3,02267004611c9faf4282a723599974846771158e,https://android.googlesource.com/kernel/common/+/refs/tags/android13-5.10-2022-10_r3,common-android13-5.10-2022-10,common-android13-5.10
android13-5.10-2022-10_r4,b681c22d1f92cd61e4e8979ec0fc8122e4438cb7,https://android.googlesource.com/kernel/common/+/refs/tags/android13-5.10-2022-10_r4,common-android13-5.10-2022-10,common-android13-5.10
android13-5.10-2022-10_r5,f04cc511e631275deaeecc94cf200c57b0a91319,https://android.googlesource.com/kernel/common/+/refs/tags/android13-5.10-2022-10_r5,common-android13-5.10-2022-10,common-android13-5.10
android13-5.10-2022-10_r6,973332553309c474a7823308ce3ebfc4b45bc51f,https://android.googlesource.com/kernel/common/+/refs/tags/android13-5.10-2022-10_r6,common-android13-5.10-2022-10,common-android13-5.10
android13-5.10-2022-09_r1,f68d040c318f8022628d89e794b78326b352a9fe,https://android.googlesource.com/kernel/common/+/refs/tags/android13-5.10-2022-09_r1,common-android13-5.10-2022-09,common-android13-5.10
android13-5.10-2022-09_r2,cc980efa990f577e2d82fec47eab6b8b3cbe41bf,https://android.googlesource.com/kernel/common/+/refs/tags/android13-5.10-2022-09_r2,common-android13-5.10-2022-09,common-android13-5.10
android13-5.10-2022-09_r3,7eb63dc30503b5e6efc773ea7ff33f6a635933e5,https://android.googlesource.com/kernel/common/+/refs/tags/android13-5.10-2022-09_r3,common-android13-5.10-2022-09,common-android13-5.10
android13-5.10-2022-09_r4,dc30d33ab7955abba4bc0dc612956e58c023b59d,https://android.googlesource.com/kernel/common/+/refs/tags/android13-5.10-2022-09_r4,common-android13-5.10-2022-09,common-android13-5.10
android13-5.10-2022-09_r5,02b5dfab573c04bd46100461c4998818fe9dd89c,https://android.googlesource.com/kernel/common/+/refs/tags/android13-5.10-2022-09_r5,common-android13-5.10-2022-09,common-android13-5.10
android13-5.10-2022-09_r6,a1283c9e0b33bd1e4c96df6f5acac00658df44cc,https://android.googlesource.com/kernel/common/+/refs/tags/android13-5.10-2022-09_r6,common-android13-5.10-2022-09,common-android13-5.10
android13-5.10-2022-08_r1,571f9fff874f41808c5298b221a90602a343ca8a,https://android.googlesource.com/kernel/common/+/refs/tags/android13-5.10-2022-08_r1,common-android13-5.10-2022-08,common-android13-5.10
android13-5.10-2022-08_r2,53556c7b84e31ac13ce4c43195556eb18c76274f,https://android.googlesource.com/kernel/common/+/refs/tags/android13-5.10-2022-08_r2,common-android13-5.10-2022-08,common-android13-5.10
android13-5.10-2022-08_r3,fe4a0f003f5403627faf96b3ab41cd83e670e951,https://android.googlesource.com/kernel/common/+/refs/tags/android13-5.10-2022-08_r3,common-android13-5.10-2022-08,common-android13-5.10
android13-5.10-2022-08_r4,40ac6ac17fc78ac002068b9197d566e2fe1419de,https://android.googlesource.com/kernel/common/+/refs/tags/android13-5.10-2022-08_r4,common-android13-5.10-2022-08,common-android13-5.10
android13-5.10-2022-07_r1,81a1ae6b4395a27ade467f6260b2c4e88ee1836c,https://android.googlesource.com/kernel/common/+/refs/tags/android13-5.10-2022-07_r1,common-android13-5.10-2022-07,common-android13-5.10
android13-5.10-2022-07_r2,c09f7cfd902c35449b7b74f105280d6858841592,https://android.googlesource.com/kernel/common/+/refs/tags/android13-5.10-2022-07_r2,common-android13-5.10-2022-07,common-android13-5.10
android13-5.10-2022-07_r3,d7bc9ab321063dadf7dbd8ab905c1179b234dfed,https://android.googlesource.com/kernel/common/+/refs/tags/android13-5.10-2022-07_r3,common-android13-5.10-2022-07,common-android13-5.10
android13-5.10-2022-07_r4,ab3dd1b796752aa4fbe511d6cf87f50785f5dde3,https://android.googlesource.com/kernel/common/+/refs/tags/android13-5.10-2022-07_r4,common-android13-5.10-2022-07,common-android13-5.10
android13-5.10-2022-07_r5,9cf3f714b41f4b68d03be7d94ccd2ba933bc6757,https://android.googlesource.com/kernel/common/+/refs/tags/android13-5.10-2022-07_r5,common-android13-5.10-2022-07,common-android13-5.10
android13-5.10-2022-06_r1,f8ca44396e51ac8b3fcf639866882af21d4c5a10,https://android.googlesource.com/kernel/common/+/refs/tags/android13-5.10-2022-06_r1,common-android13-5.10-2022-06,common-android13-5.10
android13-5.10-2022-06_r2,81abaa85ac1d74f20b1ca3ca2ad21cccf51f4f77,https://android.googlesource.com/kernel/common/+/refs/tags/android13-5.10-2022-06_r2,common-android13-5.10-2022-06,common-android13-5.10
android13-5.10-2022-06_r3,d8fbc0b9586a0e823255bf4884d9ba7c70420b4a,https://android.googlesource.com/kernel/common/+/refs/tags/android13-5.10-2022-06_r3,common-android13-5.10-2022-06,common-android13-5.10
android13-5.10-2022-06_r4,dfb4e606e63ec3124ee426508ac72ea83c2502dc,https://android.googlesource.com/kernel/common/+/refs/tags/android13-5.10-2022-06_r4,common-android13-5.10-2022-06,common-android13-5.10
android13-5.10-2022-06_r5,777901393eeed0d04663ebdfd2f64d91787862a8,https://android.googlesource.com/kernel/common/+/refs/tags/android13-5.10-2022-06_r5,common-android13-5.10-2022-06,common-android13-5.10
android13-5.10-2022-06_r6,6522bf85d2629d73056cc2c6d7d1c674bb831507,https://android.googlesource.com/kernel/common/+/refs/tags/android13-5.10-2022-06_r6,common-android13-5.10-2022-06,common-android13-5.10
android13-5.10-2022-06_r7,fa37bc684d387e91395cf4c5c0fdc5beb880c989,https://android.googlesource.com/kernel/common/+/refs/tags/android13-5.10-2022-06_r7,common-android13-5.10-2022-06,common-android13-5.10
android13-5.10-2022-06_r8,85d08f8c68e2306e9feffe3f435c2a7f67fcc96a,https://android.googlesource.com/kernel/common/+/refs/tags/android13-5.10-2022-06_r8,common-android13-5.10-2022-06,common-android13-5.10
android13-5.10-2022-06_r9,b7ae16d4cb5c5ec0824aa8fa838fc242df1d5f00,https://android.googlesource.com/kernel/common/+/refs/tags/android13-5.10-2022-06_r9,common-android13-5.10-2022-06,common-android13-5.10
android13-5.15-2025-12_r1,267a0464f2403f5d9b4e953455ca7045a59f88b0,https://android.googlesource.com/kernel/common/+/refs/tags/android13-5.15-2025-12_r1,common-android13-5.15-2025-12,common-android13-5.15
android13-5.15-2025-12_r2,66f18dc2099dba416cd26ec9bb386ce3a2748bad,https://android.googlesource.com/kernel/common/+/refs/tags/android13-5.15-2025-12_r2,common-android13-5.15-2025-12,common-android13-5.15
android13-5.15-2025-12_r3,89da4963a238a657dd81aca632bd692448777779,https://android.googlesource.com/kernel/common/+/refs/tags/android13-5.15-2025-12_r3,common-android13-5.15-2025-12,common-android13-5.15
android13-5.15-2025-12_r6,3af317d1a3d8e6dc60a8d368bd15e12ec72b51fe,https://android.googlesource.com/kernel/common/+/refs/tags/android13-5.15-2025-12_r6,common-android13-5.15-2025-12,common-android13-5.15
android13-5.15-2025-09_r1,1c3825f8ac0ae8910e4e2368c0e901619de00fde,https://android.googlesource.com/kernel/common/+/refs/tags/android13-5.15-2025-09_r1,common-android13-5.15-2025-09,common-android13-5.15
android13-5.15-2025-09_r2,5c8519f6ed55ee467211ed6966d55780db43e8be,https://android.googlesource.com/kernel/common/+/refs/tags/android13-5.15-2025-09_r2,common-android13-5.15-2025-09,common-android13-5.15
android13-5.15-2025-09_r3,4a2f03febfe2bbab0d5a17e7c76adac455043f18,https://android.googlesource.com/kernel/common/+/refs/tags/android13-5.15-2025-09_r3,common-android13-5.15-2025-09,common-android13-5.15
android13-5.15-2025-09_r4,c54469bfae1bee71c2e34d30f4fe6336bc0cc561,https://android.googlesource.com/kernel/common/+/refs/tags/android13-5.15-2025-09_r4,common-android13-5.15-2025-09,common-android13-5.15
android13-5.15-2025-09_r5,335b839cd34d8eaa765071992abc0fb5b0e47f15,https://android.googlesource.com/kernel/common/+/refs/tags/android13-5.15-2025-09_r5,common-android13-5.15-2025-09,common-android13-5.15
android13-5.15-2025-09_r6,eb8b6cb064e6ac7c47adf1c483342a64e7298a5f,https://android.googlesource.com/kernel/common/+/refs/tags/android13-5.15-2025-09_r6,common-android13-5.15-2025-09,common-android13-5.15
android13-5.15-2025-09_r7,742fd6fce289df37e00215cf152d95aefb632880,https://android.googlesource.com/kernel/common/+/refs/tags/android13-5.15-2025-09_r7,common-android13-5.15-2025-09,common-android13-5.15
android13-5.15-2025-09_r8,aa2747a3794a9708575639d3e287b6dc91331dee,https://android.googlesource.com/kernel/common/+/refs/tags/android13-5.15-2025-09_r8,common-android13-5.15-2025-09,common-android13-5.15
android13-5.15-2025-09_r9,c5fe34bd09bca48b4e34209103de3245efdab269,https://android.googlesource.com/kernel/common/+/refs/tags/android13-5.15-2025-09_r9,common-android13-5.15-2025-09,common-android13-5.15
android13-5.15-2025-09_r10,51bba4309aac6b0889f1546c72865851cba20612,https://android.googlesource.com/kernel/common/+/refs/tags/android13-5.15-2025-09_r10,common-android13-5.15-2025-09,common-android13-5.15
android13-5.15-2025-07_r1,d00fb6bce7ed3d7b6ae8b9e10b7c5df128cf711c,https://android.googlesource.com/kernel/common/+/refs/tags/android13-5.15-2025-07_r1,common-android13-5.15-2025-07,common-android13-5.15
android13-5.15-2025-07_r2,051a97cf151ab621acd9bc5e12faaec545b31d0d,https://android.googlesource.com/kernel/common/+/refs/tags/android13-5.15-2025-07_r2,common-android13-5.15-2025-07,common-android13-5.15
android13-5.15-2025-07_r3,676a65ee0febb6a2671443e4e0d1e3414276f055,https://android.googlesource.com/kernel/common/+/refs/tags/android13-5.15-2025-07_r3,common-android13-5.15-2025-07,common-android13-5.15
android13-5.15-2025-07_r4,ccf1e770f8a685bef6dbf9bb07b8ca5b4e067c74,https://android.googlesource.com/kernel/common/+/refs/tags/android13-5.15-2025-07_r4,common-android13-5.15-2025-07,common-android13-5.15
android13-5.15-2025-07_r5,ed7c41ef2415fe1859c5d5e59906eee12bcc7e05,https://android.googlesource.com/kernel/common/+/refs/tags/android13-5.15-2025-07_r5,common-android13-5.15-2025-07,common-android13-5.15
android13-5.15-2025-07_r6,7c5bafa21e849c26ebc159ac4380cdc4f79866d6,https://android.googlesource.com/kernel/common/+/refs/tags/android13-5.15-2025-07_r6,common-android13-5.15-2025-07,common-android13-5.15
android13-5.15-2025-05_r1,b17f7a1bdf114452fc068ae019ebf918fcecb236,https://android.googlesource.com/kernel/common/+/refs/tags/android13-5.15-2025-05_r1,common-android13-5.15-2025-05,common-android13-5.15
android13-5.15-2025-05_r2,031d9bb2f0c3a53ed5dafa22639de9f4c6d5cf2f,https://android.googlesource.com/kernel/common/+/refs/tags/android13-5.15-2025-05_r2,common-android13-5.15-2025-05,common-android13-5.15
android13-5.15-2025-05_r3,b8afc805fae6338585528c4016fcb3a3ebf06ac9,https://android.googlesource.com/kernel/common/+/refs/tags/android13-5.15-2025-05_r3,common-android13-5.15-2025-05,common-android13-5.15
android13-5.15-2025-05_r4,46f56b9b222752339917c27eee14bad00800be13,https://android.googlesource.com/kernel/common/+/refs/tags/android13-5.15-2025-05_r4,common-android13-5.15-2025-05,common-android13-5.15
android13-5.15-2025-05_r5,17da75437dcea9583ccf17aafd91bfad278031bf,https://android.googlesource.com/kernel/common/+/refs/tags/android13-5.15-2025-05_r5,common-android13-5.15-2025-05,common-android13-5.15
android13-5.15-2025-05_r6,46a5565a09828fa71fd2e715c98f8100e3c15ee3,https://android.googlesource.com/kernel/common/+/refs/tags/android13-5.15-2025-05_r6,common-android13-5.15-2025-05,common-android13-5.15
android13-5.15-2025-05_r7,39ca6edfe33de492a5f68daaa8509da234238e18,https://android.googlesource.com/kernel/common/+/refs/tags/android13-5.15-2025-05_r7,common-android13-5.15-2025-05,common-android13-5.15
android13-5.15-2025-05_r8,c8da304f5f10d0383a16a428942c0401dc698080,https://android.googlesource.com/kernel/common/+/refs/tags/android13-5.15-2025-05_r8,common-android13-5.15-2025-05,common-android13-5.15
android13-5.15-2025-05_r9,3fb4058588744d11909ae18b46e4ac48fb6c91ee,https://android.googlesource.com/kernel/common/+/refs/tags/android13-5.15-2025-05_r9,common-android13-5.15-2025-05,common-android13-5.15
android13-5.15-2025-05_r10,f275addcd051b39d9da560b3ae980eba3cbfaa0e,https://android.googlesource.com/kernel/common/+/refs/tags/android13-5.15-2025-05_r10,common-android13-5.15-2025-05,common-android13-5.15
android13-5.15-2025-05_r11,73cd763780ff76168b5c00ba2f7f355b8d1271b4,https://android.googlesource.com/kernel/common/+/refs/tags/android13-5.15-2025-05_r11,common-android13-5.15-2025-05,common-android13-5.15
android13-5.15-2025-05_r12,2d6e8c8c9ea008503cd4074ede392044a5a1a516,https://android.googlesource.com/kernel/common/+/refs/tags/android13-5.15-2025-05_r12,common-android13-5.15-2025-05,common-android13-5.15
android13-5.15-2025-05_r13,e41b7a3e22fae065033adacf0f93a164ff468a28,https://android.googlesource.com/kernel/common/+/refs/tags/android13-5.15-2025-05_r13,common-android13-5.15-2025-05,common-android13-5.15
android13-5.15-2025-05_r14,9b2308ac0ad616788fb57ba688aa07f0ff221355,https://android.googlesource.com/kernel/common/+/refs/tags/android13-5.15-2025-05_r14,common-android13-5.15-2025-05,common-android13-5.15
android13-5.15-2025-03_r1,14ee4828e57f886ca93128706f80d0520e4a3a31,https://android.googlesource.com/kernel/common/+/refs/tags/android13-5.15-2025-03_r1,common-android13-5.15-2025-03,common-android13-5.15
android13-5.15-2025-03_r2,0c6055fd2d8b95ec88db7bfd79bfd1e471592215,https://android.googlesource.com/kernel/common/+/refs/tags/android13-5.15-2025-03_r2,common-android13-5.15-2025-03,common-android13-5.15
android13-5.15-2025-03_r3,20eaff54f820f5072f1d77a493bd31d857c15bc7,https://android.googlesource.com/kernel/common/+/refs/tags/android13-5.15-2025-03_r3,common-android13-5.15-2025-03,common-android13-5.15
android13-5.15-2025-03_r4,18a89f1307e251f1533266476c36a9bae2a0c033,https://android.googlesource.com/kernel/common/+/refs/tags/android13-5.15-2025-03_r4,common-android13-5.15-2025-03,common-android13-5.15
android13-5.15-2025-03_r5,b926c9c27b6d3248fbf5b74aaf80bae2d74f0023,https://android.googlesource.com/kernel/common/+/refs/tags/android13-5.15-2025-03_r5,common-android13-5.15-2025-03,common-android13-5.15
android13-5.15-2025-03_r6,4ea0fcb5d1308f2f5a5dec0a3a5c8f1b261e00c7,https://android.googlesource.com/kernel/common/+/refs/tags/android13-5.15-2025-03_r6,common-android13-5.15-2025-03,common-android13-5.15
android13-5.15-2025-03_r7,6a196fcdd09b03f5eaa3688223e0a17986863266,https://android.googlesource.com/kernel/common/+/refs/tags/android13-5.15-2025-03_r7,common-android13-5.15-2025-03,common-android13-5.15
android13-5.15-2025-03_r8,6f2f96be86b93de6ed58a2c46b456fb49734c382,https://android.googlesource.com/kernel/common/+/refs/tags/android13-5.15-2025-03_r8,common-android13-5.15-2025-03,common-android13-5.15
android13-5.15-2025-03_r9,896c7e556175ef52eaf7ff774f72a87561513a5b,https://android.googlesource.com/kernel/common/+/refs/tags/android13-5.15-2025-03_r9,common-android13-5.15-2025-03,common-android13-5.15
android13-5.15-2025-03_r10,e7bdf6235b13ab22270db10608bf08ab6f8e1c36,https://android.googlesource.com/kernel/common/+/refs/tags/android13-5.15-2025-03_r10,common-android13-5.15-2025-03,common-android13-5.15
android13-5.15-2025-03_r11,7feb0b0b7cd82204ae4d1515e8a3cc3fc9f03529,https://android.googlesource.com/kernel/common/+/refs/tags/android13-5.15-2025-03_r11,common-android13-5.15-2025-03,common-android13-5.15
android13-5.15-2025-03_r12,47909498d6058ee12b13bdfee22c80b73a979254,https://android.googlesource.com/kernel/common/+/refs/tags/android13-5.15-2025-03_r12,common-android13-5.15-2025-03,common-android13-5.15
android13-5.15-2025-03_r13,362d545d31a5659546d5546c7ae206f745e98c3e,https://android.googlesource.com/kernel/common/+/refs/tags/android13-5.15-2025-03_r13,common-android13-5.15-2025-03,common-android13-5.15
android13-5.15-2025-01_r1,52ccd913433937212c43b7bbbaf2f2ac5447e61b,https://android.googlesource.com/kernel/common/+/refs/tags/android13-5.15-2025-01_r1,common-android13-5.15-2025-01,common-android13-5.15
android13-5.15-2025-01_r2,70b08680ea9bd022c87699e9675fe991eed60681,https://android.googlesource.com/kernel/common/+/refs/tags/android13-5.15-2025-01_r2,common-android13-5.15-2025-01,common-android13-5.15
android13-5.15-2025-01_r3,3c126a1442eb16b1f7e6737b803faecf24fb1bff,https://android.googlesource.com/kernel/common/+/refs/tags/android13-5.15-2025-01_r3,common-android13-5.15-2025-01,common-android13-5.15
android13-5.15-2025-01_r4,9a0b9d56c900012126f123cd94991cda983d90b1,https://android.googlesource.com/kernel/common/+/refs/tags/android13-5.15-2025-01_r4,common-android13-5.15-2025-01,common-android13-5.15
android13-5.15-2025-01_r5,32477eb3fa085993d5cfa50fb9ec6a6d18186a35,https://android.googlesource.com/kernel/common/+/refs/tags/android13-5.15-2025-01_r5,common-android13-5.15-2025-01,common-android13-5.15
android13-5.15-2025-01_r6,6aefbc225335c132423ec8ca53f008e026185398,https://android.googlesource.com/kernel/common/+/refs/tags/android13-5.15-2025-01_r6,common-android13-5.15-2025-01,common-android13-5.15
android13-5.15-2025-01_r7,caaac54b16c1b32f845f5f9593db299999044866,https://android.googlesource.com/kernel/common/+/refs/tags/android13-5.15-2025-01_r7,common-android13-5.15-2025-01,common-android13-5.15
android13-5.15-2024-11_r1,1bb812483b0da3c6cdac8b5eb94bf0cd0c607663,https://android.googlesource.com/kernel/common/+/refs/tags/android13-5.15-2024-11_r1,common-android13-5.15-2024-11,common-android13-5.15
android13-5.15-2024-11_r2,6a4870ada91f3b19f5b00f13e3f34fe61b64cde2,https://android.googlesource.com/kernel/common/+/refs/tags/android13-5.15-2024-11_r2,common-android13-5.15-2024-11,common-android13-5.15
android13-5.15-2024-11_r3,7c9d603467af7d38ced32318344ab1b448324294,https://android.googlesource.com/kernel/common/+/refs/tags/android13-5.15-2024-11_r3,common-android13-5.15-2024-11,common-android13-5.15
android13-5.15-2024-11_r4,b1f32b310a30e5a1d9a433eb8386497beaae1c72,https://android.googlesource.com/kernel/common/+/refs/tags/android13-5.15-2024-11_r4,common-android13-5.15-2024-11,common-android13-5.15
android13-5.15-2024-11_r5,d894add436ce75d3c6eed10d2dfd582a281ca279,https://android.googlesource.com/kernel/common/+/refs/tags/android13-5.15-2024-11_r5,common-android13-5.15-2024-11,common-android13-5.15
android13-5.15-2024-11_r6,c45ba1d7a722df9b2fd64bd066ce3795245d725d,https://android.googlesource.com/kernel/common/+/refs/tags/android13-5.15-2024-11_r6,common-android13-5.15-2024-11,common-android13-5.15
android13-5.15-2024-11_r7,6e9bca87e46a0801564388420d23bebfb83fb868,https://android.googlesource.com/kernel/common/+/refs/tags/android13-5.15-2024-11_r7,common-android13-5.15-2024-11,common-android13-5.15
android13-5.15-2024-11_r8,5ad6640a14a865c294926e67f23492fca9d05471,https://android.googlesource.com/kernel/common/+/refs/tags/android13-5.15-2024-11_r8,common-android13-5.15-2024-11,common-android13-5.15
android13-5.15-2024-11_r9,31975b884c4bd865026376aff120a147c80d5c8f,https://android.googlesource.com/kernel/common/+/refs/tags/android13-5.15-2024-11_r9,common-android13-5.15-2024-11,common-android13-5.15
android13-5.15-2024-11_r10,705f06af57bc55a7f9c751dc308faaa3ee40b93e,https://android.googlesource.com/kernel/common/+/refs/tags/android13-5.15-2024-11_r10,common-android13-5.15-2024-11,common-android13-5.15
android13-5.15-2024-11_r11,bf0a81a7f319a3fa67af9729fe36783ffb1f5e7d,https://android.googlesource.com/kernel/common/+/refs/tags/android13-5.15-2024-11_r11,common-android13-5.15-2024-11,common-android13-5.15
android13-5.15-2024-11_r12,5bd0ecce3dfe44d8727e56603b10db8939d34459,https://android.googlesource.com/kernel/common/+/refs/tags/android13-5.15-2024-11_r12,common-android13-5.15-2024-11,common-android13-5.15
android13-5.15-2024-11_r13,16f76b9f892d885b7c23c5127263bc7eb1d01e24,https://android.googlesource.com/kernel/common/+/refs/tags/android13-5.15-2024-11_r13,common-android13-5.15-2024-11,common-android13-5.15
android13-5.15-2024-11_r14,8713724d30812e48201522f58806de9f4fb64178,https://android.googlesource.com/kernel/common/+/refs/tags/android13-5.15-2024-11_r14,common-android13-5.15-2024-11,common-android13-5.15
android13-5.15-2024-09_r1,a5cbf9472ba5c796e88486c060fdf407e464276c,https://android.googlesource.com/kernel/common/+/refs/tags/android13-5.15-2024-09_r1,common-android13-5.15-2024-09,common-android13-5.15
android13-5.15-2024-09_r3,051a46a9b38288847086c2a49214d509028a1edd,https://android.googlesource.com/kernel/common/+/refs/tags/android13-5.15-2024-09_r3,common-android13-5.15-2024-09,common-android13-5.15
android13-5.15-2024-09_r4,14ea722471c1dd95480ee854231da76f3e5a8e13,https://android.googlesource.com/kernel/common/+/refs/tags/android13-5.15-2024-09_r4,common-android13-5.15-2024-09,common-android13-5.15
android13-5.15-2024-09_r5,2c1dc99653b411f09ad40b3244ae0a57db92298a,https://android.googlesource.com/kernel/common/+/refs/tags/android13-5.15-2024-09_r5,common-android13-5.15-2024-09,common-android13-5.15
android13-5.15-2024-09_r6,996f9387b1b9b110ed7dea208495739fb5037124,https://android.googlesource.com/kernel/common/+/refs/tags/android13-5.15-2024-09_r6,common-android13-5.15-2024-09,common-android13-5.15
android13-5.15-2024-09_r7,d5b129f355be22583d7586b48885c4ec90f07b9e,https://android.googlesource.com/kernel/common/+/refs/tags/android13-5.15-2024-09_r7,common-android13-5.15-2024-09,common-android13-5.15
android13-5.15-2024-09_r8,add9a36f95ff2c4a7232e2ce4a10888751ed18c5,https://android.googlesource.com/kernel/common/+/refs/tags/android13-5.15-2024-09_r8,common-android13-5.15-2024-09,common-android13-5.15
android13-5.15-2024-08_r1,340a86ae97a74fa8cb046971e42a5f75e785dd63,https://android.googlesource.com/kernel/common/+/refs/tags/android13-5.15-2024-08_r1,common-android13-5.15-2024-08,common-android13-5.15
android13-5.15-2024-08_r2,53a214f170ddee87c3107bd6b869192821fa3292,https://android.googlesource.com/kernel/common/+/refs/tags/android13-5.15-2024-08_r2,common-android13-5.15-2024-08,common-android13-5.15
android13-5.15-2024-08_r4,82f7374be0fae26bf17a1fb2f1d7e7ee84cfeccf,https://android.googlesource.com/kernel/common/+/refs/tags/android13-5.15-2024-08_r4,common-android13-5.15-2024-08,common-android13-5.15
android13-5.15-2024-08_r5,7999c942010288e768e05f40f2cfa6d035c52c69,https://android.googlesource.com/kernel/common/+/refs/tags/android13-5.15-2024-08_r5,common-android13-5.15-2024-08,common-android13-5.15
android13-5.15-2024-08_r6,4a597f7a1368aef5e921ab4c1fb2dea2a6fc890a,https://android.googlesource.com/kernel/common/+/refs/tags/android13-5.15-2024-08_r6,common-android13-5.15-2024-08,common-android13-5.15
android13-5.15-2024-07_r1,be074b05e5aff5eb16a848fb3aaab2f73d687cb6,https://android.googlesource.com/kernel/common/+/refs/tags/android13-5.15-2024-07_r1,common-android13-5.15-2024-07,common-android13-5.15
android13-5.15-2024-07_r2,bf9e707787b224331c4ca0b2715f7885eccbef71,https://android.googlesource.com/kernel/common/+/refs/tags/android13-5.15-2024-07_r2,common-android13-5.15-2024-07,common-android13-5.15
android13-5.15-2024-07_r3,cf6f1ecbbd00c51aa04d14682e383a9efdaf00ad,https://android.googlesource.com/kernel/common/+/refs/tags/android13-5.15-2024-07_r3,common-android13-5.15-2024-07,common-android13-5.15
android13-5.15-2024-07_r4,c9d85e7bb1b8a1a43f07fe556beb2a652afe84e4,https://android.googlesource.com/kernel/common/+/refs/tags/android13-5.15-2024-07_r4,common-android13-5.15-2024-07,common-android13-5.15
android13-5.15-2024-07_r6,2060e34788ef6224f24141dbd271ac3b618b8215,https://android.googlesource.com/kernel/common/+/refs/tags/android13-5.15-2024-07_r6,common-android13-5.15-2024-07,common-android13-5.15
android13-5.15-2024-07_r7,3ac0c51c02ee3be74083cb1d59925c0fbffe2221,https://android.googlesource.com/kernel/common/+/refs/tags/android13-5.15-2024-07_r7,common-android13-5.15-2024-07,common-android13-5.15
android13-5.15-2024-07_r8,6ab9b39c6d1d5a595eca26b1dd937f516213fa97,https://android.googlesource.com/kernel/common/+/refs/tags/android13-5.15-2024-07_r8,common-android13-5.15-2024-07,common-android13-5.15
android13-5.15-2024-07_r9,d2406a939781c0321406d7b3dc3a5eaabf299266,https://android.googlesource.com/kernel/common/+/refs/tags/android13-5.15-2024-07_r9,common-android13-5.15-2024-07,common-android13-5.15
android13-5.15-2024-07_r10,07a8aec1139057d919e80bc619cb7b7b4ab31222,https://android.googlesource.com/kernel/common/+/refs/tags/android13-5.15-2024-07_r10,common-android13-5.15-2024-07,common-android13-5.15
android13-5.15-2024-07_r11,78ec0fb4693c4c3363b2d10c6ba0cc6d5a83eb18,https://android.googlesource.com/kernel/common/+/refs/tags/android13-5.15-2024-07_r11,common-android13-5.15-2024-07,common-android13-5.15
android13-5.15-2024-07_r12,0b6b42f4b797199efa695d350ee0b152d0132c27,https://android.googlesource.com/kernel/common/+/refs/tags/android13-5.15-2024-07_r12,common-android13-5.15-2024-07,common-android13-5.15
android13-5.15-2024-06_r1,9652d501ffd47c7cebd2a7897688b3e5620b7db1,https://android.googlesource.com/kernel/common/+/refs/tags/android13-5.15-2024-06_r1,common-android13-5.15-2024-06,common-android13-5.15
android13-5.15-2024-06_r2,ced78e624cd81f8abfd95772af2c86695479f40a,https://android.googlesource.com/kernel/common/+/refs/tags/android13-5.15-2024-06_r2,common-android13-5.15-2024-06,common-android13-5.15
android13-5.15-2024-06_r3,c2e0ba41ba85bc6a35c4b11f4a399e8dc17a44de,https://android.googlesource.com/kernel/common/+/refs/tags/android13-5.15-2024-06_r3,common-android13-5.15-2024-06,common-android13-5.15
android13-5.15-2024-06_r4,b219e2d2bfe5a1b980e2920806124e9a20469299,https://android.googlesource.com/kernel/common/+/refs/tags/android13-5.15-2024-06_r4,common-android13-5.15-2024-06,common-android13-5.15
android13-5.15-2024-06_r5,2a447681449a1b645cfa53ecd6949b69f3985fd8,https://android.googlesource.com/kernel/common/+/refs/tags/android13-5.15-2024-06_r5,common-android13-5.15-2024-06,common-android13-5.15
android13-5.15-2024-06_r7,543c55ef83447c27272762656eda90343b907017,https://android.googlesource.com/kernel/common/+/refs/tags/android13-5.15-2024-06_r7,common-android13-5.15-2024-06,common-android13-5.15
android13-5.15-2024-06_r9,4610d9dd4ae064457e8826565ccfa2c0ca74b0df,https://android.googlesource.com/kernel/common/+/refs/tags/android13-5.15-2024-06_r9,common-android13-5.15-2024-06,common-android13-5.15
android13-5.15-2024-06_r10,64ee4b643a3afaa28b7c5b74567f45fcc946c9ce,https://android.googlesource.com/kernel/common/+/refs/tags/android13-5.15-2024-06_r10,common-android13-5.15-2024-06,common-android13-5.15
android13-5.15-2024-06_r11,8fc9e804b5775336e7e727e3c5158884da7ef7de,https://android.googlesource.com/kernel/common/+/refs/tags/android13-5.15-2024-06_r11,common-android13-5.15-2024-06,common-android13-5.15
android13-5.15-2024-06_r12,a1900607d0949d50956cfb9ef7906159a4500916,https://android.googlesource.com/kernel/common/+/refs/tags/android13-5.15-2024-06_r12,common-android13-5.15-2024-06,common-android13-5.15
android13-5.15-2024-06_r13,307db9479913e23f4753547e0164ccf41970bfc9,https://android.googlesource.com/kernel/common/+/refs/tags/android13-5.15-2024-06_r13,common-android13-5.15-2024-06,common-android13-5.15
android13-5.15-2024-06_r14,94a8622e5cce9083c4505bee44860a267d18fa19,https://android.googlesource.com/kernel/common/+/refs/tags/android13-5.15-2024-06_r14,common-android13-5.15-2024-06,common-android13-5.15
android13-5.15-2024-05_r1,e488687c12ef77da40725f91e84a7a629815ad26,https://android.googlesource.com/kernel/common/+/refs/tags/android13-5.15-2024-05_r1,common-android13-5.15-2024-05,common-android13-5.15
android13-5.15-2024-05_r2,07f4a1e1645c5c219e097808a2446cf0969b6ef4,https://android.googlesource.com/kernel/common/+/refs/tags/android13-5.15-2024-05_r2,common-android13-5.15-2024-05,common-android13-5.15
android13-5.15-2024-05_r3,757b8f6c742cee04b4b0b5b2b275e1bf03d937af,https://android.googlesource.com/kernel/common/+/refs/tags/android13-5.15-2024-05_r3,common-android13-5.15-2024-05,common-android13-5.15
android13-5.15-2024-05_r5,4493132e871fd3992c1458c60b6a5f3f41c529af,https://android.googlesource.com/kernel/common/+/refs/tags/android13-5.15-2024-05_r5,common-android13-5.15-2024-05,common-android13-5.15
android13-5.15-2024-05_r7,bdedff6fe82c2083bdef5dbe1e25de66e02064df,https://android.googlesource.com/kernel/common/+/refs/tags/android13-5.15-2024-05_r7,common-android13-5.15-2024-05,common-android13-5.15
android13-5.15-2024-05_r8,0d1aafb86e43d166b2375c54c6d5773ec6ccb07d,https://android.googlesource.com/kernel/common/+/refs/tags/android13-5.15-2024-05_r8,common-android13-5.15-2024-05,common-android13-5.15
android13-5.15-2024-04_r1,214f17a33e2161f28c62735f8017a6f2f56482f0,https://android.googlesource.com/kernel/common/+/refs/tags/android13-5.15-2024-04_r1,common-android13-5.15-2024-04,common-android13-5.15
android13-5.15-2024-04_r3,647852b1178d5139ac7245957d892e6f9544ac90,https://android.googlesource.com/kernel/common/+/refs/tags/android13-5.15-2024-04_r3,common-android13-5.15-2024-04,common-android13-5.15
android13-5.15-2024-04_r4,c5a821b9da0e2fb617340aedffc607b1c4e11e80,https://android.googlesource.com/kernel/common/+/refs/tags/android13-5.15-2024-04_r4,common-android13-5.15-2024-04,common-android13-5.15
android13-5.15-2024-04_r5,c0d5fb6f344286e28c69b2d5218cb25abf62b11a,https://android.googlesource.com/kernel/common/+/refs/tags/android13-5.15-2024-04_r5,common-android13-5.15-2024-04,common-android13-5.15
android13-5.15-2024-04_r6,4cb74ed86d300db0c03e99f17ee8ede1eb91d89b,https://android.googlesource.com/kernel/common/+/refs/tags/android13-5.15-2024-04_r6,common-android13-5.15-2024-04,common-android13-5.15
android13-5.15-2024-04_r8,21a574b628d34476a72ca4511cb128d750243b6f,https://android.googlesource.com/kernel/common/+/refs/tags/android13-5.15-2024-04_r8,common-android13-5.15-2024-04,common-android13-5.15
android13-5.15-2024-04_r9,0c8a60288dfa659029e93fbdfc330a5b6bff9452,https://android.googlesource.com/kernel/common/+/refs/tags/android13-5.15-2024-04_r9,common-android13-5.15-2024-04,common-android13-5.15
android13-5.15-2024-03_r1,7a3f32b674cd5d7a44b5d2d51b8d8492168309ff,https://android.googlesource.com/kernel/common/+/refs/tags/android13-5.15-2024-03_r1,common-android13-5.15-2024-03,common-android13-5.15
android13-5.15-2024-03_r2,a77f9293e056b9fa14f20ed7c31ed0a39a980bd3,https://android.googlesource.com/kernel/common/+/refs/tags/android13-5.15-2024-03_r2,common-android13-5.15-2024-03,common-android13-5.15
android13-5.15-2024-03_r3,0379ec545054248181a798ef46bb2acc3b71d570,https://android.googlesource.com/kernel/common/+/refs/tags/android13-5.15-2024-03_r3,common-android13-5.15-2024-03,common-android13-5.15
android13-5.15-2024-03_r5,f4eb7e172fbe27938cc9f007c767f46c48ede2da,https://android.googlesource.com/kernel/common/+/refs/tags/android13-5.15-2024-03_r5,common-android13-5.15-2024-03,common-android13-5.15
android13-5.15-2024-03_r6,8d56f8abaf658e195e4dcd33708b21dd2cc0006f,https://android.googlesource.com/kernel/common/+/refs/tags/android13-5.15-2024-03_r6,common-android13-5.15-2024-03,common-android13-5.15
android13-5.15-2024-03_r8,d56ea3b46aa90c781e5e8975a0879d644b893ce7,https://android.googlesource.com/kernel/common/+/refs/tags/android13-5.15-2024-03_r8,common-android13-5.15-2024-03,common-android13-5.15
android13-5.15-2024-03_r9,c8e4854903f5226dc8d380ec5e959a52057dc0dd,https://android.googlesource.com/kernel/common/+/refs/tags/android13-5.15-2024-03_r9,common-android13-5.15-2024-03,common-android13-5.15
android13-5.15-2024-02_r1,53e1d8e261c2d2d3f627ec39cdbae4fcb4628db6,https://android.googlesource.com/kernel/common/+/refs/tags/android13-5.15-2024-02_r1,common-android13-5.15-2024-02,common-android13-5.15
android13-5.15-2024-02_r2,a1a4c3cdaad1a126d448a6e0c562b3acdc3e6fe6,https://android.googlesource.com/kernel/common/+/refs/tags/android13-5.15-2024-02_r2,common-android13-5.15-2024-02,common-android13-5.15
android13-5.15-2024-02_r4,86692040086cad987c5bcd7ef82960734f51932b,https://android.googlesource.com/kernel/common/+/refs/tags/android13-5.15-2024-02_r4,common-android13-5.15-2024-02,common-android13-5.15
android13-5.15-2024-02_r5,daa558ea5602f27ce3ea5c6174d5cd9038ef1f2b,https://android.googlesource.com/kernel/common/+/refs/tags/android13-5.15-2024-02_r5,common-android13-5.15-2024-02,common-android13-5.15
android13-5.15-2024-02_r6,3a18a6ce74ac3540ccca09b952c44ff58b6858db,https://android.googlesource.com/kernel/common/+/refs/tags/android13-5.15-2024-02_r6,common-android13-5.15-2024-02,common-android13-5.15
android13-5.15-2024-02_r7,3e5327853808bb56685a16c57cb43e486ee66edb,https://android.googlesource.com/kernel/common/+/refs/tags/android13-5.15-2024-02_r7,common-android13-5.15-2024-02,common-android13-5.15
android13-5.15-2024-02_r8,ebff118c407418a74c1f23c91ca3feaef7a994b7,https://android.googlesource.com/kernel/common/+/refs/tags/android13-5.15-2024-02_r8,common-android13-5.15-2024-02,common-android13-5.15
android13-5.15-2024-01_r1,e326899abc2a3fef6b75af5771b015e89407c914,https://android.googlesource.com/kernel/common/+/refs/tags/android13-5.15-2024-01_r1,common-android13-5.15-2024-01,common-android13-5.15
android13-5.15-2024-01_r2,3a2fd76c15ef2885850a2a10725a50ced5b392de,https://android.googlesource.com/kernel/common/+/refs/tags/android13-5.15-2024-01_r2,common-android13-5.15-2024-01,common-android13-5.15
android13-5.15-2024-01_r3,32aee5bc0179102c6f3c13d2152d5b3e767cdfab,https://android.googlesource.com/kernel/common/+/refs/tags/android13-5.15-2024-01_r3,common-android13-5.15-2024-01,common-android13-5.15
android13-5.15-2024-01_r4,b12d9fca8152e3113fcca724ee29270e24649842,https://android.googlesource.com/kernel/common/+/refs/tags/android13-5.15-2024-01_r4,common-android13-5.15-2024-01,common-android13-5.15
android13-5.15-2024-01_r5,575484c394e807cca76452823a55c807ce9da596,https://android.googlesource.com/kernel/common/+/refs/tags/android13-5.15-2024-01_r5,common-android13-5.15-2024-01,common-android13-5.15
android13-5.15-2024-01_r6,70fb7171ac59337b053b5b9930050862fc8c6d44,https://android.googlesource.com/kernel/common/+/refs/tags/android13-5.15-2024-01_r6,common-android13-5.15-2024-01,common-android13-5.15
android13-5.15-2024-01_r7,99538831203c0824fb34365f8458ce7110d0b907,https://android.googlesource.com/kernel/common/+/refs/tags/android13-5.15-2024-01_r7,common-android13-5.15-2024-01,common-android13-5.15
android13-5.15-2024-01_r9,a80c6bacff6840ae610e844c1428c82e3a786cd2,https://android.googlesource.com/kernel/common/+/refs/tags/android13-5.15-2024-01_r9,common-android13-5.15-2024-01,common-android13-5.15
android13-5.15-2024-01_r10,c4011919d551245f11293448bee3b467b5f110ee,https://android.googlesource.com/kernel/common/+/refs/tags/android13-5.15-2024-01_r10,common-android13-5.15-2024-01,common-android13-5.15
android13-5.15-2024-01_r11,31fbf01d8f5a9762c9bab130dcecf284299f7ae7,https://android.googlesource.com/kernel/common/+/refs/tags/android13-5.15-2024-01_r11,common-android13-5.15-2024-01,common-android13-5.15
android13-5.15-2024-01_r12,d8c826608cf53b995c5ddc397498fdeda1c39cd1,https://android.googlesource.com/kernel/common/+/refs/tags/android13-5.15-2024-01_r12,common-android13-5.15-2024-01,common-android13-5.15
android13-5.15-2024-01_r13,b75ebb4fc845584650610acb08f614fe6909186d,https://android.googlesource.com/kernel/common/+/refs/tags/android13-5.15-2024-01_r13,common-android13-5.15-2024-01,common-android13-5.15
android13-5.15-2024-01_r14,007ad9da658ece9c563d478106d2ef13345accc2,https://android.googlesource.com/kernel/common/+/refs/tags/android13-5.15-2024-01_r14,common-android13-5.15-2024-01,common-android13-5.15
android13-5.15-2023-12_r1,4846b9a1cbf4d0e4f8868e35908cc63b54f71f8e,https://android.googlesource.com/kernel/common/+/refs/tags/android13-5.15-2023-12_r1,common-android13-5.15-2023-12,common-android13-5.15
android13-5.15-2023-12_r2,40c7fb3ef038594691c63c353669e7523f67cb73,https://android.googlesource.com/kernel/common/+/refs/tags/android13-5.15-2023-12_r2,common-android13-5.15-2023-12,common-android13-5.15
android13-5.15-2023-12_r3,0867cd0edfbc461bfa3a4f4068aee908a726a31c,https://android.googlesource.com/kernel/common/+/refs/tags/android13-5.15-2023-12_r3,common-android13-5.15-2023-12,common-android13-5.15
android13-5.15-2023-12_r4,8f68dbc273518a88ec76140ff7cbd79dc9756487,https://android.googlesource.com/kernel/common/+/refs/tags/android13-5.15-2023-12_r4,common-android13-5.15-2023-12,common-android13-5.15
android13-5.15-2023-12_r5,233fe0bba10da2d697bbf31226edc0e1938f57d2,https://android.googlesource.com/kernel/common/+/refs/tags/android13-5.15-2023-12_r5,common-android13-5.15-2023-12,common-android13-5.15
android13-5.15-2023-12_r6,49e0f767ba2c3edf1652a2a768b6cb54c88d3589,https://android.googlesource.com/kernel/common/+/refs/tags/android13-5.15-2023-12_r6,common-android13-5.15-2023-12,common-android13-5.15
android13-5.15-2023-12_r7,e37043c2b1bebb8cd05c4672bf00648d87f5cb7f,https://android.googlesource.com/kernel/common/+/refs/tags/android13-5.15-2023-12_r7,common-android13-5.15-2023-12,common-android13-5.15
android13-5.15-2023-12_r9,3450ea2f2e4d0daac1b98a6d865e49e4b71fd731,https://android.googlesource.com/kernel/common/+/refs/tags/android13-5.15-2023-12_r9,common-android13-5.15-2023-12,common-android13-5.15
android13-5.15-2023-12_r10,86acb26c94bc55492609366f1436d81890b2e92b,https://android.googlesource.com/kernel/common/+/refs/tags/android13-5.15-2023-12_r10,common-android13-5.15-2023-12,common-android13-5.15
android13-5.15-2023-12_r11,45cd4bfb3fd01965b38918fc294e81872052ba03,https://android.googlesource.com/kernel/common/+/refs/tags/android13-5.15-2023-12_r11,common-android13-5.15-2023-12,common-android13-5.15
android13-5.15-2023-12_r12,d28595564d8a6c4d4fda23e23627c74a7a4998d2,https://android.googlesource.com/kernel/common/+/refs/tags/android13-5.15-2023-12_r12,common-android13-5.15-2023-12,common-android13-5.15
android13-5.15-2023-12_r13,3d4a9302108e5a4ff4c79f1ac99626401373ecfc,https://android.googlesource.com/kernel/common/+/refs/tags/android13-5.15-2023-12_r13,common-android13-5.15-2023-12,common-android13-5.15
android13-5.15-2023-12_r14,f219769bc5b64bffe8e887ad3db66075770a3206,https://android.googlesource.com/kernel/common/+/refs/tags/android13-5.15-2023-12_r14,common-android13-5.15-2023-12,common-android13-5.15
android13-5.15-2023-11_r1,3ca6a2912c7e6f416930ce3dbb26381cb04ec8d5,https://android.googlesource.com/kernel/common/+/refs/tags/android13-5.15-2023-11_r1,common-android13-5.15-2023-11,common-android13-5.15
android13-5.15-2023-11_r2,927b0aee4b79db2e6c8c848b7de8ec86970b9aea,https://android.googlesource.com/kernel/common/+/refs/tags/android13-5.15-2023-11_r2,common-android13-5.15-2023-11,common-android13-5.15
android13-5.15-2023-11_r3,1527558cff1c5630b20f48b624f708b5478e86db,https://android.googlesource.com/kernel/common/+/refs/tags/android13-5.15-2023-11_r3,common-android13-5.15-2023-11,common-android13-5.15
android13-5.15-2023-11_r4,6562325979a1f12250c48786289a655b9ac9ec33,https://android.googlesource.com/kernel/common/+/refs/tags/android13-5.15-2023-11_r4,common-android13-5.15-2023-11,common-android13-5.15
android13-5.15-2023-11_r6,0b74a3b05c7089c14c0e3775878a978ae22ca47e,https://android.googlesource.com/kernel/common/+/refs/tags/android13-5.15-2023-11_r6,common-android13-5.15-2023-11,common-android13-5.15
android13-5.15-2023-11_r7,3c85bd75aeeed04a84cadf8495c6673b3c59a607,https://android.googlesource.com/kernel/common/+/refs/tags/android13-5.15-2023-11_r7,common-android13-5.15-2023-11,common-android13-5.15
android13-5.15-2023-11_r8,290bec0426a6116e562b6f58744030df374d214e,https://android.googlesource.com/kernel/common/+/refs/tags/android13-5.15-2023-11_r8,common-android13-5.15-2023-11,common-android13-5.15
android13-5.15-2023-11_r9,2baf563fc3bcd6013fec5334dad93d5725bc0c56,https://android.googlesource.com/kernel/common/+/refs/tags/android13-5.15-2023-11_r9,common-android13-5.15-2023-11,common-android13-5.15
android13-5.15-2023-10_r1,39606e3309fcaf2b26047f43a26ad93521a1fa40,https://android.googlesource.com/kernel/common/+/refs/tags/android13-5.15-2023-10_r1,common-android13-5.15-2023-10,common-android13-5.15
android13-5.15-2023-10_r2,3c19baf38bc8602907c85f76789032cbf415f8f9,https://android.googlesource.com/kernel/common/+/refs/tags/android13-5.15-2023-10_r2,common-android13-5.15-2023-10,common-android13-5.15
android13-5.15-2023-10_r3,5682afbff3e05dd498ad1323704730374ef95383,https://android.googlesource.com/kernel/common/+/refs/tags/android13-5.15-2023-10_r3,common-android13-5.15-2023-10,common-android13-5.15
android13-5.15-2023-10_r4,67e07e3a663f4e066237d2c24fe1356a99997579,https://android.googlesource.com/kernel/common/+/refs/tags/android13-5.15-2023-10_r4,common-android13-5.15-2023-10,common-android13-5.15
android13-5.15-2023-10_r5,5c06b486c75dd37a1a2a28deb5c6ef147e2b95a1,https://android.googlesource.com/kernel/common/+/refs/tags/android13-5.15-2023-10_r5,common-android13-5.15-2023-10,common-android13-5.15
android13-5.15-2023-10_r6,bc48e80efddb0531f331c18bde975e8bc5589443,https://android.googlesource.com/kernel/common/+/refs/tags/android13-5.15-2023-10_r6,common-android13-5.15-2023-10,common-android13-5.15
android13-5.15-2023-10_r8,85dc8d268672779f3ffebf083ff89af52397abcc,https://android.googlesource.com/kernel/common/+/refs/tags/android13-5.15-2023-10_r8,common-android13-5.15-2023-10,common-android13-5.15
android13-5.15-2023-10_r9,24d246e7e5c10ddcbf529546be3a27ffe5af90e3,https://android.googlesource.com/kernel/common/+/refs/tags/android13-5.15-2023-10_r9,common-android13-5.15-2023-10,common-android13-5.15
android13-5.15-2023-10_r10,3d336f9c7d754540ec2020c8f23b558031c251dc,https://android.googlesource.com/kernel/common/+/refs/tags/android13-5.15-2023-10_r10,common-android13-5.15-2023-10,common-android13-5.15
android13-5.15-2023-10_r11,23603d32016c9a461f0955fb7d6aed55b36aa1f9,https://android.googlesource.com/kernel/common/+/refs/tags/android13-5.15-2023-10_r11,common-android13-5.15-2023-10,common-android13-5.15
android13-5.15-2023-09_r1,965abef6ee9f04a9eacb708b5562affa92869f5b,https://android.googlesource.com/kernel/common/+/refs/tags/android13-5.15-2023-09_r1,common-android13-5.15-2023-09,common-android13-5.15
android13-5.15-2023-09_r2,7d280ab07589896af527501a38cd95c7f97dcdf2,https://android.googlesource.com/kernel/common/+/refs/tags/android13-5.15-2023-09_r2,common-android13-5.15-2023-09,common-android13-5.15
android13-5.15-2023-09_r3,cb54e89f14bd0ed3aa74eea869dfae3458cbd205,https://android.googlesource.com/kernel/common/+/refs/tags/android13-5.15-2023-09_r3,common-android13-5.15-2023-09,common-android13-5.15
android13-5.15-2023-08_r1,a78ea39db117e81440676fcca8ca8ffb064369de,https://android.googlesource.com/kernel/common/+/refs/tags/android13-5.15-2023-08_r1,common-android13-5.15-2023-08,common-android13-5.15
android13-5.15-2023-08_r2,8a670a1c6394cd9153cb465966e86c2b57b78e1a,https://android.googlesource.com/kernel/common/+/refs/tags/android13-5.15-2023-08_r2,common-android13-5.15-2023-08,common-android13-5.15
android13-5.15-2023-08_r3,0f4a4ab966325235bbca2a03ac440574b22edd69,https://android.googlesource.com/kernel/common/+/refs/tags/android13-5.15-2023-08_r3,common-android13-5.15-2023-08,common-android13-5.15
android13-5.15-2023-08_r4,87b6b7abc9b5cae362c26d982115744a442610ee,https://android.googlesource.com/kernel/common/+/refs/tags/android13-5.15-2023-08_r4,common-android13-5.15-2023-08,common-android13-5.15
android13-5.15-2023-08_r5,d70cd8813c04958af53efda1f78d845177823f53,https://android.googlesource.com/kernel/common/+/refs/tags/android13-5.15-2023-08_r5,common-android13-5.15-2023-08,common-android13-5.15
android13-5.15-2023-08_r6,18bc91c839cee141e99b2edc4a36205c81ccc79c,https://android.googlesource.com/kernel/common/+/refs/tags/android13-5.15-2023-08_r6,common-android13-5.15-2023-08,common-android13-5.15
android13-5.15-2023-08_r7,dde7b4b135fb2628bbf915e0e364468c5dd37c2b,https://android.googlesource.com/kernel/common/+/refs/tags/android13-5.15-2023-08_r7,common-android13-5.15-2023-08,common-android13-5.15
android13-5.15-2023-08_r8,be5abe0350345e89b52c2afc419e2c39e703f928,https://android.googlesource.com/kernel/common/+/refs/tags/android13-5.15-2023-08_r8,common-android13-5.15-2023-08,common-android13-5.15
android13-5.15-2023-07_r1,982656a617bfabb45ee8e2ac32988d75d34b45f5,https://android.googlesource.com/kernel/common/+/refs/tags/android13-5.15-2023-07_r1,common-android13-5.15-2023-07,common-android13-5.15
android13-5.15-2023-07_r2,751a2addab04596bc95b800172a4c8b57de33a82,https://android.googlesource.com/kernel/common/+/refs/tags/android13-5.15-2023-07_r2,common-android13-5.15-2023-07,common-android13-5.15
android13-5.15-2023-07_r3,1f083f1cee620c59f5f27b72969f784b716bbeac,https://android.googlesource.com/kernel/common/+/refs/tags/android13-5.15-2023-07_r3,common-android13-5.15-2023-07,common-android13-5.15
android13-5.15-2023-07_r4,0533a7af30675c79d38211bfa9504229aeb29094,https://android.googlesource.com/kernel/common/+/refs/tags/android13-5.15-2023-07_r4,common-android13-5.15-2023-07,common-android13-5.15
android13-5.15-2023-07_r5,e940faf04843a501b95dc5407fd8366a5d20b2b3,https://android.googlesource.com/kernel/common/+/refs/tags/android13-5.15-2023-07_r5,common-android13-5.15-2023-07,common-android13-5.15
android13-5.15-2023-07_r6,f38d1c0e1d3aa95f660453439197e35b9e094245,https://android.googlesource.com/kernel/common/+/refs/tags/android13-5.15-2023-07_r6,common-android13-5.15-2023-07,common-android13-5.15
android13-5.15-2023-07_r7,566b7b519538fcdff8e5c4f03ad7e5fad4cf5acd,https://android.googlesource.com/kernel/common/+/refs/tags/android13-5.15-2023-07_r7,common-android13-5.15-2023-07,common-android13-5.15
android13-5.15-2023-07_r8,75d9eb450e75d5136ec791f47140a65f783cba5d,https://android.googlesource.com/kernel/common/+/refs/tags/android13-5.15-2023-07_r8,common-android13-5.15-2023-07,common-android13-5.15
android13-5.15-2023-07_r9,ac1072c849eb9f5c685451bd2b872d928d38dbf6,https://android.googlesource.com/kernel/common/+/refs/tags/android13-5.15-2023-07_r9,common-android13-5.15-2023-07,common-android13-5.15
android13-5.15-2023-07_r10,8a444658051ff6e75014653721988033d197cc0d,https://android.googlesource.com/kernel/common/+/refs/tags/android13-5.15-2023-07_r10,common-android13-5.15-2023-07,common-android13-5.15
android13-5.15-2023-07_r11,8cf5cf8b918de8faf794b80f93bccd4c073abccf,https://android.googlesource.com/kernel/common/+/refs/tags/android13-5.15-2023-07_r11,common-android13-5.15-2023-07,common-android13-5.15
android13-5.15-2023-07_r12,dcba39d352b48c39d503e46a8098d33364889e8f,https://android.googlesource.com/kernel/common/+/refs/tags/android13-5.15-2023-07_r12,common-android13-5.15-2023-07,common-android13-5.15
android13-5.15-2023-07_r13,61d32967469e3d12cb4317eb15b4cf0bfdcc7985,https://android.googlesource.com/kernel/common/+/refs/tags/android13-5.15-2023-07_r13,common-android13-5.15-2023-07,common-android13-5.15
android13-5.15-2023-07_r14,c891a30563d990456d6e6f4a7a69a324df5da4b2,https://android.googlesource.com/kernel/common/+/refs/tags/android13-5.15-2023-07_r14,common-android13-5.15-2023-07,common-android13-5.15
android13-5.15-2023-07_r15,8a96092804e08fb265d4d7a88c6967dd1a985248,https://android.googlesource.com/kernel/common/+/refs/tags/android13-5.15-2023-07_r15,common-android13-5.15-2023-07,common-android13-5.15
android13-5.15-2023-06_r1,2bc70012c06960c3d03d54b7445da8813c5d8f20,https://android.googlesource.com/kernel/common/+/refs/tags/android13-5.15-2023-06_r1,common-android13-5.15-2023-06,common-android13-5.15
android13-5.15-2023-06_r2,4b9c7a4857a6021fff98d5271053af96eab1165f,https://android.googlesource.com/kernel/common/+/refs/tags/android13-5.15-2023-06_r2,common-android13-5.15-2023-06,common-android13-5.15
android13-5.15-2023-06_r3,2565d3607042c58c88784914cbf4d58f639ef71e,https://android.googlesource.com/kernel/common/+/refs/tags/android13-5.15-2023-06_r3,common-android13-5.15-2023-06,common-android13-5.15
android13-5.15-2023-06_r4,921b353f8c030d49696dc29f1cbd3b8f83be228c,https://android.googlesource.com/kernel/common/+/refs/tags/android13-5.15-2023-06_r4,common-android13-5.15-2023-06,common-android13-5.15
android13-5.15-2023-06_r5,4521dd916b75f58e574e0f627dac434836796552,https://android.googlesource.com/kernel/common/+/refs/tags/android13-5.15-2023-06_r5,common-android13-5.15-2023-06,common-android13-5.15
android13-5.15-2023-06_r7,3d877ab4b0e815129e5df45ab90f4979ac8aff1f,https://android.googlesource.com/kernel/common/+/refs/tags/android13-5.15-2023-06_r7,common-android13-5.15-2023-06,common-android13-5.15
android13-5.15-2023-06_r8,cea49d39794927bc907ca7c16df1a2c775804a41,https://android.googlesource.com/kernel/common/+/refs/tags/android13-5.15-2023-06_r8,common-android13-5.15-2023-06,common-android13-5.15
android13-5.15-2023-06_r9,b728bd03436819a65e7cc36d59c32b95006c0bfc,https://android.googlesource.com/kernel/common/+/refs/tags/android13-5.15-2023-06_r9,common-android13-5.15-2023-06,common-android13-5.15
android13-5.15-2023-06_r10,cfae80e6ff27b34c27a298920f786780437574d4,https://android.googlesource.com/kernel/common/+/refs/tags/android13-5.15-2023-06_r10,common-android13-5.15-2023-06,common-android13-5.15
android13-5.15-2023-06_r11,1dc49517c37512e87e59426357d54014818806e2,https://android.googlesource.com/kernel/common/+/refs/tags/android13-5.15-2023-06_r11,common-android13-5.15-2023-06,common-android13-5.15
android13-5.15-2023-06_r13,6e964d209f03880959b86d917f0729fc2f164347,https://android.googlesource.com/kernel/common/+/refs/tags/android13-5.15-2023-06_r13,common-android13-5.15-2023-06,common-android13-5.15
android13-5.15-2023-05_r1,adaabe3996c38f0a8fc919d28d6f1c58aecf2489,https://android.googlesource.com/kernel/common/+/refs/tags/android13-5.15-2023-05_r1,common-android13-5.15-2023-05,common-android13-5.15
android13-5.15-2023-05_r2,232991293938c6ad728a81b7c2e783fe5f8a6c46,https://android.googlesource.com/kernel/common/+/refs/tags/android13-5.15-2023-05_r2,common-android13-5.15-2023-05,common-android13-5.15
android13-5.15-2023-05_r3,d76043947c92ab9dd503b494e731832ba97e5952,https://android.googlesource.com/kernel/common/+/refs/tags/android13-5.15-2023-05_r3,common-android13-5.15-2023-05,common-android13-5.15
android13-5.15-2023-05_r4,a0fe19aaccc9927dd91df4b555dc797ce299e6d6,https://android.googlesource.com/kernel/common/+/refs/tags/android13-5.15-2023-05_r4,common-android13-5.15-2023-05,common-android13-5.15
android13-5.15-2023-05_r5,dd9d493811e821aa7c617845131aa6ab8e3ce839,https://android.googlesource.com/kernel/common/+/refs/tags/android13-5.15-2023-05_r5,common-android13-5.15-2023-05,common-android13-5.15
android13-5.15-2023-05_r6,2ac3c8c88d7f84f6a8d98b8bc6cccbcef00fa5e1,https://android.googlesource.com/kernel/common/+/refs/tags/android13-5.15-2023-05_r6,common-android13-5.15-2023-05,common-android13-5.15
android13-5.15-2023-05_r7,68c69afeb2accb69ded49d583c816e87f31fa4d1,https://android.googlesource.com/kernel/common/+/refs/tags/android13-5.15-2023-05_r7,common-android13-5.15-2023-05,common-android13-5.15
android13-5.15-2023-04_r1,2f051979ea0994ef9a3b037d68e9edae515de038,https://android.googlesource.com/kernel/common/+/refs/tags/android13-5.15-2023-04_r1,common-android13-5.15-2023-04,common-android13-5.15
android13-5.15-2023-04_r2,4ad68ce51185cbefc7f83f3c8f290b8afa9266f9,https://android.googlesource.com/kernel/common/+/refs/tags/android13-5.15-2023-04_r2,common-android13-5.15-2023-04,common-android13-5.15
android13-5.15-2023-04_r3,02e3f6961512a5ebc907352830dc3bb76a73fe90,https://android.googlesource.com/kernel/common/+/refs/tags/android13-5.15-2023-04_r3,common-android13-5.15-2023-04,common-android13-5.15
android13-5.15-2023-04_r4,a724e892fe052887dff3187b613a8949860fd52d,https://android.googlesource.com/kernel/common/+/refs/tags/android13-5.15-2023-04_r4,common-android13-5.15-2023-04,common-android13-5.15
android13-5.15-2023-04_r5,4a4cc7be63416ccc87b0132e0484acf12118d3a2,https://android.googlesource.com/kernel/common/+/refs/tags/android13-5.15-2023-04_r5,common-android13-5.15-2023-04,common-android13-5.15
android13-5.15-2023-04_r6,b57e6b0821a7964caad0629d8c21c2660c23cdf6,https://android.googlesource.com/kernel/common/+/refs/tags/android13-5.15-2023-04_r6,common-android13-5.15-2023-04,common-android13-5.15
android13-5.15-2023-04_r7,381b1247979195c131fc38c1004ba848d553cc16,https://android.googlesource.com/kernel/common/+/refs/tags/android13-5.15-2023-04_r7,common-android13-5.15-2023-04,common-android13-5.15
android13-5.15-2023-04_r8,63dc3ac1111a49eaf114e46c9c38a3fd6d0e5924,https://android.googlesource.com/kernel/common/+/refs/tags/android13-5.15-2023-04_r8,common-android13-5.15-2023-04,common-android13-5.15
android13-5.15-2023-04_r9,1747f8667aa0d42dba865ad7365dea65fcc65017,https://android.googlesource.com/kernel/common/+/refs/tags/android13-5.15-2023-04_r9,common-android13-5.15-2023-04,common-android13-5.15
android13-5.15-2023-04_r10,9a1bc34920bc90843c910addbce7eb78d266aa48,https://android.googlesource.com/kernel/common/+/refs/tags/android13-5.15-2023-04_r10,common-android13-5.15-2023-04,common-android13-5.15
android13-5.15-2023-04_r11,7be82deea703a8cc82184f3fefd3c3cb2188ea84,https://android.googlesource.com/kernel/common/+/refs/tags/android13-5.15-2023-04_r11,common-android13-5.15-2023-04,common-android13-5.15
android13-5.15-2023-04_r12,880263046c3544be3d24ea9ad962b7b5deb885f0,https://android.googlesource.com/kernel/common/+/refs/tags/android13-5.15-2023-04_r12,common-android13-5.15-2023-04,common-android13-5.15
android13-5.15-2023-04_r13,8696f4cca0d7dea6c9795144b42d5711088d9aad,https://android.googlesource.com/kernel/common/+/refs/tags/android13-5.15-2023-04_r13,common-android13-5.15-2023-04,common-android13-5.15
android13-5.15-2023-04_r14,63d2fd87f2d7e57cda250ff4e17274899b7a4a72,https://android.googlesource.com/kernel/common/+/refs/tags/android13-5.15-2023-04_r14,common-android13-5.15-2023-04,common-android13-5.15
android13-5.15-2023-04_r15,4eb6ee1f90d5af0cba8cc2f09a7381641b97e401,https://android.googlesource.com/kernel/common/+/refs/tags/android13-5.15-2023-04_r15,common-android13-5.15-2023-04,common-android13-5.15
android13-5.15-2023-04_r16,171753a15b59ff7c3f72f761532ef29441b42fb3,https://android.googlesource.com/kernel/common/+/refs/tags/android13-5.15-2023-04_r16,common-android13-5.15-2023-04,common-android13-5.15
android13-5.15-2023-04_r17,40fadd7dbb9ebc05514901d1ba58ee9af895c374,https://android.googlesource.com/kernel/common/+/refs/tags/android13-5.15-2023-04_r17,common-android13-5.15-2023-04,common-android13-5.15
android13-5.15-2023-04_r18,8789d1ed9cf6886fa30cd6ff6c8adfdb9b69ae38,https://android.googlesource.com/kernel/common/+/refs/tags/android13-5.15-2023-04_r18,common-android13-5.15-2023-04,common-android13-5.15
android13-5.15-2023-03_r1,fb1db47637a3238d530069e21bc1d8d7baf1bd46,https://android.googlesource.com/kernel/common/+/refs/tags/android13-5.15-2023-03_r1,common-android13-5.15-2023-03,common-android13-5.15
android13-5.15-2023-03_r2,df6be2dd433daa86389d036a0b1aa91bb98c687f,https://android.googlesource.com/kernel/common/+/refs/tags/android13-5.15-2023-03_r2,common-android13-5.15-2023-03,common-android13-5.15
android13-5.15-2023-03_r3,df3c46a3637c9277b6ed60488fe9417b5159b8f2,https://android.googlesource.com/kernel/common/+/refs/tags/android13-5.15-2023-03_r3,common-android13-5.15-2023-03,common-android13-5.15
android13-5.15-2023-03_r4,27451a646c66e4e5cff18c355d3b95ddfc1d62c9,https://android.googlesource.com/kernel/common/+/refs/tags/android13-5.15-2023-03_r4,common-android13-5.15-2023-03,common-android13-5.15
android13-5.15-2023-03_r5,02af72f1699961f4a4b64b93ae42c231d93d09a2,https://android.googlesource.com/kernel/common/+/refs/tags/android13-5.15-2023-03_r5,common-android13-5.15-2023-03,common-android13-5.15
android13-5.15-2023-03_r6,d1045a63f46e84454d030629a43a4eeb40e06f27,https://android.googlesource.com/kernel/common/+/refs/tags/android13-5.15-2023-03_r6,common-android13-5.15-2023-03,common-android13-5.15
android13-5.15-2023-03_r7,0d2e42ca29c9fbad67b3a2133b7fceb1983f57ba,https://android.googlesource.com/kernel/common/+/refs/tags/android13-5.15-2023-03_r7,common-android13-5.15-2023-03,common-android13-5.15
android13-5.15-2023-03_r8,0382289e12abafeaef43abb218ed940d102cbba1,https://android.googlesource.com/kernel/common/+/refs/tags/android13-5.15-2023-03_r8,common-android13-5.15-2023-03,common-android13-5.15
android13-5.15-2023-03_r9,d1f3f495cde53132aa7ed2bd160c5c60770a2b51,https://android.googlesource.com/kernel/common/+/refs/tags/android13-5.15-2023-03_r9,common-android13-5.15-2023-03,common-android13-5.15
android13-5.15-2023-03_r10,d35d26515f50eb0d328b93ce3e159e40339b2231,https://android.googlesource.com/kernel/common/+/refs/tags/android13-5.15-2023-03_r10,common-android13-5.15-2023-03,common-android13-5.15
android13-5.15-2023-03_r11,1ebc58134f8a922285021f6d2d2655c649b9ee05,https://android.googlesource.com/kernel/common/+/refs/tags/android13-5.15-2023-03_r11,common-android13-5.15-2023-03,common-android13-5.15
android13-5.15-2023-02_r1,aa272796660e9fd9903bc6b13ffa25de53d99a8c,https://android.googlesource.com/kernel/common/+/refs/tags/android13-5.15-2023-02_r1,common-android13-5.15-2023-02,common-android13-5.15
android13-5.15-2023-02_r2,e35861862a39d557de00cb2dcff48142f945dbaa,https://android.googlesource.com/kernel/common/+/refs/tags/android13-5.15-2023-02_r2,common-android13-5.15-2023-02,common-android13-5.15
android13-5.15-2023-02_r3,fe86c885b0db51c8c67a44b5c17650377a2055e8,https://android.googlesource.com/kernel/common/+/refs/tags/android13-5.15-2023-02_r3,common-android13-5.15-2023-02,common-android13-5.15
android13-5.15-2023-02_r4,ae16e9c4dc548396d1de62e1bea1e132cdbf7f35,https://android.googlesource.com/kernel/common/+/refs/tags/android13-5.15-2023-02_r4,common-android13-5.15-2023-02,common-android13-5.15
android13-5.15-2023-02_r5,e3108528670b6600dbd6c8669f922118130cf2ce,https://android.googlesource.com/kernel/common/+/refs/tags/android13-5.15-2023-02_r5,common-android13-5.15-2023-02,common-android13-5.15
android13-5.15-2023-02_r6,4f1fdb283a8d55946baf24e736f40a19c16a78b4,https://android.googlesource.com/kernel/common/+/refs/tags/android13-5.15-2023-02_r6,common-android13-5.15-2023-02,common-android13-5.15
android13-5.15-2023-02_r7,50745c470ca7386b21ad5c013679d4c579afaf2e,https://android.googlesource.com/kernel/common/+/refs/tags/android13-5.15-2023-02_r7,common-android13-5.15-2023-02,common-android13-5.15
android13-5.15-2023-02_r8,aff4e9c71871e31b7187bc6cb2f037ff6f25905d,https://android.googlesource.com/kernel/common/+/refs/tags/android13-5.15-2023-02_r8,common-android13-5.15-2023-02,common-android13-5.15
android13-5.15-2023-02_r9,b741ddfc2192dd846b361f87dfaea5b9b6a4bced,https://android.googlesource.com/kernel/common/+/refs/tags/android13-5.15-2023-02_r9,common-android13-5.15-2023-02,common-android13-5.15
android13-5.15-2023-01_r1,8945ccdb22035c2c086018799e7c61c29319ad31,https://android.googlesource.com/kernel/common/+/refs/tags/android13-5.15-2023-01_r1,common-android13-5.15-2023-01,common-android13-5.15
android13-5.15-2023-01_r2,b75a66e744723166ac76bf2ecd0cd2772e89c24c,https://android.googlesource.com/kernel/common/+/refs/tags/android13-5.15-2023-01_r2,common-android13-5.15-2023-01,common-android13-5.15
android13-5.15-2023-01_r3,daa9eeb2b3fe70e50135f1c2cc4a02db17fba7c4,https://android.googlesource.com/kernel/common/+/refs/tags/android13-5.15-2023-01_r3,common-android13-5.15-2023-01,common-android13-5.15
android13-5.15-2023-01_r4,9b5611ea58cb92b3f385e937db5734fd68a1a75a,https://android.googlesource.com/kernel/common/+/refs/tags/android13-5.15-2023-01_r4,common-android13-5.15-2023-01,common-android13-5.15
android13-5.15-2023-01_r5,5c3a7cbb332db36df46c88a5b87c6354dded3960,https://android.googlesource.com/kernel/common/+/refs/tags/android13-5.15-2023-01_r5,common-android13-5.15-2023-01,common-android13-5.15
android13-5.15-2023-01_r6,f6da265dc027a0fe561f7e040e140278d7c8e02f,https://android.googlesource.com/kernel/common/+/refs/tags/android13-5.15-2023-01_r6,common-android13-5.15-2023-01,common-android13-5.15
android13-5.15-2023-01_r7,827c689fc2059484f5052cca1080ffb375e87d02,https://android.googlesource.com/kernel/common/+/refs/tags/android13-5.15-2023-01_r7,common-android13-5.15-2023-01,common-android13-5.15
android13-5.15-2023-01_r8,8545d97631bdad93c488805a054a7ef68b40beb9,https://android.googlesource.com/kernel/common/+/refs/tags/android13-5.15-2023-01_r8,common-android13-5.15-2023-01,common-android13-5.15
android13-5.15-2023-01_r9,92c31c0a1f0517ff3bfa8c019034be49cff6ef19,https://android.googlesource.com/kernel/common/+/refs/tags/android13-5.15-2023-01_r9,common-android13-5.15-2023-01,common-android13-5.15
android13-5.15-2023-01_r10,ba6d88a9197cf70cbf1fd9ac189addbd76821644,https://android.googlesource.com/kernel/common/+/refs/tags/android13-5.15-2023-01_r10,common-android13-5.15-2023-01,common-android13-5.15
android13-5.15-2023-01_r11,4748bf367e35a7d97dd20f5df698dbecc56ec4c2,https://android.googlesource.com/kernel/common/+/refs/tags/android13-5.15-2023-01_r11,common-android13-5.15-2023-01,common-android13-5.15
android13-5.15-2023-01_r12,9379c56e60ab596db9ffd7a6584012b144e02732,https://android.googlesource.com/kernel/common/+/refs/tags/android13-5.15-2023-01_r12,common-android13-5.15-2023-01,common-android13-5.15
android13-5.15-2023-01_r13,8975cdeddf3c1d011c3872f0c1fdb8481f1d5169,https://android.googlesource.com/kernel/common/+/refs/tags/android13-5.15-2023-01_r13,common-android13-5.15-2023-01,common-android13-5.15
android13-5.15-2023-01_r14,6e064ea497a97372c7a42bdea5059f4332fef74a,https://android.googlesource.com/kernel/common/+/refs/tags/android13-5.15-2023-01_r14,common-android13-5.15-2023-01,common-android13-5.15
android13-5.15-2023-01_r15,0117d9519ebcad263e0ea77647e823252e743faa,https://android.googlesource.com/kernel/common/+/refs/tags/android13-5.15-2023-01_r15,common-android13-5.15-2023-01,common-android13-5.15
android13-5.15-2023-01_r16,623fe372881fd074f86dff8a406cc531633e86de,https://android.googlesource.com/kernel/common/+/refs/tags/android13-5.15-2023-01_r16,common-android13-5.15-2023-01,common-android13-5.15
android13-5.15-2022-12_r1,474a540f29855be019487287c819128f1e8ecb7c,https://android.googlesource.com/kernel/common/+/refs/tags/android13-5.15-2022-12_r1,common-android13-5.15-2022-12,common-android13-5.15
android13-5.15-2022-12_r2,9a744ad1ae8bd4ee3c7ef2e1ba1b1d3f99bd1108,https://android.googlesource.com/kernel/common/+/refs/tags/android13-5.15-2022-12_r2,common-android13-5.15-2022-12,common-android13-5.15
android13-5.15-2022-12_r3,0219b0d21ff6e269a7870073e92fb1cb0295ab2d,https://android.googlesource.com/kernel/common/+/refs/tags/android13-5.15-2022-12_r3,common-android13-5.15-2022-12,common-android13-5.15
android13-5.15-2022-12_r4,6499c5e952cb9e3271d52273bdb8f306280a6072,https://android.googlesource.com/kernel/common/+/refs/tags/android13-5.15-2022-12_r4,common-android13-5.15-2022-12,common-android13-5.15
android13-5.15-2022-12_r5,7e0c396263d81cdc5a37fa24dc9e7116bd545dad,https://android.googlesource.com/kernel/common/+/refs/tags/android13-5.15-2022-12_r5,common-android13-5.15-2022-12,common-android13-5.15
android13-5.15-2022-12_r6,772dbeb6d2acc905fca96f41b55e1b7ab428972b,https://android.googlesource.com/kernel/common/+/refs/tags/android13-5.15-2022-12_r6,common-android13-5.15-2022-12,common-android13-5.15
android13-5.15-2022-12_r7,c675e722941f70fc73e4a8796f612ecf6a929d01,https://android.googlesource.com/kernel/common/+/refs/tags/android13-5.15-2022-12_r7,common-android13-5.15-2022-12,common-android13-5.15
android13-5.15-2022-12_r8,9382275eebec51b7eb97983a62302bbf4a941983,https://android.googlesource.com/kernel/common/+/refs/tags/android13-5.15-2022-12_r8,common-android13-5.15-2022-12,common-android13-5.15
android13-5.15-2022-12_r9,851242ef7987e53a830b03c29c46f2c2b0c921ed,https://android.googlesource.com/kernel/common/+/refs/tags/android13-5.15-2022-12_r9,common-android13-5.15-2022-12,common-android13-5.15
android13-5.15-2022-12_r10,b328aadc6d46f17493cebceb88ea9524a56e3298,https://android.googlesource.com/kernel/common/+/refs/tags/android13-5.15-2022-12_r10,common-android13-5.15-2022-12,common-android13-5.15
android13-5.15-2022-12_r11,18d8e2fa61e73b76f27926cf71518abccf6ca0ff,https://android.googlesource.com/kernel/common/+/refs/tags/android13-5.15-2022-12_r11,common-android13-5.15-2022-12,common-android13-5.15
android13-5.15-2022-12_r12,52f728744aa073852abc2dedff76675300b37234,https://android.googlesource.com/kernel/common/+/refs/tags/android13-5.15-2022-12_r12,common-android13-5.15-2022-12,common-android13-5.15
android13-5.15-2022-12_r13,f2d0d2e529a2b7eb25e51e5e7fd99793854c31b8,https://android.googlesource.com/kernel/common/+/refs/tags/android13-5.15-2022-12_r13,common-android13-5.15-2022-12,common-android13-5.15
android13-5.15-2022-12_r14,e4533c94c9c84f981e57a8939d7ea95223240175,https://android.googlesource.com/kernel/common/+/refs/tags/android13-5.15-2022-12_r14,common-android13-5.15-2022-12,common-android13-5.15
android13-5.15-2022-12_r15,dd7483ef9e6b98347f50c14ea5a784815248b89e,https://android.googlesource.com/kernel/common/+/refs/tags/android13-5.15-2022-12_r15,common-android13-5.15-2022-12,common-android13-5.15
android13-5.15-2022-11_r1,3605981d8a31f94b41e245b83475173b7c7cc4cd,https://android.googlesource.com/kernel/common/+/refs/tags/android13-5.15-2022-11_r1,common-android13-5.15-2022-11,common-android13-5.15
android13-5.15-2022-11_r2,fd2678023ff8d2c2762079f30a021eefe18b9411,https://android.googlesource.com/kernel/common/+/refs/tags/android13-5.15-2022-11_r2,common-android13-5.15-2022-11,common-android13-5.15
android13-5.15-2022-11_r3,9846d1db27906a30c6b3546c58bbdf2fec68a7ac,https://android.googlesource.com/kernel/common/+/refs/tags/android13-5.15-2022-11_r3,common-android13-5.15-2022-11,common-android13-5.15
android13-5.15-2022-11_r4,b52eed9f34c45dabbd239a72a2772dddf5771664,https://android.googlesource.com/kernel/common/+/refs/tags/android13-5.15-2022-11_r4,common-android13-5.15-2022-11,common-android13-5.15
android13-5.15-2022-11_r5,7a4c19404add60d22fd32deb99ea1aa44c31f80d,https://android.googlesource.com/kernel/common/+/refs/tags/android13-5.15-2022-11_r5,common-android13-5.15-2022-11,common-android13-5.15
android13-5.15-2022-11_r6,b91089c9b6f22ee7a482ddcde09eb0f99fc761b1,https://android.googlesource.com/kernel/common/+/refs/tags/android13-5.15-2022-11_r6,common-android13-5.15-2022-11,common-android13-5.15
android13-5.15-2022-11_r7,1e12970a735ec39030ccc694236598940cb66db3,https://android.googlesource.com/kernel/common/+/refs/tags/android13-5.15-2022-11_r7,common-android13-5.15-2022-11,common-android13-5.15
android13-5.15-2022-11_r8,c51b67116dd3f34384c07f8f125df21262b4b7a9,https://android.googlesource.com/kernel/common/+/refs/tags/android13-5.15-2022-11_r8,common-android13-5.15-2022-11,common-android13-5.15
android13-5.15-2022-11_r9,d6d90fd204fa4ae8965af110411e46a1911c07b4,https://android.googlesource.com/kernel/common/+/refs/tags/android13-5.15-2022-11_r9,common-android13-5.15-2022-11,common-android13-5.15
android13-5.15-2022-11_r10,e27d087b9985c4067b9408b9032f1637e4eda657,https://android.googlesource.com/kernel/common/+/refs/tags/android13-5.15-2022-11_r10,common-android13-5.15-2022-11,common-android13-5.15
android13-5.15-2022-11_r11,cdf3c668057f532964388bfd1ca053df5cc01343,https://android.googlesource.com/kernel/common/+/refs/tags/android13-5.15-2022-11_r11,common-android13-5.15-2022-11,common-android13-5.15
android13-5.15-2022-10_r1,24d27dff64c4d855b075461ed282cd54d6e925b3,https://android.googlesource.com/kernel/common/+/refs/tags/android13-5.15-2022-10_r1,common-android13-5.15-2022-10,common-android13-5.15
android13-5.15-2022-10_r2,38510c9de9c0626819d7f1745be04db401e87d35,https://android.googlesource.com/kernel/common/+/refs/tags/android13-5.15-2022-10_r2,common-android13-5.15-2022-10,common-android13-5.15
android13-5.15-2022-10_r3,5254bda989c2d93983d0c59565b00bdd0085df33,https://android.googlesource.com/kernel/common/+/refs/tags/android13-5.15-2022-10_r3,common-android13-5.15-2022-10,common-android13-5.15
android13-5.15-2022-10_r4,fb536c59478ad58c1320da94c485bfc0fa247698,https://android.googlesource.com/kernel/common/+/refs/tags/android13-5.15-2022-10_r4,common-android13-5.15-2022-10,common-android13-5.15
android13-5.15-2022-10_r5,d64d770972a5a7d71a632bbe4ac807a81c9bf171,https://android.googlesource.com/kernel/common/+/refs/tags/android13-5.15-2022-10_r5,common-android13-5.15-2022-10,common-android13-5.15
android13-5.15-2022-10_r6,2a005cb050068c1af5019f49bf57ad8bfcd96afc,https://android.googlesource.com/kernel/common/+/refs/tags/android13-5.15-2022-10_r6,common-android13-5.15-2022-10,common-android13-5.15
android13-5.15-2022-10_r7,74acbdd2fc12cb5c66e22662cd0b7f4d6a8f4b1d,https://android.googlesource.com/kernel/common/+/refs/tags/android13-5.15-2022-10_r7,common-android13-5.15-2022-10,common-android13-5.15
android13-5.15-2022-10_r8,8d87b289a7b70defe03202aada65624f8b584b17,https://android.googlesource.com/kernel/common/+/refs/tags/android13-5.15-2022-10_r8,common-android13-5.15-2022-10,common-android13-5.15
android13-5.15-2022-10_r9,5552ecb03dcffae41121568f7cacd2a6ff85ef25,https://android.googlesource.com/kernel/common/+/refs/tags/android13-5.15-2022-10_r9,common-android13-5.15-2022-10,common-android13-5.15
android13-5.15-2022-10_r10,c977daebffc628f55f617b03e5a8d792f46d3274,https://android.googlesource.com/kernel/common/+/refs/tags/android13-5.15-2022-10_r10,common-android13-5.15-2022-10,common-android13-5.15
android13-5.15-2022-10_r11,95bfaa0fe49842599bb16b3401f49be336a2470e,https://android.googlesource.com/kernel/common/+/refs/tags/android13-5.15-2022-10_r11,common-android13-5.15-2022-10,common-android13-5.15
android13-5.15-2022-10_r12,079dbbb6e64ae9732b2ac3b7ef3f57a3f3ff2ff8,https://android.googlesource.com/kernel/common/+/refs/tags/android13-5.15-2022-10_r12,common-android13-5.15-2022-10,common-android13-5.15
android13-5.15-2022-10_r13,b2a1a2aa106e95ff1bb3c1e2b793c67f8d54bb25,https://android.googlesource.com/kernel/common/+/refs/tags/android13-5.15-2022-10_r13,common-android13-5.15-2022-10,common-android13-5.15
android13-5.15-2022-10_r14,264280e352070d600dc7bfcecde27407e86a29d9,https://android.googlesource.com/kernel/common/+/refs/tags/android13-5.15-2022-10_r14,common-android13-5.15-2022-10,common-android13-5.15
android13-5.15-2022-10_r15,8e5ce60dedf88fdc1b083a30221692679df76dab,https://android.googlesource.com/kernel/common/+/refs/tags/android13-5.15-2022-10_r15,common-android13-5.15-2022-10,common-android13-5.15
android13-5.15-2022-10_r16,071c6d24d82202916ab7d24d4f2c8bdef9321da9,https://android.googlesource.com/kernel/common/+/refs/tags/android13-5.15-2022-10_r16,common-android13-5.15-2022-10,common-android13-5.15
android13-5.15-2022-09_r1,8833039066923f7035105e625cd5ff5ce41bb257,https://android.googlesource.com/kernel/common/+/refs/tags/android13-5.15-2022-09_r1,common-android13-5.15-2022-09,common-android13-5.15
android13-5.15-2022-09_r2,6ab200cd459cbc63b982b4423ca980b62ed0bd84,https://android.googlesource.com/kernel/common/+/refs/tags/android13-5.15-2022-09_r2,common-android13-5.15-2022-09,common-android13-5.15
android13-5.15-2022-09_r3,fbb99fcb88b3758678bbbfbaf41e0ce8f2c736a1,https://android.googlesource.com/kernel/common/+/refs/tags/android13-5.15-2022-09_r3,common-android13-5.15-2022-09,common-android13-5.15
android13-5.15-2022-09_r4,52da2d83751ae82bf042c14564c203735d805377,https://android.googlesource.com/kernel/common/+/refs/tags/android13-5.15-2022-09_r4,common-android13-5.15-2022-09,common-android13-5.15
android13-5.15-2022-09_r5,779f29f1a22b5ceedd7765d6156e6d5adea1b2d2,https://android.googlesource.com/kernel/common/+/refs/tags/android13-5.15-2022-09_r5,common-android13-5.15-2022-09,common-android13-5.15
android13-5.15-2022-09_r6,aa2166e548e4492062d21e059c7c2210ab8afe6b,https://android.googlesource.com/kernel/common/+/refs/tags/android13-5.15-2022-09_r6,common-android13-5.15-2022-09,common-android13-5.15
android13-5.15-2022-09_r7,dfc879c56662425908832cd7a99e6530041ea08d,https://android.googlesource.com/kernel/common/+/refs/tags/android13-5.15-2022-09_r7,common-android13-5.15-2022-09,common-android13-5.15
android13-5.15-2022-09_r8,5d324d5fc58c0caf0485c1b55e190c51a4ce1c09,https://android.googlesource.com/kernel/common/+/refs/tags/android13-5.15-2022-09_r8,common-android13-5.15-2022-09,common-android13-5.15
android13-5.15-2022-09_r9,bc575a1e4cc1ee985578542aa47fe7ce0359acca,https://android.googlesource.com/kernel/common/+/refs/tags/android13-5.15-2022-09_r9,common-android13-5.15-2022-09,common-android13-5.15
android13-5.15-2022-09_r10,b2ab4534baf5b9ce02cdd3b6d377445a4671a674,https://android.googlesource.com/kernel/common/+/refs/tags/android13-5.15-2022-09_r10,common-android13-5.15-2022-09,common-android13-5.15
android13-5.15-2022-09_r11,9d5623f3a347b4e92c9e77f48a45e98b8aededb6,https://android.googlesource.com/kernel/common/+/refs/tags/android13-5.15-2022-09_r11,common-android13-5.15-2022-09,common-android13-5.15
android13-5.15-2022-09_r12,9e0a4c0647e5597e8a066f7cd42d9708a1d7fa6a,https://android.googlesource.com/kernel/common/+/refs/tags/android13-5.15-2022-09_r12,common-android13-5.15-2022-09,common-android13-5.15
android13-5.15-2022-09_r13,e647486074e039d62bd467498d1b75cdb3d6cf4c,https://android.googlesource.com/kernel/common/+/refs/tags/android13-5.15-2022-09_r13,common-android13-5.15-2022-09,common-android13-5.15
android13-5.15-2022-08_r1,4f5025129fe8cc175290144c14919312e7c2366c,https://android.googlesource.com/kernel/common/+/refs/tags/android13-5.15-2022-08_r1,common-android13-5.15-2022-08,common-android13-5.15
android13-5.15-2022-08_r2,833e85e021fe1c65807643dcdfa3ed1d1147fb93,https://android.googlesource.com/kernel/common/+/refs/tags/android13-5.15-2022-08_r2,common-android13-5.15-2022-08,common-android13-5.15
android13-5.15-2022-08_r3,bcb7183c037f5fc8508a80851f51a43dfbacafce,https://android.googlesource.com/kernel/common/+/refs/tags/android13-5.15-2022-08_r3,common-android13-5.15-2022-08,common-android13-5.15
android13-5.15-2022-08_r4,568b76f3a4d7c0aa12d4aecbc9cbb9ed1baf4ab2,https://android.googlesource.com/kernel/common/+/refs/tags/android13-5.15-2022-08_r4,common-android13-5.15-2022-08,common-android13-5.15
android13-5.15-2022-08_r5,7d99fc908752c2d1e111843e4fa4363d76ff07b4,https://android.googlesource.com/kernel/common/+/refs/tags/android13-5.15-2022-08_r5,common-android13-5.15-2022-08,common-android13-5.15
android13-5.15-2022-08_r6,e114c22024a868e9eaa2ed8f50912c279c35e38c,https://android.googlesource.com/kernel/common/+/refs/tags/android13-5.15-2022-08_r6,common-android13-5.15-2022-08,common-android13-5.15
android13-5.15-2022-08_r7,1f498ff0133c536fe674dc5550bf99bda43ad5dd,https://android.googlesource.com/kernel/common/+/refs/tags/android13-5.15-2022-08_r7,common-android13-5.15-2022-08,common-android13-5.15
android13-5.15-2022-08_r8,393962a0c7aac14547b7df9ef16a39069b0a7c19,https://android.googlesource.com/kernel/common/+/refs/tags/android13-5.15-2022-08_r8,common-android13-5.15-2022-08,common-android13-5.15
android13-5.15-2022-08_r9,fbea62c198f68e6bb6be9bba48b1181b23871efe,https://android.googlesource.com/kernel/common/+/refs/tags/android13-5.15-2022-08_r9,common-android13-5.15-2022-08,common-android13-5.15
android13-5.15-2022-08_r10,b8e054197f814eaaee6f8eb6541d9785a3875795,https://android.googlesource.com/kernel/common/+/refs/tags/android13-5.15-2022-08_r10,common-android13-5.15-2022-08,common-android13-5.15
android13-5.15-2022-08_r11,f44d42f48f5840c1f41591fc1f644de38ff25e19,https://android.googlesource.com/kernel/common/+/refs/tags/android13-5.15-2022-08_r11,common-android13-5.15-2022-08,common-android13-5.15
android13-5.15-2022-08_r12,5243821ea8095b50e31df339f42ec6cf3ad07347,https://android.googlesource.com/kernel/common/+/refs/tags/android13-5.15-2022-08_r12,common-android13-5.15-2022-08,common-android13-5.15
android13-5.15-2022-08_r13,b9638a91d9b8397920bf56d6ae87a2fb8f0654f9,https://android.googlesource.com/kernel/common/+/refs/tags/android13-5.15-2022-08_r13,common-android13-5.15-2022-08,common-android13-5.15
android13-5.15-2022-08_r14,2ad4d8f86082885279d55816a2aee7feef483066,https://android.googlesource.com/kernel/common/+/refs/tags/android13-5.15-2022-08_r14,common-android13-5.15-2022-08,common-android13-5.15
android13-5.15-2022-08_r15,4c992e760217ba9d0c03e1dd9719b5618b884e04,https://android.googlesource.com/kernel/common/+/refs/tags/android13-5.15-2022-08_r15,common-android13-5.15-2022-08,common-android13-5.15
android13-5.15-2022-08_r16,1c6e68bbd0ef775ef593e031b7a83a607f7950fd,https://android.googlesource.com/kernel/common/+/refs/tags/android13-5.15-2022-08_r16,common-android13-5.15-2022-08,common-android13-5.15
android13-5.15-2022-08_r17,3f74c8e63bfd8405eaf8011a4c0be2c67eb24bc7,https://android.googlesource.com/kernel/common/+/refs/tags/android13-5.15-2022-08_r17,common-android13-5.15-2022-08,common-android13-5.15
android13-5.15-2022-08_r18,a3c6366a9085039c30882559a45f04130ae59bb3,https://android.googlesource.com/kernel/common/+/refs/tags/android13-5.15-2022-08_r18,common-android13-5.15-2022-08,common-android13-5.15
android13-5.15-2022-08_r19,5d260ecca79e5bbe0208a866ec33f316c26de79f,https://android.googlesource.com/kernel/common/+/refs/tags/android13-5.15-2022-08_r19,common-android13-5.15-2022-08,common-android13-5.15
android13-5.15-2022-08_r20,57017a5dc6bc8eec9dc91c0066caf11649ba4385,https://android.googlesource.com/kernel/common/+/refs/tags/android13-5.15-2022-08_r20,common-android13-5.15-2022-08,common-android13-5.15
android13-5.15-2022-08_r21,7fe67e248b7e26f65cde009f339bea6e3083daeb,https://android.googlesource.com/kernel/common/+/refs/tags/android13-5.15-2022-08_r21,common-android13-5.15-2022-08,common-android13-5.15
android13-5.15-2022-08_r22,604d64ec773ee03a8ae228c968db235508740c01,https://android.googlesource.com/kernel/common/+/refs/tags/android13-5.15-2022-08_r22,common-android13-5.15-2022-08,common-android13-5.15
android13-5.15-2022-08_r23,07603d8ceace3d73b6bc93c335fdfe6dcb70c7c4,https://android.googlesource.com/kernel/common/+/refs/tags/android13-5.15-2022-08_r23,common-android13-5.15-2022-08,common-android13-5.15
android13-5.15-2022-08_r24,896b38a0ab02d62cfcf63b65a7d17f8c2917c686,https://android.googlesource.com/kernel/common/+/refs/tags/android13-5.15-2022-08_r24,common-android13-5.15-2022-08,common-android13-5.15
android13-5.15-2022-08_r25,c589277b8cc7acb24496f8c590c020c54c6d42ae,https://android.googlesource.com/kernel/common/+/refs/tags/android13-5.15-2022-08_r25,common-android13-5.15-2022-08,common-android13-5.15
android13-5.15-2022-08_r26,489b283816a4fb29c081e3d7d59fca18943c4333,https://android.googlesource.com/kernel/common/+/refs/tags/android13-5.15-2022-08_r26,common-android13-5.15-2022-08,common-android13-5.15
android13-5.15-2022-08_r27,89a227fb3e99e025035507be0284f8bfdffe6bf1,https://android.googlesource.com/kernel/common/+/refs/tags/android13-5.15-2022-08_r27,common-android13-5.15-2022-08,common-android13-5.15
android13-5.15-2022-08_r28,59c7ca33c2e532339ddff1937beebe00f4ea63d1,https://android.googlesource.com/kernel/common/+/refs/tags/android13-5.15-2022-08_r28,common-android13-5.15-2022-08,common-android13-5.15
android13-5.15-2022-08_r29,09a01ddd94c6ea7e03a61871472a9ba940e02023,https://android.googlesource.com/kernel/common/+/refs/tags/android13-5.15-2022-08_r29,common-android13-5.15-2022-08,common-android13-5.15
android13-5.15-2022-08_r30,15b2c6bcbd7fe5b28105bf5c127d84e9c23bd197,https://android.googlesource.com/kernel/common/+/refs/tags/android13-5.15-2022-08_r30,common-android13-5.15-2022-08,common-android13-5.15
android13-5.15-2022-08_r31,a59886deee82a1526b0f6dd4f3ba62de467c74de,https://android.googlesource.com/kernel/common/+/refs/tags/android13-5.15-2022-08_r31,common-android13-5.15-2022-08,common-android13-5.15
android13-5.15-2022-08_r32,86c5e1d709c647033df32b816b85eed60fd37aa3,https://android.googlesource.com/kernel/common/+/refs/tags/android13-5.15-2022-08_r32,common-android13-5.15-2022-08,common-android13-5.15
android13-5.15-2022-08_r33,de2a4c25826bde1ec685714694511e6aeff35017,https://android.googlesource.com/kernel/common/+/refs/tags/android13-5.15-2022-08_r33,common-android13-5.15-2022-08,common-android13-5.15
android13-5.15-2022-08_r34,7bf0e80200db4949dd710964bc1a2e079e8bb4ee,https://android.googlesource.com/kernel/common/+/refs/tags/android13-5.15-2022-08_r34,common-android13-5.15-2022-08,common-android13-5.15
android13-5.15-2022-08_r35,726946c4f06922176d3bd5a1f919995aaf25dce2,https://android.googlesource.com/kernel/common/+/refs/tags/android13-5.15-2022-08_r35,common-android13-5.15-2022-08,common-android13-5.15
android13-5.15-2022-08_r36,d77f6d6020b0d1e5d80b68e4534b1d7cbb047c49,https://android.googlesource.com/kernel/common/+/refs/tags/android13-5.15-2022-08_r36,common-android13-5.15-2022-08,common-android13-5.15
android13-5.15-2022-08_r37,62fd31f0b4e4a3cd6993e48c6d313c0b3c59a866,https://android.googlesource.com/kernel/common/+/refs/tags/android13-5.15-2022-08_r37,common-android13-5.15-2022-08,common-android13-5.15
android13-5.15-2022-07_r1,c66cde32ee5108f520f86defea91065c62f74e9e,https://android.googlesource.com/kernel/common/+/refs/tags/android13-5.15-2022-07_r1,common-android13-5.15-2022-07,common-android13-5.15
android13-5.15-2022-07_r2,4cfe0cf51ee02fee23f9098be0ae67dbddec70eb,https://android.googlesource.com/kernel/common/+/refs/tags/android13-5.15-2022-07_r2,common-android13-5.15-2022-07,common-android13-5.15
android13-5.15-2022-07_r3,cf8c01105b819b0085cd9d4e703ea28d94ca41ae,https://android.googlesource.com/kernel/common/+/refs/tags/android13-5.15-2022-07_r3,common-android13-5.15-2022-07,common-android13-5.15
android13-5.15-2022-07_r4,c4594b0fa01432a5a7bda175e1a150b2374ba67d,https://android.googlesource.com/kernel/common/+/refs/tags/android13-5.15-2022-07_r4,common-android13-5.15-2022-07,common-android13-5.15
android13-5.15-2022-07_r5,9e22c4d3ceb32942a477a95e71eba3e232706372,https://android.googlesource.com/kernel/common/+/refs/tags/android13-5.15-2022-07_r5,common-android13-5.15-2022-07,common-android13-5.15
android13-5.15-2022-07_r6,1624bfeb405a3fa2fbbf3bf88ff3ee0ed946bf15,https://android.googlesource.com/kernel/common/+/refs/tags/android13-5.15-2022-07_r6,common-android13-5.15-2022-07,common-android13-5.15
android13-5.15-2022-07_r7,557d712db033a02b264ac9cace52509918ebf63e,https://android.googlesource.com/kernel/common/+/refs/tags/android13-5.15-2022-07_r7,common-android13-5.15-2022-07,common-android13-5.15
android13-5.15-2022-07_r8,422a4f4b13c4e0667fb10bb8be1ffa598d16cb8f,https://android.googlesource.com/kernel/common/+/refs/tags/android13-5.15-2022-07_r8,common-android13-5.15-2022-07,common-android13-5.15
android13-5.15-2022-07_r9,e717e149a36da7598fadee967f81e2c941255c7c,https://android.googlesource.com/kernel/common/+/refs/tags/android13-5.15-2022-07_r9,common-android13-5.15-2022-07,common-android13-5.15
android13-5.15-2022-06_r1,f1bf82c3dacdcb078c472db50d538aa2cea69acf,https://android.googlesource.com/kernel/common/+/refs/tags/android13-5.15-2022-06_r1,common-android13-5.15-2022-06,common-android13-5.15
android13-5.15-2022-06_r2,1ca7559793e4a574efbcaac5a0260f4a915d1acf,https://android.googlesource.com/kernel/common/+/refs/tags/android13-5.15-2022-06_r2,common-android13-5.15-2022-06,common-android13-5.15
android13-5.15-2022-06_r3,4f7e7bfe5d2de3e84a9ddd2b5c123e8d18a31924,https://android.googlesource.com/kernel/common/+/refs/tags/android13-5.15-2022-06_r3,common-android13-5.15-2022-06,common-android13-5.15
android13-5.15-2022-06_r4,e0a662bdadd942f289236a25d894afb93ef8de4f,https://android.googlesource.com/kernel/common/+/refs/tags/android13-5.15-2022-06_r4,common-android13-5.15-2022-06,common-android13-5.15
android14-5.15-2026-01_r1,3d26c188ef7e87e52ea1fa0092db760a55e2ae4c,https://android.googlesource.com/kernel/common/+/refs/tags/android14-5.15-2026-01_r1,common-android14-5.15-2026-01,common-android14-5.15
android14-5.15-2025-10_r1,f81cc694a5dbfe5b72a1631a3a68b6287b7e3f87,https://android.googlesource.com/kernel/common/+/refs/tags/android14-5.15-2025-10_r1,common-android14-5.15-2025-10,common-android14-5.15
android14-5.15-2025-10_r2,d2dca14b9f2c3e17c56ed5380f1c7cbf16c4870e,https://android.googlesource.com/kernel/common/+/refs/tags/android14-5.15-2025-10_r2,common-android14-5.15-2025-10,common-android14-5.15
android14-5.15-2025-07_r1,74f9d6a1fc02b3f5d33d9ec0c64091041221b4d5,https://android.googlesource.com/kernel/common/+/refs/tags/android14-5.15-2025-07_r1,common-android14-5.15-2025-07,common-android14-5.15
android14-5.15-2025-07_r2,64f9c442f2da497a5771ed13325c0c7fe99eca39,https://android.googlesource.com/kernel/common/+/refs/tags/android14-5.15-2025-07_r2,common-android14-5.15-2025-07,common-android14-5.15
android14-5.15-2025-07_r3,8637ad4a0525e3da4d79d1ea3ef6c824bbed5a93,https://android.googlesource.com/kernel/common/+/refs/tags/android14-5.15-2025-07_r3,common-android14-5.15-2025-07,common-android14-5.15
android14-5.15-2025-05_r1,f55c0c36ffcd2d2b5f3689da033b9bebe8afd583,https://android.googlesource.com/kernel/common/+/refs/tags/android14-5.15-2025-05_r1,common-android14-5.15-2025-05,common-android14-5.15
android14-5.15-2025-05_r2,0ec4f095b62bba70fc73dc9b22187d988ae8966c,https://android.googlesource.com/kernel/common/+/refs/tags/android14-5.15-2025-05_r2,common-android14-5.15-2025-05,common-android14-5.15
android14-5.15-2025-05_r3,85fe33fba0061508f9c6740f09c018a0c3e39a57,https://android.googlesource.com/kernel/common/+/refs/tags/android14-5.15-2025-05_r3,common-android14-5.15-2025-05,common-android14-5.15
android14-5.15-2025-05_r4,e4ec976dfc8b0422262369b287caf7b3a686d5c0,https://android.googlesource.com/kernel/common/+/refs/tags/android14-5.15-2025-05_r4,common-android14-5.15-2025-05,common-android14-5.15
android14-5.15-2025-05_r5,68029283078d58097b6d4bfeb32fc1dfa54bb3f7,https://android.googlesource.com/kernel/common/+/refs/tags/android14-5.15-2025-05_r5,common-android14-5.15-2025-05,common-android14-5.15
android14-5.15-2025-05_r6,7d356708e4351f96fcf1934651d71b0108fc22e1,https://android.googlesource.com/kernel/common/+/refs/tags/android14-5.15-2025-05_r6,common-android14-5.15-2025-05,common-android14-5.15
android14-5.15-2025-05_r7,f258f18d09a29cfd01340c53c4acababffbe2e29,https://android.googlesource.com/kernel/common/+/refs/tags/android14-5.15-2025-05_r7,common-android14-5.15-2025-05,common-android14-5.15
android14-5.15-2025-03_r1,e1650a781ac9e97becb630eeb1d55fe13f539e4f,https://android.googlesource.com/kernel/common/+/refs/tags/android14-5.15-2025-03_r1,common-android14-5.15-2025-03,common-android14-5.15
android14-5.15-2025-03_r2,ddd4ee48fdbe8531d2eb53fb0042d98ea5079755,https://android.googlesource.com/kernel/common/+/refs/tags/android14-5.15-2025-03_r2,common-android14-5.15-2025-03,common-android14-5.15
android14-5.15-2025-03_r3,e654aebb09259b25df2d611901bcc169b092c857,https://android.googlesource.com/kernel/common/+/refs/tags/android14-5.15-2025-03_r3,common-android14-5.15-2025-03,common-android14-5.15
android14-5.15-2025-03_r4,234a61c8a66751c2762c9d86cd1e7a3727c3681d,https://android.googlesource.com/kernel/common/+/refs/tags/android14-5.15-2025-03_r4,common-android14-5.15-2025-03,common-android14-5.15
android14-5.15-2025-03_r5,7cc240503788326006b6f193a3468fb07a9e4583,https://android.googlesource.com/kernel/common/+/refs/tags/android14-5.15-2025-03_r5,common-android14-5.15-2025-03,common-android14-5.15
android14-5.15-2025-01_r1,3efc8295014d5d58ec8a765edc0d271e647a8b22,https://android.googlesource.com/kernel/common/+/refs/tags/android14-5.15-2025-01_r1,common-android14-5.15-2025-01,common-android14-5.15
android14-5.15-2025-01_r2,47235f57b7914b7ef525478b322428cb1aa55140,https://android.googlesource.com/kernel/common/+/refs/tags/android14-5.15-2025-01_r2,common-android14-5.15-2025-01,common-android14-5.15
android14-5.15-2025-01_r3,df9bf82da508c1db3ad02ec9e6075485bf378502,https://android.googlesource.com/kernel/common/+/refs/tags/android14-5.15-2025-01_r3,common-android14-5.15-2025-01,common-android14-5.15
android14-5.15-2025-01_r4,67d85a55fd3c090e1d8dfd455e24b267049a2fad,https://android.googlesource.com/kernel/common/+/refs/tags/android14-5.15-2025-01_r4,common-android14-5.15-2025-01,common-android14-5.15
android14-5.15-2024-11_r1,08f9380c9c2052ac78217fbb5bad1649af5c6e98,https://android.googlesource.com/kernel/common/+/refs/tags/android14-5.15-2024-11_r1,common-android14-5.15-2024-11,common-android14-5.15
android14-5.15-2024-11_r2,e040be9971c0af09972525fe3c338254e9097fa4,https://android.googlesource.com/kernel/common/+/refs/tags/android14-5.15-2024-11_r2,common-android14-5.15-2024-11,common-android14-5.15
android14-5.15-2024-11_r3,e1f888014d0271f43c57fba43b7bef136693cd11,https://android.googlesource.com/kernel/common/+/refs/tags/android14-5.15-2024-11_r3,common-android14-5.15-2024-11,common-android14-5.15
android14-5.15-2024-11_r4,a70be9f61daca324eb48c794305cbee37da879cc,https://android.googlesource.com/kernel/common/+/refs/tags/android14-5.15-2024-11_r4,common-android14-5.15-2024-11,common-android14-5.15
android14-5.15-2024-11_r5,d2bcf2a26a19b3a129b35b027b11ec39b8e19a6c,https://android.googlesource.com/kernel/common/+/refs/tags/android14-5.15-2024-11_r5,common-android14-5.15-2024-11,common-android14-5.15
android14-5.15-2024-11_r6,f63b4a27a08f639d93a291c153839740fadf068b,https://android.googlesource.com/kernel/common/+/refs/tags/android14-5.15-2024-11_r6,common-android14-5.15-2024-11,common-android14-5.15
android14-5.15-2024-11_r7,6cd5beea19224c0e8574ea7c42f5cecef576343f,https://android.googlesource.com/kernel/common/+/refs/tags/android14-5.15-2024-11_r7,common-android14-5.15-2024-11,common-android14-5.15
android14-5.15-2024-11_r8,a3c50721f489c5784a7ad7546e1ea6d7aab17a96,https://android.googlesource.com/kernel/common/+/refs/tags/android14-5.15-2024-11_r8,common-android14-5.15-2024-11,common-android14-5.15
android14-5.15-2024-11_r9,34f61651ed7d1611706f4b36dbc17aa0926e12ea,https://android.googlesource.com/kernel/common/+/refs/tags/android14-5.15-2024-11_r9,common-android14-5.15-2024-11,common-android14-5.15
android14-5.15-2024-11_r10,f2130917a13500c1a6cf43b76a45dab94e011074,https://android.googlesource.com/kernel/common/+/refs/tags/android14-5.15-2024-11_r10,common-android14-5.15-2024-11,common-android14-5.15
android14-5.15-2024-11_r11,08803fe0a1f8dac8e0faf5fe0f8dbf5074456c08,https://android.googlesource.com/kernel/common/+/refs/tags/android14-5.15-2024-11_r11,common-android14-5.15-2024-11,common-android14-5.15
android14-5.15-2024-09_r1,b0322718bc622428ed212b76dd971a69ac5d269c,https://android.googlesource.com/kernel/common/+/refs/tags/android14-5.15-2024-09_r1,common-android14-5.15-2024-09,common-android14-5.15
android14-5.15-2024-09_r3,eb45befa6368270e9de919f018cddc0c156818d4,https://android.googlesource.com/kernel/common/+/refs/tags/android14-5.15-2024-09_r3,common-android14-5.15-2024-09,common-android14-5.15
android14-5.15-2024-09_r4,057abcbf165fd9cd48dfeebbe390819f61aa32f3,https://android.googlesource.com/kernel/common/+/refs/tags/android14-5.15-2024-09_r4,common-android14-5.15-2024-09,common-android14-5.15
android14-5.15-2024-09_r5,7928bc4bdeef87ff0f8e6e689c8a461eb7912272,https://android.googlesource.com/kernel/common/+/refs/tags/android14-5.15-2024-09_r5,common-android14-5.15-2024-09,common-android14-5.15
android14-5.15-2024-09_r6,a411049c60e8aa5256ca9b90874aad851dc6e249,https://android.googlesource.com/kernel/common/+/refs/tags/android14-5.15-2024-09_r6,common-android14-5.15-2024-09,common-android14-5.15
android14-5.15-2024-09_r7,04c6479fcd1ca85476034cb617def69c2360d2d4,https://android.googlesource.com/kernel/common/+/refs/tags/android14-5.15-2024-09_r7,common-android14-5.15-2024-09,common-android14-5.15
android14-5.15-2024-09_r8,6caaaded6b2f161cbcb717515c2526036812ed79,https://android.googlesource.com/kernel/common/+/refs/tags/android14-5.15-2024-09_r8,common-android14-5.15-2024-09,common-android14-5.15
android14-5.15-2024-09_r9,ecd052452d63d461f41a5d1ca5b8091d64037d5c,https://android.googlesource.com/kernel/common/+/refs/tags/android14-5.15-2024-09_r9,common-android14-5.15-2024-09,common-android14-5.15
android14-5.15-2024-08_r1,ee296e5d1656c0571e09e7ef614638b227f037c3,https://android.googlesource.com/kernel/common/+/refs/tags/android14-5.15-2024-08_r1,common-android14-5.15-2024-08,common-android14-5.15
android14-5.15-2024-08_r2,3ba4fd1903697c41fc4c4ddda616c326f06718ea,https://android.googlesource.com/kernel/common/+/refs/tags/android14-5.15-2024-08_r2,common-android14-5.15-2024-08,common-android14-5.15
android14-5.15-2024-08_r3,e3ecbbb30433f0a374e484375d69cbca89a16f31,https://android.googlesource.com/kernel/common/+/refs/tags/android14-5.15-2024-08_r3,common-android14-5.15-2024-08,common-android14-5.15
android14-5.15-2024-08_r4,eafd9f3e6651194f0f62e868d19d743e905af781,https://android.googlesource.com/kernel/common/+/refs/tags/android14-5.15-2024-08_r4,common-android14-5.15-2024-08,common-android14-5.15
android14-5.15-2024-08_r5,02a8438fec403cc0c0c13c29fbc4a16543780094,https://android.googlesource.com/kernel/common/+/refs/tags/android14-5.15-2024-08_r5,common-android14-5.15-2024-08,common-android14-5.15
android14-5.15-2024-07_r1,a90e53f001cb5f055fa944a58db1a62e054b1ff9,https://android.googlesource.com/kernel/common/+/refs/tags/android14-5.15-2024-07_r1,common-android14-5.15-2024-07,common-android14-5.15
android14-5.15-2024-07_r2,7e57d5579ab92b20a975180537d4e2b352174d55,https://android.googlesource.com/kernel/common/+/refs/tags/android14-5.15-2024-07_r2,common-android14-5.15-2024-07,common-android14-5.15
android14-5.15-2024-07_r3,1ea07643b6ac85ccf2e77a7ce07fb77928ec9beb,https://android.googlesource.com/kernel/common/+/refs/tags/android14-5.15-2024-07_r3,common-android14-5.15-2024-07,common-android14-5.15
android14-5.15-2024-07_r5,48c8cec6bfa8f23a662e34ce842e6f63a26d8574,https://android.googlesource.com/kernel/common/+/refs/tags/android14-5.15-2024-07_r5,common-android14-5.15-2024-07,common-android14-5.15
android14-5.15-2024-07_r6,45a08e40f401df7370eb28dff67e6b6004885717,https://android.googlesource.com/kernel/common/+/refs/tags/android14-5.15-2024-07_r6,common-android14-5.15-2024-07,common-android14-5.15
android14-5.15-2024-07_r7,9e82625ad8abe149cf061ae39490364e5f3f1c90,https://android.googlesource.com/kernel/common/+/refs/tags/android14-5.15-2024-07_r7,common-android14-5.15-2024-07,common-android14-5.15
android14-5.15-2024-07_r8,0875f7359f63b08b3a12e8866816e632cc261c30,https://android.googlesource.com/kernel/common/+/refs/tags/android14-5.15-2024-07_r8,common-android14-5.15-2024-07,common-android14-5.15
android14-5.15-2024-07_r9,68e3e6a70b378cbf6ca99aece47743728370dee0,https://android.googlesource.com/kernel/common/+/refs/tags/android14-5.15-2024-07_r9,common-android14-5.15-2024-07,common-android14-5.15
android14-5.15-2024-07_r10,77de951629c2b1b786e94caee94f7819fadfe667,https://android.googlesource.com/kernel/common/+/refs/tags/android14-5.15-2024-07_r10,common-android14-5.15-2024-07,common-android14-5.15
android14-5.15-2024-07_r11,d9d8371cca3a69594647019eb29d7a71bbeaff88,https://android.googlesource.com/kernel/common/+/refs/tags/android14-5.15-2024-07_r11,common-android14-5.15-2024-07,common-android14-5.15
android14-5.15-2024-06_r1,ae1203581b89d71a19e6fcc06a91c15e04a6d55a,https://android.googlesource.com/kernel/common/+/refs/tags/android14-5.15-2024-06_r1,common-android14-5.15-2024-06,common-android14-5.15
android14-5.15-2024-06_r2,0e40d55f83a2fd6b29408d0b986bd1ff53a640a6,https://android.googlesource.com/kernel/common/+/refs/tags/android14-5.15-2024-06_r2,common-android14-5.15-2024-06,common-android14-5.15
android14-5.15-2024-06_r3,016487b75765abf4367c06fc97745476c34cab20,https://android.googlesource.com/kernel/common/+/refs/tags/android14-5.15-2024-06_r3,common-android14-5.15-2024-06,common-android14-5.15
android14-5.15-2024-06_r5,1d08b76f8edfae22ac8b685d285b2aee99416479,https://android.googlesource.com/kernel/common/+/refs/tags/android14-5.15-2024-06_r5,common-android14-5.15-2024-06,common-android14-5.15
android14-5.15-2024-06_r6,c4f1cf2d2aaa43963f7bc42d3773d818f6a19f6e,https://android.googlesource.com/kernel/common/+/refs/tags/android14-5.15-2024-06_r6,common-android14-5.15-2024-06,common-android14-5.15
android14-5.15-2024-06_r7,5724062e68f87403dfc55fd9203c2915912c69e1,https://android.googlesource.com/kernel/common/+/refs/tags/android14-5.15-2024-06_r7,common-android14-5.15-2024-06,common-android14-5.15
android14-5.15-2024-06_r8,55cc0a78f4059890144923d8d4917b34de6e61f8,https://android.googlesource.com/kernel/common/+/refs/tags/android14-5.15-2024-06_r8,common-android14-5.15-2024-06,common-android14-5.15
android14-5.15-2024-06_r9,cb99ca28d7b47017e3076ade45ce24b29827062e,https://android.googlesource.com/kernel/common/+/refs/tags/android14-5.15-2024-06_r9,common-android14-5.15-2024-06,common-android14-5.15
android14-5.15-2024-05_r1,7a65d44634e6f78a2367871d204df4214bbe02fa,https://android.googlesource.com/kernel/common/+/refs/tags/android14-5.15-2024-05_r1,common-android14-5.15-2024-05,common-android14-5.15
android14-5.15-2024-05_r2,7bdee094a589589e5cd2ad5285a9b83e5d88b512,https://android.googlesource.com/kernel/common/+/refs/tags/android14-5.15-2024-05_r2,common-android14-5.15-2024-05,common-android14-5.15
android14-5.15-2024-05_r3,5fc7a0734ae6e58acaafdd0c6e1a78ad019f49f3,https://android.googlesource.com/kernel/common/+/refs/tags/android14-5.15-2024-05_r3,common-android14-5.15-2024-05,common-android14-5.15
android14-5.15-2024-05_r4,4f808076b04fadd3b9340764dcfe2ef9a95dada6,https://android.googlesource.com/kernel/common/+/refs/tags/android14-5.15-2024-05_r4,common-android14-5.15-2024-05,common-android14-5.15
android14-5.15-2024-05_r5,db77d02e2351e8cc185f5086bf1ef49f19fa3ce5,https://android.googlesource.com/kernel/common/+/refs/tags/android14-5.15-2024-05_r5,common-android14-5.15-2024-05,common-android14-5.15
android14-5.15-2024-05_r6,e4b3010f6e1d2f8b013b80ed38b13ede094ada0f,https://android.googlesource.com/kernel/common/+/refs/tags/android14-5.15-2024-05_r6,common-android14-5.15-2024-05,common-android14-5.15
android14-5.15-2024-05_r7,df05e6c5b164b59e65d29bcc0c3f9a91f958fd26,https://android.googlesource.com/kernel/common/+/refs/tags/android14-5.15-2024-05_r7,common-android14-5.15-2024-05,common-android14-5.15
android14-5.15-2024-05_r8,17c290f9b2fc8c5760a3ae7df9b8af593220f2a5,https://android.googlesource.com/kernel/common/+/refs/tags/android14-5.15-2024-05_r8,common-android14-5.15-2024-05,common-android14-5.15
android14-5.15-2024-05_r9,0665e465b5803b4aba8320dd0fe7b2a26da302b3,https://android.googlesource.com/kernel/common/+/refs/tags/android14-5.15-2024-05_r9,common-android14-5.15-2024-05,common-android14-5.15
android14-5.15-2024-05_r10,3f4e1ccba8ea288280e9e18be6edf9e9a070a761,https://android.googlesource.com/kernel/common/+/refs/tags/android14-5.15-2024-05_r10,common-android14-5.15-2024-05,common-android14-5.15
android14-5.15-2024-05_r12,746e72bd4141d3d4d08f83338391f54457988d28,https://android.googlesource.com/kernel/common/+/refs/tags/android14-5.15-2024-05_r12,common-android14-5.15-2024-05,common-android14-5.15
android14-5.15-2024-05_r13,29bffed1b43f3a5580248c683a470ecb4b95c381,https://android.googlesource.com/kernel/common/+/refs/tags/android14-5.15-2024-05_r13,common-android14-5.15-2024-05,common-android14-5.15
android14-5.15-2024-05_r14,a101848c098261b8d585dc84142d8948059aee92,https://android.googlesource.com/kernel/common/+/refs/tags/android14-5.15-2024-05_r14,common-android14-5.15-2024-05,common-android14-5.15
android14-5.15-2024-05_r15,6d52388ea54839c978faf3e4b0f2a60c1a67e584,https://android.googlesource.com/kernel/common/+/refs/tags/android14-5.15-2024-05_r15,common-android14-5.15-2024-05,common-android14-5.15
android14-5.15-2024-05_r16,e358535bc9c03a83dfef8ff57746bbe5456e75da,https://android.googlesource.com/kernel/common/+/refs/tags/android14-5.15-2024-05_r16,common-android14-5.15-2024-05,common-android14-5.15
android14-5.15-2024-05_r17,cb0da4a5ba6a0fcdc0589308c64b17712dd1f53e,https://android.googlesource.com/kernel/common/+/refs/tags/android14-5.15-2024-05_r17,common-android14-5.15-2024-05,common-android14-5.15
android14-5.15-2024-05_r18,db86177abd50bb08545c84c10306372ce6628850,https://android.googlesource.com/kernel/common/+/refs/tags/android14-5.15-2024-05_r18,common-android14-5.15-2024-05,common-android14-5.15
android14-5.15-2024-05_r19,1c2ff1ee9f917082ee7b1e87e1ba581aa8bae88e,https://android.googlesource.com/kernel/common/+/refs/tags/android14-5.15-2024-05_r19,common-android14-5.15-2024-05,common-android14-5.15
android14-5.15-2024-05_r20,ca4e3e7fa8a768a6662b7f8a284448c291f365d8,https://android.googlesource.com/kernel/common/+/refs/tags/android14-5.15-2024-05_r20,common-android14-5.15-2024-05,common-android14-5.15
android14-5.15-2024-05_r21,1df9ec67cc8db297c46449e94d8290b692d396e1,https://android.googlesource.com/kernel/common/+/refs/tags/android14-5.15-2024-05_r21,common-android14-5.15-2024-05,common-android14-5.15
android14-5.15-2024-05_r22,1ddfc68fc7cc543110886309bf64efca7b3fbee2,https://android.googlesource.com/kernel/common/+/refs/tags/android14-5.15-2024-05_r22,common-android14-5.15-2024-05,common-android14-5.15
android14-5.15-2024-05_r23,ab101f7b5827dfb3a45a8354d0747cfa04d74853,https://android.googlesource.com/kernel/common/+/refs/tags/android14-5.15-2024-05_r23,common-android14-5.15-2024-05,common-android14-5.15
android14-5.15-2024-05_r24,7630ebad03a2072365c69f7f4e5ddee8e41f0001,https://android.googlesource.com/kernel/common/+/refs/tags/android14-5.15-2024-05_r24,common-android14-5.15-2024-05,common-android14-5.15
android14-5.15-2024-05_r25,11f76541af3b9f95d55f6c07d8a77f5728715467,https://android.googlesource.com/kernel/common/+/refs/tags/android14-5.15-2024-05_r25,common-android14-5.15-2024-05,common-android14-5.15
android14-5.15-2024-04_r1,34148b6a5103338e78d6b545099d5200b75c7e58,https://android.googlesource.com/kernel/common/+/refs/tags/android14-5.15-2024-04_r1,common-android14-5.15-2024-04,common-android14-5.15
android14-5.15-2024-04_r2,e2b3eea9404a9815668e9f6f3610907f11e4690c,https://android.googlesource.com/kernel/common/+/refs/tags/android14-5.15-2024-04_r2,common-android14-5.15-2024-04,common-android14-5.15
android14-5.15-2024-04_r4,346adc2a81c05e23e4ff07f2be32d44d983b7461,https://android.googlesource.com/kernel/common/+/refs/tags/android14-5.15-2024-04_r4,common-android14-5.15-2024-04,common-android14-5.15
android14-5.15-2024-04_r5,903a98187fe6b1680e64ee6e3efb48b8a3077734,https://android.googlesource.com/kernel/common/+/refs/tags/android14-5.15-2024-04_r5,common-android14-5.15-2024-04,common-android14-5.15
android14-5.15-2024-04_r7,65ab8c6e8a84d0cee7748f047e853d84c83cc8bd,https://android.googlesource.com/kernel/common/+/refs/tags/android14-5.15-2024-04_r7,common-android14-5.15-2024-04,common-android14-5.15
android14-5.15-2024-04_r8,538aef108b065ece87e41fce9b367fa33b0d822d,https://android.googlesource.com/kernel/common/+/refs/tags/android14-5.15-2024-04_r8,common-android14-5.15-2024-04,common-android14-5.15
android14-5.15-2024-04_r9,2a238ca3fae40ee4a2c307d7cff070ec5f07bb14,https://android.googlesource.com/kernel/common/+/refs/tags/android14-5.15-2024-04_r9,common-android14-5.15-2024-04,common-android14-5.15
android14-5.15-2024-04_r10,1d39d3c6e419e7110e162bf212381f0bc660b477,https://android.googlesource.com/kernel/common/+/refs/tags/android14-5.15-2024-04_r10,common-android14-5.15-2024-04,common-android14-5.15
android14-5.15-2024-03_r1,19706cdca2f9a97c875816dee560b553726dcb11,https://android.googlesource.com/kernel/common/+/refs/tags/android14-5.15-2024-03_r1,common-android14-5.15-2024-03,common-android14-5.15
android14-5.15-2024-03_r2,ead815ea2dadd5f1c09e0034071026f720eb9d1b,https://android.googlesource.com/kernel/common/+/refs/tags/android14-5.15-2024-03_r2,common-android14-5.15-2024-03,common-android14-5.15
android14-5.15-2024-03_r3,83d11156dc60c9b9eb1921095bf5cd8e5b976eb8,https://android.googlesource.com/kernel/common/+/refs/tags/android14-5.15-2024-03_r3,common-android14-5.15-2024-03,common-android14-5.15
android14-5.15-2024-03_r4,479f6dab207cec4fe5f5c056e23ee0e44b924a01,https://android.googlesource.com/kernel/common/+/refs/tags/android14-5.15-2024-03_r4,common-android14-5.15-2024-03,common-android14-5.15
android14-5.15-2024-03_r5,1a984cbd60c10ded2f9459f693b256ede16908bc,https://android.googlesource.com/kernel/common/+/refs/tags/android14-5.15-2024-03_r5,common-android14-5.15-2024-03,common-android14-5.15
android14-5.15-2024-03_r7,f30aff553cd0da3ae9356f136c58b17de161eae2,https://android.googlesource.com/kernel/common/+/refs/tags/android14-5.15-2024-03_r7,common-android14-5.15-2024-03,common-android14-5.15
android14-5.15-2024-03_r9,f7f1084f4f0607057564e013720f6488777a76f1,https://android.googlesource.com/kernel/common/+/refs/tags/android14-5.15-2024-03_r9,common-android14-5.15-2024-03,common-android14-5.15
android14-5.15-2024-03_r10,eaa02c3ffd88bb7c5c0edc46381581a4f5a346e6,https://android.googlesource.com/kernel/common/+/refs/tags/android14-5.15-2024-03_r10,common-android14-5.15-2024-03,common-android14-5.15
android14-5.15-2024-02_r1,653766024c5341253bf9e758153a43674b724394,https://android.googlesource.com/kernel/common/+/refs/tags/android14-5.15-2024-02_r1,common-android14-5.15-2024-02,common-android14-5.15
android14-5.15-2024-02_r2,36e648bba2ecdb5ef432c78923fff31f71135c8c,https://android.googlesource.com/kernel/common/+/refs/tags/android14-5.15-2024-02_r2,common-android14-5.15-2024-02,common-android14-5.15
android14-5.15-2024-02_r3,2572bf5516dfef4b1dac7a840c765f312bb68c85,https://android.googlesource.com/kernel/common/+/refs/tags/android14-5.15-2024-02_r3,common-android14-5.15-2024-02,common-android14-5.15
android14-5.15-2024-02_r4,144d37ff1bd258c944ba861b445485738d5ecf4b,https://android.googlesource.com/kernel/common/+/refs/tags/android14-5.15-2024-02_r4,common-android14-5.15-2024-02,common-android14-5.15
android14-5.15-2024-02_r5,973c79fa0024f27333cb94a694424d608dcba9e7,https://android.googlesource.com/kernel/common/+/refs/tags/android14-5.15-2024-02_r5,common-android14-5.15-2024-02,common-android14-5.15
android14-5.15-2024-02_r6,98bed5c7dc04e178bfae2b580de2ac65f9a20d94,https://android.googlesource.com/kernel/common/+/refs/tags/android14-5.15-2024-02_r6,common-android14-5.15-2024-02,common-android14-5.15
android14-5.15-2024-02_r7,86c830273096bd1c55e51c8b6df3d909e6b3bf04,https://android.googlesource.com/kernel/common/+/refs/tags/android14-5.15-2024-02_r7,common-android14-5.15-2024-02,common-android14-5.15
android14-5.15-2024-02_r8,fa9bf099256ee20f47dfe116cc43a7cfe701ad73,https://android.googlesource.com/kernel/common/+/refs/tags/android14-5.15-2024-02_r8,common-android14-5.15-2024-02,common-android14-5.15
android14-5.15-2024-02_r9,4dd72e5c9852ce62f83b48002f4a3315f01bbd4f,https://android.googlesource.com/kernel/common/+/refs/tags/android14-5.15-2024-02_r9,common-android14-5.15-2024-02,common-android14-5.15
android14-5.15-2024-02_r10,697642272fb22ddfd6f9a484e9073ec1ab228b57,https://android.googlesource.com/kernel/common/+/refs/tags/android14-5.15-2024-02_r10,common-android14-5.15-2024-02,common-android14-5.15
android14-5.15-2024-02_r12,164d6b17cfef9359424688717977797e3017cd4a,https://android.googlesource.com/kernel/common/+/refs/tags/android14-5.15-2024-02_r12,common-android14-5.15-2024-02,common-android14-5.15
android14-5.15-2024-01_r1,dece49ff8a45d7be4db8ae03987a4c2d9e363531,https://android.googlesource.com/kernel/common/+/refs/tags/android14-5.15-2024-01_r1,common-android14-5.15-2024-01,common-android14-5.15
android14-5.15-2024-01_r2,4e3823e94c4640fda51368f23985f7d51977fe8a,https://android.googlesource.com/kernel/common/+/refs/tags/android14-5.15-2024-01_r2,common-android14-5.15-2024-01,common-android14-5.15
android14-5.15-2024-01_r3,c16060052ef4546688dbe0f4ad8d4b76a32f706c,https://android.googlesource.com/kernel/common/+/refs/tags/android14-5.15-2024-01_r3,common-android14-5.15-2024-01,common-android14-5.15
android14-5.15-2024-01_r4,35fe68699a93e739dcb87fc4fbe632a5a49c1d94,https://android.googlesource.com/kernel/common/+/refs/tags/android14-5.15-2024-01_r4,common-android14-5.15-2024-01,common-android14-5.15
android14-5.15-2024-01_r5,e7170572f6aea03413b7c20c414c1609073b9b5c,https://android.googlesource.com/kernel/common/+/refs/tags/android14-5.15-2024-01_r5,common-android14-5.15-2024-01,common-android14-5.15
android14-5.15-2024-01_r6,bfafda5bee897f0ead5e03d6aae830579d9a21f7,https://android.googlesource.com/kernel/common/+/refs/tags/android14-5.15-2024-01_r6,common-android14-5.15-2024-01,common-android14-5.15
android14-5.15-2024-01_r7,61a6cebdd9a118cef9571b6ae44c897cb4d7144a,https://android.googlesource.com/kernel/common/+/refs/tags/android14-5.15-2024-01_r7,common-android14-5.15-2024-01,common-android14-5.15
android14-5.15-2024-01_r8,ee5a1e9a819189ddf73929e022768fa45f0e31bc,https://android.googlesource.com/kernel/common/+/refs/tags/android14-5.15-2024-01_r8,common-android14-5.15-2024-01,common-android14-5.15
android14-5.15-2024-01_r9,abe94958371b47515417c9b6664211447b6e5d2c,https://android.googlesource.com/kernel/common/+/refs/tags/android14-5.15-2024-01_r9,common-android14-5.15-2024-01,common-android14-5.15
android14-5.15-2024-01_r10,64d58bc3d3eacce0c83202e0e50e3ec050cbd801,https://android.googlesource.com/kernel/common/+/refs/tags/android14-5.15-2024-01_r10,common-android14-5.15-2024-01,common-android14-5.15
android14-5.15-2024-01_r11,bf4f9bc41c3b5203e1e7284e1de78e82f0630473,https://android.googlesource.com/kernel/common/+/refs/tags/android14-5.15-2024-01_r11,common-android14-5.15-2024-01,common-android14-5.15
android14-5.15-2024-01_r12,0de66e0a622ce1712556800b4d5648a11e0eb815,https://android.googlesource.com/kernel/common/+/refs/tags/android14-5.15-2024-01_r12,common-android14-5.15-2024-01,common-android14-5.15
android14-5.15-2024-01_r13,316696f1d1a40de97d726951cd705f2eb131c693,https://android.googlesource.com/kernel/common/+/refs/tags/android14-5.15-2024-01_r13,common-android14-5.15-2024-01,common-android14-5.15
android14-5.15-2024-01_r14,f28aa54a4d8cde8dfa0924127c35be95c0ae74f0,https://android.googlesource.com/kernel/common/+/refs/tags/android14-5.15-2024-01_r14,common-android14-5.15-2024-01,common-android14-5.15
android14-5.15-2024-01_r15,b572b1fac135b27cf70a04cdd9a89f80d58fad57,https://android.googlesource.com/kernel/common/+/refs/tags/android14-5.15-2024-01_r15,common-android14-5.15-2024-01,common-android14-5.15
android14-5.15-2024-01_r17,bc062a78e1950dbffe013c5181270209d42420e6,https://android.googlesource.com/kernel/common/+/refs/tags/android14-5.15-2024-01_r17,common-android14-5.15-2024-01,common-android14-5.15
android14-5.15-2024-01_r19,2479112ea77b6f74a10d3c90680725ba43b3990d,https://android.googlesource.com/kernel/common/+/refs/tags/android14-5.15-2024-01_r19,common-android14-5.15-2024-01,common-android14-5.15
android14-5.15-2023-11_r1,3915d997ab1137e0c085b6c178d30284d73e2f8b,https://android.googlesource.com/kernel/common/+/refs/tags/android14-5.15-2023-11_r1,common-android14-5.15-2023-11,common-android14-5.15
android14-5.15-2023-11_r2,0a3bd8de75ebdccfe928eb35a129910b9bf69813,https://android.googlesource.com/kernel/common/+/refs/tags/android14-5.15-2023-11_r2,common-android14-5.15-2023-11,common-android14-5.15
android14-5.15-2023-11_r3,36dcb2d0d1571f1d4fc945f62bac4ff6dbb71d50,https://android.googlesource.com/kernel/common/+/refs/tags/android14-5.15-2023-11_r3,common-android14-5.15-2023-11,common-android14-5.15
android14-5.15-2023-11_r4,27802b0f07a61e24255d112d89c2935cfce773bb,https://android.googlesource.com/kernel/common/+/refs/tags/android14-5.15-2023-11_r4,common-android14-5.15-2023-11,common-android14-5.15
android14-5.15-2023-11_r5,a6b8bed8207228b093577505c9a7a7246320f9d4,https://android.googlesource.com/kernel/common/+/refs/tags/android14-5.15-2023-11_r5,common-android14-5.15-2023-11,common-android14-5.15
android14-5.15-2023-11_r6,3e4bc3e0773fb1f0df8131e20ae0af509f054c03,https://android.googlesource.com/kernel/common/+/refs/tags/android14-5.15-2023-11_r6,common-android14-5.15-2023-11,common-android14-5.15
android14-5.15-2023-11_r7,d99d9fe08e0c5db712d690a066b6cba7fd119280,https://android.googlesource.com/kernel/common/+/refs/tags/android14-5.15-2023-11_r7,common-android14-5.15-2023-11,common-android14-5.15
android14-5.15-2023-11_r8,6a84e0e0f7040326e3acfc4d7bc55a29adbdb6b6,https://android.googlesource.com/kernel/common/+/refs/tags/android14-5.15-2023-11_r8,common-android14-5.15-2023-11,common-android14-5.15
android14-5.15-2023-11_r9,59a2e6511e6df074ae23ce7057852bfb07550ecd,https://android.googlesource.com/kernel/common/+/refs/tags/android14-5.15-2023-11_r9,common-android14-5.15-2023-11,common-android14-5.15
android14-5.15-2023-11_r10,ec8ba8757df34d7409c2627a63bd1cc1c723d167,https://android.googlesource.com/kernel/common/+/refs/tags/android14-5.15-2023-11_r10,common-android14-5.15-2023-11,common-android14-5.15
android14-5.15-2023-11_r11,1eeda34c96838cee19f2f0b6234302c11702904f,https://android.googlesource.com/kernel/common/+/refs/tags/android14-5.15-2023-11_r11,common-android14-5.15-2023-11,common-android14-5.15
android14-5.15-2023-11_r12,9520a47b21457e4411c58e364f71c7428f9a3896,https://android.googlesource.com/kernel/common/+/refs/tags/android14-5.15-2023-11_r12,common-android14-5.15-2023-11,common-android14-5.15
android14-5.15-2023-11_r13,2d977aa5f0fe5968693e038dd6335d1cf45ca176,https://android.googlesource.com/kernel/common/+/refs/tags/android14-5.15-2023-11_r13,common-android14-5.15-2023-11,common-android14-5.15
android14-5.15-2023-11_r14,c8c7658972b94dad334badfc161f7627a7fc4456,https://android.googlesource.com/kernel/common/+/refs/tags/android14-5.15-2023-11_r14,common-android14-5.15-2023-11,common-android14-5.15
android14-5.15-2023-11_r16,354e67bb35787c41d9c62c593645c0a1c56f09bc,https://android.googlesource.com/kernel/common/+/refs/tags/android14-5.15-2023-11_r16,common-android14-5.15-2023-11,common-android14-5.15
android14-5.15-2023-11_r17,70e489f3b6823ebbb6f1d7454bf1552720eda1a8,https://android.googlesource.com/kernel/common/+/refs/tags/android14-5.15-2023-11_r17,common-android14-5.15-2023-11,common-android14-5.15
android14-5.15-2023-11_r18,40171642390c28ec210c340f9a66ff8302dfe4aa,https://android.googlesource.com/kernel/common/+/refs/tags/android14-5.15-2023-11_r18,common-android14-5.15-2023-11,common-android14-5.15
android14-5.15-2023-11_r19,5565fb8c8d0b1ae9a91905ed6d0b6605cd6b907b,https://android.googlesource.com/kernel/common/+/refs/tags/android14-5.15-2023-11_r19,common-android14-5.15-2023-11,common-android14-5.15
android14-5.15-2023-11_r21,9ef449b1e16c3df516ea199a8b1e58a29f748c4e,https://android.googlesource.com/kernel/common/+/refs/tags/android14-5.15-2023-11_r21,common-android14-5.15-2023-11,common-android14-5.15
android14-5.15-2023-09_r1,e5e093b964cb83938f22c8454a4c1712d64383ed,https://android.googlesource.com/kernel/common/+/refs/tags/android14-5.15-2023-09_r1,common-android14-5.15-2023-09,common-android14-5.15
android14-5.15-2023-09_r2,0e5dc555a0d85187221c048a41479bcdfe721488,https://android.googlesource.com/kernel/common/+/refs/tags/android14-5.15-2023-09_r2,common-android14-5.15-2023-09,common-android14-5.15
android14-5.15-2023-09_r3,a2e0eb30fad34a96aad224ffa66d97008d0e6eb9,https://android.googlesource.com/kernel/common/+/refs/tags/android14-5.15-2023-09_r3,common-android14-5.15-2023-09,common-android14-5.15
android14-5.15-2023-08_r1,4c73cba07b12a4d043898dd89c7590b9fbe57ab8,https://android.googlesource.com/kernel/common/+/refs/tags/android14-5.15-2023-08_r1,common-android14-5.15-2023-08,common-android14-5.15
android14-5.15-2023-08_r2,1e93e08744aa27fcc07cc60614b8e75f15222af9,https://android.googlesource.com/kernel/common/+/refs/tags/android14-5.15-2023-08_r2,common-android14-5.15-2023-08,common-android14-5.15
android14-5.15-2023-08_r3,efc032988f2246d75e8276aae9006ef746390cf6,https://android.googlesource.com/kernel/common/+/refs/tags/android14-5.15-2023-08_r3,common-android14-5.15-2023-08,common-android14-5.15
android14-5.15-2023-08_r4,3dca6fa9e793426bdc88005e0acc6c399212e5c0,https://android.googlesource.com/kernel/common/+/refs/tags/android14-5.15-2023-08_r4,common-android14-5.15-2023-08,common-android14-5.15
android14-5.15-2023-08_r5,a65dd2464cf27429cf9268c3c201615c0a2da7c5,https://android.googlesource.com/kernel/common/+/refs/tags/android14-5.15-2023-08_r5,common-android14-5.15-2023-08,common-android14-5.15
android14-5.15-2023-08_r6,ab75a05c0b7c88aa38f9afc03dc3f516e61703c3,https://android.googlesource.com/kernel/common/+/refs/tags/android14-5.15-2023-08_r6,common-android14-5.15-2023-08,common-android14-5.15
android14-5.15-2023-08_r7,b7c413e61caf1c9a4bc87dc0c0a5fcb6f4cc451e,https://android.googlesource.com/kernel/common/+/refs/tags/android14-5.15-2023-08_r7,common-android14-5.15-2023-08,common-android14-5.15
android14-5.15-2023-08_r8,cc48824eebe8ed3ae6c832d16b182d419b0a65ba,https://android.googlesource.com/kernel/common/+/refs/tags/android14-5.15-2023-08_r8,common-android14-5.15-2023-08,common-android14-5.15
android14-5.15-2023-08_r9,e4b7df374f24d3f81bd2a28c4b58f5ff896ca39c,https://android.googlesource.com/kernel/common/+/refs/tags/android14-5.15-2023-08_r9,common-android14-5.15-2023-08,common-android14-5.15
android14-5.15-2023-08_r10,ffcd3fe2dcc1cd43068638ebf031ad69698fce0f,https://android.googlesource.com/kernel/common/+/refs/tags/android14-5.15-2023-08_r10,common-android14-5.15-2023-08,common-android14-5.15
android14-5.15-2023-08_r11,60a7efd8a6984ba439932f1f9f2ddcb64718afaa,https://android.googlesource.com/kernel/common/+/refs/tags/android14-5.15-2023-08_r11,common-android14-5.15-2023-08,common-android14-5.15
android14-5.15-2023-08_r12,d3b718a381a2a06587cc188710e0de4cb9232651,https://android.googlesource.com/kernel/common/+/refs/tags/android14-5.15-2023-08_r12,common-android14-5.15-2023-08,common-android14-5.15
android14-5.15-2023-08_r13,25b9fcafaf92feb7efc21733601f6bb6a65e7060,https://android.googlesource.com/kernel/common/+/refs/tags/android14-5.15-2023-08_r13,common-android14-5.15-2023-08,common-android14-5.15
android14-5.15-2023-08_r14,6f8ac662e148ff3ec5ec23f275478b17995edea1,https://android.googlesource.com/kernel/common/+/refs/tags/android14-5.15-2023-08_r14,common-android14-5.15-2023-08,common-android14-5.15
android14-5.15-2023-08_r15,6026c186d35e1085e7c98d9a79ae22a182d7fb9c,https://android.googlesource.com/kernel/common/+/refs/tags/android14-5.15-2023-08_r15,common-android14-5.15-2023-08,common-android14-5.15
android14-5.15-2023-08_r16,67f66be52d7c5646aa3be835d099109e28528774,https://android.googlesource.com/kernel/common/+/refs/tags/android14-5.15-2023-08_r16,common-android14-5.15-2023-08,common-android14-5.15
android14-5.15-2023-08_r17,37545232ef578365eb9ba264f324561bd39af04d,https://android.googlesource.com/kernel/common/+/refs/tags/android14-5.15-2023-08_r17,common-android14-5.15-2023-08,common-android14-5.15
android14-5.15-2023-08_r18,35a2332693ffeee66c8b44f343e0b220d6cff904,https://android.googlesource.com/kernel/common/+/refs/tags/android14-5.15-2023-08_r18,common-android14-5.15-2023-08,common-android14-5.15
android14-5.15-2023-06_r1,5c138afc955be7f74affba37b4ba498ecf0c1b95,https://android.googlesource.com/kernel/common/+/refs/tags/android14-5.15-2023-06_r1,common-android14-5.15-2023-06,common-android14-5.15
android14-5.15-2023-06_r2,2a75568a6b9d1a9bfcaa4298485d9e662732454e,https://android.googlesource.com/kernel/common/+/refs/tags/android14-5.15-2023-06_r2,common-android14-5.15-2023-06,common-android14-5.15
android14-5.15-2023-06_r3,41c8d5090aeb62d077ba1efd1f435c0b90d29437,https://android.googlesource.com/kernel/common/+/refs/tags/android14-5.15-2023-06_r3,common-android14-5.15-2023-06,common-android14-5.15
android14-5.15-2023-06_r4,ca732593435812d277511655f9ad7fa97a20ddac,https://android.googlesource.com/kernel/common/+/refs/tags/android14-5.15-2023-06_r4,common-android14-5.15-2023-06,common-android14-5.15
android14-5.15-2023-06_r5,3ff9b9db98fb35978a37bfc4f0b83a05857507d2,https://android.googlesource.com/kernel/common/+/refs/tags/android14-5.15-2023-06_r5,common-android14-5.15-2023-06,common-android14-5.15
android14-5.15-2023-06_r6,ab62e8f4fce3094b69a1326707925e9ef81ebb3b,https://android.googlesource.com/kernel/common/+/refs/tags/android14-5.15-2023-06_r6,common-android14-5.15-2023-06,common-android14-5.15
android14-5.15-2023-06_r7,61313dbc108a88b8480974eb2efbf45a1e1e7633,https://android.googlesource.com/kernel/common/+/refs/tags/android14-5.15-2023-06_r7,common-android14-5.15-2023-06,common-android14-5.15
android14-5.15-2023-06_r8,a6d7915820a0966c402d856d69e795b2baed3440,https://android.googlesource.com/kernel/common/+/refs/tags/android14-5.15-2023-06_r8,common-android14-5.15-2023-06,common-android14-5.15
android14-5.15-2023-06_r10,2c1f3789d609bd549f14c019b6c7b311bfd2fa64,https://android.googlesource.com/kernel/common/+/refs/tags/android14-5.15-2023-06_r10,common-android14-5.15-2023-06,common-android14-5.15
android14-5.15-2023-06_r11,c3eb21f4b216ebd927e063d3570606367141c564,https://android.googlesource.com/kernel/common/+/refs/tags/android14-5.15-2023-06_r11,common-android14-5.15-2023-06,common-android14-5.15
android14-6.1-2025-12_r1,22a65aa13222123cd8103f0b5092842ae7c1f041,https://android.googlesource.com/kernel/common/+/refs/tags/android14-6.1-2025-12_r1,common-android14-6.1-2025-12,common-android14-6.1
android14-6.1-2025-12_r2,82d681c9b06bb8fb2cec58f7b2ae05644e6372f1,https://android.googlesource.com/kernel/common/+/refs/tags/android14-6.1-2025-12_r2,common-android14-6.1-2025-12,common-android14-6.1
android14-6.1-2025-12_r3,2c0cf7b3a827953ada8818022b28d2990e7a2b41,https://android.googlesource.com/kernel/common/+/refs/tags/android14-6.1-2025-12_r3,common-android14-6.1-2025-12,common-android14-6.1
android14-6.1-2025-12_r4,27b608536f8660a5fbd79f9e1390c90a9c1589db,https://android.googlesource.com/kernel/common/+/refs/tags/android14-6.1-2025-12_r4,common-android14-6.1-2025-12,common-android14-6.1
android14-6.1-2025-12_r5,876a14bb050faabffa8638caceeaafcf111d24a4,https://android.googlesource.com/kernel/common/+/refs/tags/android14-6.1-2025-12_r5,common-android14-6.1-2025-12,common-android14-6.1
android14-6.1-2025-12_r6,42e5f6c84fcc180eff1f6f6f6e27f4a69b20163a,https://android.googlesource.com/kernel/common/+/refs/tags/android14-6.1-2025-12_r6,common-android14-6.1-2025-12,common-android14-6.1
android14-6.1-2025-12_r8,297245db9ecd6b0b5fa00f2e79dbbd06953fabbd,https://android.googlesource.com/kernel/common/+/refs/tags/android14-6.1-2025-12_r8,common-android14-6.1-2025-12,common-android14-6.1
android14-6.1-2025-12_r9,bd23337e42e794964a89f47596daf1209a25ee1a,https://android.googlesource.com/kernel/common/+/refs/tags/android14-6.1-2025-12_r9,common-android14-6.1-2025-12,common-android14-6.1
android14-6.1-2025-09_r1,98a7b989ad45492893ef601d89ea0c247334baf2,https://android.googlesource.com/kernel/common/+/refs/tags/android14-6.1-2025-09_r1,common-android14-6.1-2025-09,common-android14-6.1
android14-6.1-2025-09_r2,0e4cfa9fa38bf5b18f96bbbf8e08e0f7ab35489a,https://android.googlesource.com/kernel/common/+/refs/tags/android14-6.1-2025-09_r2,common-android14-6.1-2025-09,common-android14-6.1
android14-6.1-2025-09_r3,f054b088536f58306b291c0ff25f759c55801cd4,https://android.googlesource.com/kernel/common/+/refs/tags/android14-6.1-2025-09_r3,common-android14-6.1-2025-09,common-android14-6.1
android14-6.1-2025-09_r4,4b828d3a3ad92e54800c002ae4d0bf72cd2c96e2,https://android.googlesource.com/kernel/common/+/refs/tags/android14-6.1-2025-09_r4,common-android14-6.1-2025-09,common-android14-6.1
android14-6.1-2025-09_r5,4f184da362d5a739b8c9dcd69cce6dbb4503792e,https://android.googlesource.com/kernel/common/+/refs/tags/android14-6.1-2025-09_r5,common-android14-6.1-2025-09,common-android14-6.1
android14-6.1-2025-09_r6,09f1c0074ad7fa62825f33126659c9ef2c132ae4,https://android.googlesource.com/kernel/common/+/refs/tags/android14-6.1-2025-09_r6,common-android14-6.1-2025-09,common-android14-6.1
android14-6.1-2025-09_r7,11c274d0441f287e4c37ec7a353cbc3cd169bff9,https://android.googlesource.com/kernel/common/+/refs/tags/android14-6.1-2025-09_r7,common-android14-6.1-2025-09,common-android14-6.1
android14-6.1-2025-09_r8,7752340191612c1c4ec42f9603a87b523eb72f71,https://android.googlesource.com/kernel/common/+/refs/tags/android14-6.1-2025-09_r8,common-android14-6.1-2025-09,common-android14-6.1
android14-6.1-2025-09_r10,8f852c597efa75994b2d9b2b6024999da231a7ae,https://android.googlesource.com/kernel/common/+/refs/tags/android14-6.1-2025-09_r10,common-android14-6.1-2025-09,common-android14-6.1
android14-6.1-2025-09_r11,1bf91c98a83791d0b502ea5218881635c684c2f0,https://android.googlesource.com/kernel/common/+/refs/tags/android14-6.1-2025-09_r11,common-android14-6.1-2025-09,common-android14-6.1
android14-6.1-2025-09_r12,6476e5d64296850846537c7c8b775c75258e2df7,https://android.googlesource.com/kernel/common/+/refs/tags/android14-6.1-2025-09_r12,common-android14-6.1-2025-09,common-android14-6.1
android14-6.1-2025-09_r13,7efba616ff076076f4b953d04653245bac8d9207,https://android.googlesource.com/kernel/common/+/refs/tags/android14-6.1-2025-09_r13,common-android14-6.1-2025-09,common-android14-6.1
android14-6.1-2025-09_r14,fc1d54ae71d90167ab350c3ebad1afae882599eb,https://android.googlesource.com/kernel/common/+/refs/tags/android14-6.1-2025-09_r14,common-android14-6.1-2025-09,common-android14-6.1
android14-6.1-2025-09_r15,7faac809a0984f0959044ed449abb276533583df,https://android.googlesource.com/kernel/common/+/refs/tags/android14-6.1-2025-09_r15,common-android14-6.1-2025-09,common-android14-6.1
android14-6.1-2025-09_r16,d1b5b8b300b368389d6972eac0f0d9af3f22af8f,https://android.googlesource.com/kernel/common/+/refs/tags/android14-6.1-2025-09_r16,common-android14-6.1-2025-09,common-android14-6.1
android14-6.1-2025-09_r17,08d2cd39b3b28fe6c00f6cbe64f178eb90e7304a,https://android.googlesource.com/kernel/common/+/refs/tags/android14-6.1-2025-09_r17,common-android14-6.1-2025-09,common-android14-6.1
android14-6.1-2025-09_r18,a834abb484ccc28bc70f0481bd6872521face720,https://android.googlesource.com/kernel/common/+/refs/tags/android14-6.1-2025-09_r18,common-android14-6.1-2025-09,common-android14-6.1
android14-6.1-2025-09_r19,b812b232b0959e0476d1809d64a4dda2fa4dc8e1,https://android.googlesource.com/kernel/common/+/refs/tags/android14-6.1-2025-09_r19,common-android14-6.1-2025-09,common-android14-6.1
android14-6.1-2025-09_r20,74d1702dab4d69de8aad9f73b5bed84e752a5c73,https://android.googlesource.com/kernel/common/+/refs/tags/android14-6.1-2025-09_r20,common-android14-6.1-2025-09,common-android14-6.1
android14-6.1-2025-09_r22,fa1d6308d1fe803c3fdebcd3ee6f7a1155fc3462,https://android.googlesource.com/kernel/common/+/refs/tags/android14-6.1-2025-09_r22,common-android14-6.1-2025-09,common-android14-6.1
android14-6.1-2025-09_r23,6eb5b2798039abd3ef0966de298c083ef6d0e642,https://android.googlesource.com/kernel/common/+/refs/tags/android14-6.1-2025-09_r23,common-android14-6.1-2025-09,common-android14-6.1
android14-6.1-2025-09_r24,9249fbae1303fe9e610ee359029e1e0e142cad35,https://android.googlesource.com/kernel/common/+/refs/tags/android14-6.1-2025-09_r24,common-android14-6.1-2025-09,common-android14-6.1
android14-6.1-2025-09_r25,94d604e3a7c37c46155e5e3fa6f76ced27f5add9,https://android.googlesource.com/kernel/common/+/refs/tags/android14-6.1-2025-09_r25,common-android14-6.1-2025-09,common-android14-6.1
android14-6.1-2025-09_r26,dfe9af755e9ac375c36ccb716a51458bb345ffaa,https://android.googlesource.com/kernel/common/+/refs/tags/android14-6.1-2025-09_r26,common-android14-6.1-2025-09,common-android14-6.1
android14-6.1-2025-09_r28,eaa643a2c0eec7b43764584d8f0f6c9011277cf2,https://android.googlesource.com/kernel/common/+/refs/tags/android14-6.1-2025-09_r28,common-android14-6.1-2025-09,common-android14-6.1
android14-6.1-2025-09_r29,9b69cc399ae132f3af92d1e0412a0e032d904959,https://android.googlesource.com/kernel/common/+/refs/tags/android14-6.1-2025-09_r29,common-android14-6.1-2025-09,common-android14-6.1
android14-6.1-2025-08_r1,1b8fdcb00333c4c2355e4b5c55d9020c554eecca,https://android.googlesource.com/kernel/common/+/refs/tags/android14-6.1-2025-08_r1,common-android14-6.1-2025-08,common-android14-6.1
android14-6.1-2025-08_r2,999934f97fbe42051117cef677a6dd5325cc28a7,https://android.googlesource.com/kernel/common/+/refs/tags/android14-6.1-2025-08_r2,common-android14-6.1-2025-08,common-android14-6.1
android14-6.1-2025-08_r3,99a2503ca9cdbad325c3a4bec63f873acefe105c,https://android.googlesource.com/kernel/common/+/refs/tags/android14-6.1-2025-08_r3,common-android14-6.1-2025-08,common-android14-6.1
android14-6.1-2025-08_r4,cf0fd34a8b138c1626a01878c0fcf718710ca333,https://android.googlesource.com/kernel/common/+/refs/tags/android14-6.1-2025-08_r4,common-android14-6.1-2025-08,common-android14-6.1
android14-6.1-2025-08_r5,bd17012cc2f7590e54c1e00cd5c3e2aa983c6be7,https://android.googlesource.com/kernel/common/+/refs/tags/android14-6.1-2025-08_r5,common-android14-6.1-2025-08,common-android14-6.1
android14-6.1-2025-08_r6,d3754b2b4c37fbbee9c4b4804cff664e8f87fc6f,https://android.googlesource.com/kernel/common/+/refs/tags/android14-6.1-2025-08_r6,common-android14-6.1-2025-08,common-android14-6.1
android14-6.1-2025-08_r7,2d3ce14645c2507623c2459539e36cdcd08a3e89,https://android.googlesource.com/kernel/common/+/refs/tags/android14-6.1-2025-08_r7,common-android14-6.1-2025-08,common-android14-6.1
android14-6.1-2025-08_r8,c1de4747ac591582dce61ce3143a25cccdef3442,https://android.googlesource.com/kernel/common/+/refs/tags/android14-6.1-2025-08_r8,common-android14-6.1-2025-08,common-android14-6.1
android14-6.1-2025-08_r9,6df4284544659903bca71eb3cf66b8359658a6ee,https://android.googlesource.com/kernel/common/+/refs/tags/android14-6.1-2025-08_r9,common-android14-6.1-2025-08,common-android14-6.1
android14-6.1-2025-08_r10,66d850f9dea955784d787b1141dd700fb01067dd,https://android.googlesource.com/kernel/common/+/refs/tags/android14-6.1-2025-08_r10,common-android14-6.1-2025-08,common-android14-6.1
android14-6.1-2025-07_r1,134baef84790d8b2a37bbef93c30b03cb939d1d8,https://android.googlesource.com/kernel/common/+/refs/tags/android14-6.1-2025-07_r1,common-android14-6.1-2025-07,common-android14-6.1
android14-6.1-2025-07_r2,116caa629126752571867e35b814f6f9febd4a28,https://android.googlesource.com/kernel/common/+/refs/tags/android14-6.1-2025-07_r2,common-android14-6.1-2025-07,common-android14-6.1
android14-6.1-2025-07_r3,4e52994af56a91f19a6378606064c8e6d92ae973,https://android.googlesource.com/kernel/common/+/refs/tags/android14-6.1-2025-07_r3,common-android14-6.1-2025-07,common-android14-6.1
android14-6.1-2025-07_r4,43172c1be00ed3589e2f21051fdd2f2e91794a4b,https://android.googlesource.com/kernel/common/+/refs/tags/android14-6.1-2025-07_r4,common-android14-6.1-2025-07,common-android14-6.1
android14-6.1-2025-07_r5,e965ffee6237ee806e6ba3cc946b648bf4115071,https://android.googlesource.com/kernel/common/+/refs/tags/android14-6.1-2025-07_r5,common-android14-6.1-2025-07,common-android14-6.1
android14-6.1-2025-07_r6,fa125f0fd372e7ecd70c80b8506522d5e2774795,https://android.googlesource.com/kernel/common/+/refs/tags/android14-6.1-2025-07_r6,common-android14-6.1-2025-07,common-android14-6.1
android14-6.1-2025-07_r7,bdbf93159f551ce6cec58d8d8cabbf5d0b09b842,https://android.googlesource.com/kernel/common/+/refs/tags/android14-6.1-2025-07_r7,common-android14-6.1-2025-07,common-android14-6.1
android14-6.1-2025-07_r8,cdf9a2e0cc8d98819658fb528a2d900bebdf7fcc,https://android.googlesource.com/kernel/common/+/refs/tags/android14-6.1-2025-07_r8,common-android14-6.1-2025-07,common-android14-6.1
android14-6.1-2025-07_r9,2403eaeca1017ed826b2c07594f3bb9b4bb695fb,https://android.googlesource.com/kernel/common/+/refs/tags/android14-6.1-2025-07_r9,common-android14-6.1-2025-07,common-android14-6.1
android14-6.1-2025-07_r10,43c8f0b4158adda37b8d5efc86991f64a64e54ec,https://android.googlesource.com/kernel/common/+/refs/tags/android14-6.1-2025-07_r10,common-android14-6.1-2025-07,common-android14-6.1
android14-6.1-2025-07_r11,d77c4cd65aedc9148e9db607aef6901cabfb62e5,https://android.googlesource.com/kernel/common/+/refs/tags/android14-6.1-2025-07_r11,common-android14-6.1-2025-07,common-android14-6.1
android14-6.1-2025-06_r1,098619d7de5518919c2cb3dec6cc832967029b04,https://android.googlesource.com/kernel/common/+/refs/tags/android14-6.1-2025-06_r1,common-android14-6.1-2025-06,common-android14-6.1
android14-6.1-2025-06_r2,109284bd58d43e846b05d482ecdf50c974562c5f,https://android.googlesource.com/kernel/common/+/refs/tags/android14-6.1-2025-06_r2,common-android14-6.1-2025-06,common-android14-6.1
android14-6.1-2025-06_r3,9e1897ac08f6c271c76255724bc2caca4a12f67c,https://android.googlesource.com/kernel/common/+/refs/tags/android14-6.1-2025-06_r3,common-android14-6.1-2025-06,common-android14-6.1
android14-6.1-2025-06_r4,151cf2b6bfbe73fc93392a22d7165cc9d96c10b4,https://android.googlesource.com/kernel/common/+/refs/tags/android14-6.1-2025-06_r4,common-android14-6.1-2025-06,common-android14-6.1
android14-6.1-2025-06_r5,7ad63be646df0576066fa36c2dddd08a36e23dd6,https://android.googlesource.com/kernel/common/+/refs/tags/android14-6.1-2025-06_r5,common-android14-6.1-2025-06,common-android14-6.1
android14-6.1-2025-06_r6,44bda9e8f6e9adfc4a5689dcf24bd2e9fa4725fb,https://android.googlesource.com/kernel/common/+/refs/tags/android14-6.1-2025-06_r6,common-android14-6.1-2025-06,common-android14-6.1
android14-6.1-2025-06_r7,51f8c580613d43443d2cf8abb8e8da9065367eac,https://android.googlesource.com/kernel/common/+/refs/tags/android14-6.1-2025-06_r7,common-android14-6.1-2025-06,common-android14-6.1
android14-6.1-2025-06_r8,e79b019bb2601e8b6639ea69da6d0520078475dd,https://android.googlesource.com/kernel/common/+/refs/tags/android14-6.1-2025-06_r8,common-android14-6.1-2025-06,common-android14-6.1
android14-6.1-2025-06_r9,901d565c1f6a7d10b220d23026dda4c5bea41626,https://android.googlesource.com/kernel/common/+/refs/tags/android14-6.1-2025-06_r9,common-android14-6.1-2025-06,common-android14-6.1
android14-6.1-2025-06_r10,1a71448b48efdbf5e04c1a4187e1534cd34d61d7,https://android.googlesource.com/kernel/common/+/refs/tags/android14-6.1-2025-06_r10,common-android14-6.1-2025-06,common-android14-6.1
android14-6.1-2025-06_r11,6ab8c9a86a331cece499c7edac062ceffbe2e320,https://android.googlesource.com/kernel/common/+/refs/tags/android14-6.1-2025-06_r11,common-android14-6.1-2025-06,common-android14-6.1
android14-6.1-2025-06_r12,6337dbdbee758f7ecde2b0b1ea8662826ac58f4d,https://android.googlesource.com/kernel/common/+/refs/tags/android14-6.1-2025-06_r12,common-android14-6.1-2025-06,common-android14-6.1
android14-6.1-2025-06_r13,d41ceb4538cefa7dd27f3ebc275a5c6aebb33233,https://android.googlesource.com/kernel/common/+/refs/tags/android14-6.1-2025-06_r13,common-android14-6.1-2025-06,common-android14-6.1
android14-6.1-2025-06_r14,f93049a6cee510dc8c3a79a4ddd2e6c601e09e46,https://android.googlesource.com/kernel/common/+/refs/tags/android14-6.1-2025-06_r14,common-android14-6.1-2025-06,common-android14-6.1
android14-6.1-2025-06_r15,0c3d559bcd85c64dae9c9c9687abbe5347fff3ad,https://android.googlesource.com/kernel/common/+/refs/tags/android14-6.1-2025-06_r15,common-android14-6.1-2025-06,common-android14-6.1
android14-6.1-2025-06_r16,2ecae636cf9be43fdfe04adb25b2c2987838955a,https://android.googlesource.com/kernel/common/+/refs/tags/android14-6.1-2025-06_r16,common-android14-6.1-2025-06,common-android14-6.1
android14-6.1-2025-05_r1,8dc7d7757edd922ed1e79851711dc2c47bfcf227,https://android.googlesource.com/kernel/common/+/refs/tags/android14-6.1-2025-05_r1,common-android14-6.1-2025-05,common-android14-6.1
android14-6.1-2025-05_r2,8a4bb5f5a1daa57b2c8ab00fd4b1884e88ca7aa0,https://android.googlesource.com/kernel/common/+/refs/tags/android14-6.1-2025-05_r2,common-android14-6.1-2025-05,common-android14-6.1
android14-6.1-2025-05_r3,a4b2a2c52a049607db8348e4270278d4344c8c27,https://android.googlesource.com/kernel/common/+/refs/tags/android14-6.1-2025-05_r3,common-android14-6.1-2025-05,common-android14-6.1
android14-6.1-2025-05_r4,0751573819b2985ba587ad01bd8b1f5880c09249,https://android.googlesource.com/kernel/common/+/refs/tags/android14-6.1-2025-05_r4,common-android14-6.1-2025-05,common-android14-6.1
android14-6.1-2025-05_r5,66e758f7d0c01a696c3a9db8929417e7403a1571,https://android.googlesource.com/kernel/common/+/refs/tags/android14-6.1-2025-05_r5,common-android14-6.1-2025-05,common-android14-6.1
android14-6.1-2025-05_r6,5735f1d455fc0c864f081c424aac58b079c2c111,https://android.googlesource.com/kernel/common/+/refs/tags/android14-6.1-2025-05_r6,common-android14-6.1-2025-05,common-android14-6.1
android14-6.1-2025-05_r7,393f28178d6c72f5e56ba5f0498b6920af4a6dc1,https://android.googlesource.com/kernel/common/+/refs/tags/android14-6.1-2025-05_r7,common-android14-6.1-2025-05,common-android14-6.1
android14-6.1-2025-05_r8,a3a64ac3c635f99a43233db779ace3a5332aa632,https://android.googlesource.com/kernel/common/+/refs/tags/android14-6.1-2025-05_r8,common-android14-6.1-2025-05,common-android14-6.1
android14-6.1-2025-05_r9,96e0a2cce381320ccbcdcdcbcdffee53ee7e1cec,https://android.googlesource.com/kernel/common/+/refs/tags/android14-6.1-2025-05_r9,common-android14-6.1-2025-05,common-android14-6.1
android14-6.1-2025-05_r11,ba1ec287446a6073710b310cc18a37b90b5d2910,https://android.googlesource.com/kernel/common/+/refs/tags/android14-6.1-2025-05_r11,common-android14-6.1-2025-05,common-android14-6.1
android14-6.1-2025-05_r12,ad3c70e742d3bd3f537eeeaef2a9fe295d5e76ca,https://android.googlesource.com/kernel/common/+/refs/tags/android14-6.1-2025-05_r12,common-android14-6.1-2025-05,common-android14-6.1
android14-6.1-2025-04_r1,dc1fbab45e9b0632adc528cd9da3c8acc8c1495c,https://android.googlesource.com/kernel/common/+/refs/tags/android14-6.1-2025-04_r1,common-android14-6.1-2025-04,common-android14-6.1
android14-6.1-2025-04_r2,4cadbfbbe18608cd409af0af0844f918d624d8d6,https://android.googlesource.com/kernel/common/+/refs/tags/android14-6.1-2025-04_r2,common-android14-6.1-2025-04,common-android14-6.1
android14-6.1-2025-04_r3,d1068c4f2fd270c08e8c83a40d123bb2ab84abf2,https://android.googlesource.com/kernel/common/+/refs/tags/android14-6.1-2025-04_r3,common-android14-6.1-2025-04,common-android14-6.1
android14-6.1-2025-04_r4,6b7a9f51c088921b9d9cff87fa24d829f2b816b4,https://android.googlesource.com/kernel/common/+/refs/tags/android14-6.1-2025-04_r4,common-android14-6.1-2025-04,common-android14-6.1
android14-6.1-2025-04_r5,dbe28d958aa2ebec0340aea046b876031c0d6ebc,https://android.googlesource.com/kernel/common/+/refs/tags/android14-6.1-2025-04_r5,common-android14-6.1-2025-04,common-android14-6.1
android14-6.1-2025-04_r6,563a3050191027317f4c6206c4c69da9e9fc699e,https://android.googlesource.com/kernel/common/+/refs/tags/android14-6.1-2025-04_r6,common-android14-6.1-2025-04,common-android14-6.1
android14-6.1-2025-04_r7,f28728d9c31523a4e5797f2ab25c6b42c5f81d0d,https://android.googlesource.com/kernel/common/+/refs/tags/android14-6.1-2025-04_r7,common-android14-6.1-2025-04,common-android14-6.1
android14-6.1-2025-04_r8,bb141a09b4e0cbdb849da1e6dc8006a35bc0c0e2,https://android.googlesource.com/kernel/common/+/refs/tags/android14-6.1-2025-04_r8,common-android14-6.1-2025-04,common-android14-6.1
android14-6.1-2025-04_r9,43601dc7c7a4b5dd00eb8b5720ae8df8bdbde6d6,https://android.googlesource.com/kernel/common/+/refs/tags/android14-6.1-2025-04_r9,common-android14-6.1-2025-04,common-android14-6.1
android14-6.1-2025-04_r10,6c330775fb29b861885f4c1bed86a252e4e432bd,https://android.googlesource.com/kernel/common/+/refs/tags/android14-6.1-2025-04_r10,common-android14-6.1-2025-04,common-android14-6.1
android14-6.1-2025-04_r11,d8689c9585b894014d3b638a70d6f5c0c44a3ab0,https://android.googlesource.com/kernel/common/+/refs/tags/android14-6.1-2025-04_r11,common-android14-6.1-2025-04,common-android14-6.1
android14-6.1-2025-04_r12,e2e8d09bd388934d78b03418ebd61699778b4153,https://android.googlesource.com/kernel/common/+/refs/tags/android14-6.1-2025-04_r12,common-android14-6.1-2025-04,common-android14-6.1
android14-6.1-2025-04_r14,b423f5bba4a4f513ec4f61f92b2d39e972061abc,https://android.googlesource.com/kernel/common/+/refs/tags/android14-6.1-2025-04_r14,common-android14-6.1-2025-04,common-android14-6.1
android14-6.1-2025-04_r15,7f4b23d51603f2a5f2ea6b4f9c26bb00f9d0c459,https://android.googlesource.com/kernel/common/+/refs/tags/android14-6.1-2025-04_r15,common-android14-6.1-2025-04,common-android14-6.1
android14-6.1-2025-03_r1,64fba8efff7877ae2794e8e9c88268412f3d66c2,https://android.googlesource.com/kernel/common/+/refs/tags/android14-6.1-2025-03_r1,common-android14-6.1-2025-03,common-android14-6.1
android14-6.1-2025-03_r2,fb3a84f00a1453649b40bc95e6a32d32e0e17a82,https://android.googlesource.com/kernel/common/+/refs/tags/android14-6.1-2025-03_r2,common-android14-6.1-2025-03,common-android14-6.1
android14-6.1-2025-03_r3,43098fc955e5247ac041947008ba28e4fdf3d50a,https://android.googlesource.com/kernel/common/+/refs/tags/android14-6.1-2025-03_r3,common-android14-6.1-2025-03,common-android14-6.1
android14-6.1-2025-03_r4,62f36f9c148a1996ed9088a5ae091b7f61d5aa21,https://android.googlesource.com/kernel/common/+/refs/tags/android14-6.1-2025-03_r4,common-android14-6.1-2025-03,common-android14-6.1
android14-6.1-2025-03_r5,213d628eb429b3ad3c12aff4fae051da9cc83e1d,https://android.googlesource.com/kernel/common/+/refs/tags/android14-6.1-2025-03_r5,common-android14-6.1-2025-03,common-android14-6.1
android14-6.1-2025-03_r6,099f401c55d97ab198c94b3df4179f5a1f4b8c41,https://android.googlesource.com/kernel/common/+/refs/tags/android14-6.1-2025-03_r6,common-android14-6.1-2025-03,common-android14-6.1
android14-6.1-2025-03_r7,4f4c1f774eae3a8af19ad3b5fe976ff51d65500d,https://android.googlesource.com/kernel/common/+/refs/tags/android14-6.1-2025-03_r7,common-android14-6.1-2025-03,common-android14-6.1
android14-6.1-2025-03_r8,979a2cca5e044a0a925af3f0b63d68c2d909d682,https://android.googlesource.com/kernel/common/+/refs/tags/android14-6.1-2025-03_r8,common-android14-6.1-2025-03,common-android14-6.1
android14-6.1-2025-03_r9,c0c4c205263a4d30e91534cfd0ab29c84c574969,https://android.googlesource.com/kernel/common/+/refs/tags/android14-6.1-2025-03_r9,common-android14-6.1-2025-03,common-android14-6.1
android14-6.1-2025-03_r10,f3a9ff7876eaa18ce810e9f3ec0f5b40da252618,https://android.googlesource.com/kernel/common/+/refs/tags/android14-6.1-2025-03_r10,common-android14-6.1-2025-03,common-android14-6.1
android14-6.1-2025-03_r11,5c2cea985a841939e6d074cbed2019dec0245fcd,https://android.googlesource.com/kernel/common/+/refs/tags/android14-6.1-2025-03_r11,common-android14-6.1-2025-03,common-android14-6.1
android14-6.1-2025-03_r12,7aa0b8af15a64cdfdd4f595e97e4ae2279a87563,https://android.googlesource.com/kernel/common/+/refs/tags/android14-6.1-2025-03_r12,common-android14-6.1-2025-03,common-android14-6.1
android14-6.1-2025-03_r13,58deda01e47b2c5816b41824aea076b90cc5926a,https://android.googlesource.com/kernel/common/+/refs/tags/android14-6.1-2025-03_r13,common-android14-6.1-2025-03,common-android14-6.1
android14-6.1-2025-03_r14,0cc282c6fd487e6be9ef142de50012b07b92d8a0,https://android.googlesource.com/kernel/common/+/refs/tags/android14-6.1-2025-03_r14,common-android14-6.1-2025-03,common-android14-6.1
android14-6.1-2025-03_r15,baf3537297c14c6e7f7fa3f599bc7b090dd292e5,https://android.googlesource.com/kernel/common/+/refs/tags/android14-6.1-2025-03_r15,common-android14-6.1-2025-03,common-android14-6.1
android14-6.1-2025-02_r1,d533392451941315131f1ecddcea958e11ec6b98,https://android.googlesource.com/kernel/common/+/refs/tags/android14-6.1-2025-02_r1,common-android14-6.1-2025-02,common-android14-6.1
android14-6.1-2025-02_r2,8e604f58ac194354630e9095e948e1c661c8b70d,https://android.googlesource.com/kernel/common/+/refs/tags/android14-6.1-2025-02_r2,common-android14-6.1-2025-02,common-android14-6.1
android14-6.1-2025-02_r3,69eaa71d10f156a583b08499e1668a23076e9c53,https://android.googlesource.com/kernel/common/+/refs/tags/android14-6.1-2025-02_r3,common-android14-6.1-2025-02,common-android14-6.1
android14-6.1-2025-02_r4,6e2d50b6dcaa791d469102a137f5c06b0f40c28b,https://android.googlesource.com/kernel/common/+/refs/tags/android14-6.1-2025-02_r4,common-android14-6.1-2025-02,common-android14-6.1
android14-6.1-2025-02_r5,8d713f9e8e7b491f4dae447b092b549cf83b426e,https://android.googlesource.com/kernel/common/+/refs/tags/android14-6.1-2025-02_r5,common-android14-6.1-2025-02,common-android14-6.1
android14-6.1-2025-02_r6,4a504128448d388e2f309585f970579f6d340428,https://android.googlesource.com/kernel/common/+/refs/tags/android14-6.1-2025-02_r6,common-android14-6.1-2025-02,common-android14-6.1
android14-6.1-2025-02_r7,a553430c34860400783f0c6f77a0902d3bf5cf53,https://android.googlesource.com/kernel/common/+/refs/tags/android14-6.1-2025-02_r7,common-android14-6.1-2025-02,common-android14-6.1
android14-6.1-2025-02_r8,7d479179eabfdb2a519df1c4b5b68b510ca2776b,https://android.googlesource.com/kernel/common/+/refs/tags/android14-6.1-2025-02_r8,common-android14-6.1-2025-02,common-android14-6.1
android14-6.1-2025-02_r9,fc741bbcc438d1a2b9e64ea44f90db7cf9f90453,https://android.googlesource.com/kernel/common/+/refs/tags/android14-6.1-2025-02_r9,common-android14-6.1-2025-02,common-android14-6.1
android14-6.1-2025-02_r10,f044a08b82f5cd43ca94b72abe8a00479614cabd,https://android.googlesource.com/kernel/common/+/refs/tags/android14-6.1-2025-02_r10,common-android14-6.1-2025-02,common-android14-6.1
android14-6.1-2025-02_r11,c17ae6d56261a64766a4ba022fc2237828e84d37,https://android.googlesource.com/kernel/common/+/refs/tags/android14-6.1-2025-02_r11,common-android14-6.1-2025-02,common-android14-6.1
android14-6.1-2025-02_r12,ed54fed7fd7ef0cd26819f5dc0a726b5dd8431dc,https://android.googlesource.com/kernel/common/+/refs/tags/android14-6.1-2025-02_r12,common-android14-6.1-2025-02,common-android14-6.1
android14-6.1-2025-02_r13,a2df88720fa2556962f2215750d0978a614a7d4c,https://android.googlesource.com/kernel/common/+/refs/tags/android14-6.1-2025-02_r13,common-android14-6.1-2025-02,common-android14-6.1
android14-6.1-2025-02_r14,8bd555f48fdd7a4bc2c2e3eb3f60879bd121f5f9,https://android.googlesource.com/kernel/common/+/refs/tags/android14-6.1-2025-02_r14,common-android14-6.1-2025-02,common-android14-6.1
android14-6.1-2025-02_r15,30a9c932ac88484e9976b647a161971cc850ad41,https://android.googlesource.com/kernel/common/+/refs/tags/android14-6.1-2025-02_r15,common-android14-6.1-2025-02,common-android14-6.1
android14-6.1-2025-02_r16,b6c2e7030908dffcf252b8cc5e8132576208a7e9,https://android.googlesource.com/kernel/common/+/refs/tags/android14-6.1-2025-02_r16,common-android14-6.1-2025-02,common-android14-6.1
android14-6.1-2025-02_r17,8e304f04e1ff1fb4696d88c8e05d8645b038a846,https://android.googlesource.com/kernel/common/+/refs/tags/android14-6.1-2025-02_r17,common-android14-6.1-2025-02,common-android14-6.1
android14-6.1-2025-02_r18,46d07bdc48df5bfae1811cf49c903a2b5da7fc05,https://android.googlesource.com/kernel/common/+/refs/tags/android14-6.1-2025-02_r18,common-android14-6.1-2025-02,common-android14-6.1
android14-6.1-2025-02_r19,990189f23bcf3bb2166a69c44fb0c115e33364af,https://android.googlesource.com/kernel/common/+/refs/tags/android14-6.1-2025-02_r19,common-android14-6.1-2025-02,common-android14-6.1
android14-6.1-2025-02_r20,061a6a266b80c214c481964791fee83f383b563b,https://android.googlesource.com/kernel/common/+/refs/tags/android14-6.1-2025-02_r20,common-android14-6.1-2025-02,common-android14-6.1
android14-6.1-2025-01_r1,5ae0bfe2d916d23fc1041b4d228a7eb0e537ee42,https://android.googlesource.com/kernel/common/+/refs/tags/android14-6.1-2025-01_r1,common-android14-6.1-2025-01,common-android14-6.1
android14-6.1-2025-01_r2,737c4257062fc6b6e509da3eab6d76c4ab82813e,https://android.googlesource.com/kernel/common/+/refs/tags/android14-6.1-2025-01_r2,common-android14-6.1-2025-01,common-android14-6.1
android14-6.1-2025-01_r3,96ead3c943f9ec330d889b484bb63886c3606b04,https://android.googlesource.com/kernel/common/+/refs/tags/android14-6.1-2025-01_r3,common-android14-6.1-2025-01,common-android14-6.1
android14-6.1-2025-01_r6,e029f4e18ab42da84b54e07c012d6d3b7e21d3e4,https://android.googlesource.com/kernel/common/+/refs/tags/android14-6.1-2025-01_r6,common-android14-6.1-2025-01,common-android14-6.1
android14-6.1-2025-01_r7,3a55164b40ce1669fbbafee1f958d4c5d63a33b2,https://android.googlesource.com/kernel/common/+/refs/tags/android14-6.1-2025-01_r7,common-android14-6.1-2025-01,common-android14-6.1
android14-6.1-2025-01_r8,52d02725a414897561db16ff950227b9322e671c,https://android.googlesource.com/kernel/common/+/refs/tags/android14-6.1-2025-01_r8,common-android14-6.1-2025-01,common-android14-6.1
android14-6.1-2025-01_r9,632a4c5fa3ac6539b8378950a4751940efe024b1,https://android.googlesource.com/kernel/common/+/refs/tags/android14-6.1-2025-01_r9,common-android14-6.1-2025-01,common-android14-6.1
android14-6.1-2025-01_r10,9dc51d0d9de70c4f40b8aa1c0dc390c00de23ffb,https://android.googlesource.com/kernel/common/+/refs/tags/android14-6.1-2025-01_r10,common-android14-6.1-2025-01,common-android14-6.1
android14-6.1-2025-01_r11,ed52a7387fdb30d02089350600934b7d07754a0a,https://android.googlesource.com/kernel/common/+/refs/tags/android14-6.1-2025-01_r11,common-android14-6.1-2025-01,common-android14-6.1
android14-6.1-2025-01_r12,4f30f93a84cfdd5ef403d3c7bb389793548b3371,https://android.googlesource.com/kernel/common/+/refs/tags/android14-6.1-2025-01_r12,common-android14-6.1-2025-01,common-android14-6.1
android14-6.1-2025-01_r13,b588ed4b96a98d15164e6c18102db4cf0f339c2a,https://android.googlesource.com/kernel/common/+/refs/tags/android14-6.1-2025-01_r13,common-android14-6.1-2025-01,common-android14-6.1
android14-6.1-2025-01_r14,7e7602c8c34d92beb0a07da52772a83a54d4f47c,https://android.googlesource.com/kernel/common/+/refs/tags/android14-6.1-2025-01_r14,common-android14-6.1-2025-01,common-android14-6.1
android14-6.1-2025-01_r15,06896949dc87e8ba9078af285ecfb8486ccc1b5e,https://android.googlesource.com/kernel/common/+/refs/tags/android14-6.1-2025-01_r15,common-android14-6.1-2025-01,common-android14-6.1
android14-6.1-2025-01_r16,ef4f8e39bdfda6e032e380b11b20c37b0d5bc6a7,https://android.googlesource.com/kernel/common/+/refs/tags/android14-6.1-2025-01_r16,common-android14-6.1-2025-01,common-android14-6.1
android14-6.1-2025-01_r17,c98d384c173a51c20ead9aa958f9b4f4722a9033,https://android.googlesource.com/kernel/common/+/refs/tags/android14-6.1-2025-01_r17,common-android14-6.1-2025-01,common-android14-6.1
android14-6.1-2025-01_r18,a63a649448469898921241184ac4ba1c9d3cb96f,https://android.googlesource.com/kernel/common/+/refs/tags/android14-6.1-2025-01_r18,common-android14-6.1-2025-01,common-android14-6.1
android14-6.1-2025-01_r19,b3a383144e7864954732f6cb8285368efedc1352,https://android.googlesource.com/kernel/common/+/refs/tags/android14-6.1-2025-01_r19,common-android14-6.1-2025-01,common-android14-6.1
android14-6.1-2025-01_r20,a3b9c44908ddd1e6d07d2ceb0695dd8da333ebd5,https://android.googlesource.com/kernel/common/+/refs/tags/android14-6.1-2025-01_r20,common-android14-6.1-2025-01,common-android14-6.1
android14-6.1-2025-01_r21,144ef08156f779037471c8c14e2082abc8a91fc5,https://android.googlesource.com/kernel/common/+/refs/tags/android14-6.1-2025-01_r21,common-android14-6.1-2025-01,common-android14-6.1
android14-6.1-2025-01_r22,102af09677a2a738c223056969b725f79ab37c41,https://android.googlesource.com/kernel/common/+/refs/tags/android14-6.1-2025-01_r22,common-android14-6.1-2025-01,common-android14-6.1
android14-6.1-2025-01_r23,ca0ef6d177163d850c313814a2ef9a07491a5a80,https://android.googlesource.com/kernel/common/+/refs/tags/android14-6.1-2025-01_r23,common-android14-6.1-2025-01,common-android14-6.1
android14-6.1-2025-01_r24,490b41a006500c85093850f219c27743c41067a4,https://android.googlesource.com/kernel/common/+/refs/tags/android14-6.1-2025-01_r24,common-android14-6.1-2025-01,common-android14-6.1
android14-6.1-2025-01_r25,30d792b263057572ba3d5a8988429012aa27c972,https://android.googlesource.com/kernel/common/+/refs/tags/android14-6.1-2025-01_r25,common-android14-6.1-2025-01,common-android14-6.1
android14-6.1-2025-01_r26,84c581201d61c8563b14f1b0b1c2a9185428d4db,https://android.googlesource.com/kernel/common/+/refs/tags/android14-6.1-2025-01_r26,common-android14-6.1-2025-01,common-android14-6.1
android14-6.1-2025-01_r27,c8d465512cdf4115614f49004b013741d7fbabeb,https://android.googlesource.com/kernel/common/+/refs/tags/android14-6.1-2025-01_r27,common-android14-6.1-2025-01,common-android14-6.1
android14-6.1-2025-01_r28,5a3e04d9b6d09e5d824c2e898c56036bb1b6620e,https://android.googlesource.com/kernel/common/+/refs/tags/android14-6.1-2025-01_r28,common-android14-6.1-2025-01,common-android14-6.1
android14-6.1-2025-01_r29,174f33487c2dcf019f01fafbe38abebd28e28cef,https://android.googlesource.com/kernel/common/+/refs/tags/android14-6.1-2025-01_r29,common-android14-6.1-2025-01,common-android14-6.1
android14-6.1-2024-12_r1,c53aad9cc23525cf94971a0ebe3cee01f2a68517,https://android.googlesource.com/kernel/common/+/refs/tags/android14-6.1-2024-12_r1,common-android14-6.1-2024-12,common-android14-6.1
android14-6.1-2024-12_r2,dada37f175e8ebb3eab6a776cddae03ff44ff218,https://android.googlesource.com/kernel/common/+/refs/tags/android14-6.1-2024-12_r2,common-android14-6.1-2024-12,common-android14-6.1
android14-6.1-2024-12_r3,dcfec89a9d9c6be611c30bd7afaf0c08954ab165,https://android.googlesource.com/kernel/common/+/refs/tags/android14-6.1-2024-12_r3,common-android14-6.1-2024-12,common-android14-6.1
android14-6.1-2024-12_r4,6b18f0b574ab3267615ae6ce642d5a7c3c21ac09,https://android.googlesource.com/kernel/common/+/refs/tags/android14-6.1-2024-12_r4,common-android14-6.1-2024-12,common-android14-6.1
android14-6.1-2024-12_r5,0f30f805a148582ea8e898444916637e5a24584c,https://android.googlesource.com/kernel/common/+/refs/tags/android14-6.1-2024-12_r5,common-android14-6.1-2024-12,common-android14-6.1
android14-6.1-2024-12_r6,43f55b4556574fa9dff48d45b18df368765baa0e,https://android.googlesource.com/kernel/common/+/refs/tags/android14-6.1-2024-12_r6,common-android14-6.1-2024-12,common-android14-6.1
android14-6.1-2024-12_r7,c5dc859b5b3f552e9ca20c7a202e17438f72fc62,https://android.googlesource.com/kernel/common/+/refs/tags/android14-6.1-2024-12_r7,common-android14-6.1-2024-12,common-android14-6.1
android14-6.1-2024-12_r8,f8effc48a6c42ba7194ced2862d05c82c80e2ae3,https://android.googlesource.com/kernel/common/+/refs/tags/android14-6.1-2024-12_r8,common-android14-6.1-2024-12,common-android14-6.1
android14-6.1-2024-12_r9,1b5ca2c36fb75c6168c3be16578f91bca82d541f,https://android.googlesource.com/kernel/common/+/refs/tags/android14-6.1-2024-12_r9,common-android14-6.1-2024-12,common-android14-6.1
android14-6.1-2024-12_r10,32fd20834ef388eff2e1aa32e74077e16792ada5,https://android.googlesource.com/kernel/common/+/refs/tags/android14-6.1-2024-12_r10,common-android14-6.1-2024-12,common-android14-6.1
android14-6.1-2024-12_r12,faa9b1b32a11ac60a9db89e28c77fdebcfe802f6,https://android.googlesource.com/kernel/common/+/refs/tags/android14-6.1-2024-12_r12,common-android14-6.1-2024-12,common-android14-6.1
android14-6.1-2024-12_r13,a2521ca27699e0e1741eea24772e3be04f636085,https://android.googlesource.com/kernel/common/+/refs/tags/android14-6.1-2024-12_r13,common-android14-6.1-2024-12,common-android14-6.1
android14-6.1-2024-12_r14,430ec41b01b7e40f2a6f719eac4865f8db0449cf,https://android.googlesource.com/kernel/common/+/refs/tags/android14-6.1-2024-12_r14,common-android14-6.1-2024-12,common-android14-6.1
android14-6.1-2024-12_r15,d7e681d5f2760062573dbd9f6fb00a2cac081eed,https://android.googlesource.com/kernel/common/+/refs/tags/android14-6.1-2024-12_r15,common-android14-6.1-2024-12,common-android14-6.1
android14-6.1-2024-12_r16,599735f9b0565600478db3e76b05c3a442296808,https://android.googlesource.com/kernel/common/+/refs/tags/android14-6.1-2024-12_r16,common-android14-6.1-2024-12,common-android14-6.1
android14-6.1-2024-12_r17,3cc704aa7c8f6e5b8d6ea062d283ead1a93cf240,https://android.googlesource.com/kernel/common/+/refs/tags/android14-6.1-2024-12_r17,common-android14-6.1-2024-12,common-android14-6.1
android14-6.1-2024-11_r1,d03cb1d7abcd078dabe73ed711be068ca9b364b8,https://android.googlesource.com/kernel/common/+/refs/tags/android14-6.1-2024-11_r1,common-android14-6.1-2024-11,common-android14-6.1
android14-6.1-2024-11_r2,7b2b6c0f358acdd91cec9dc2a2adbfd3dd1a48cd,https://android.googlesource.com/kernel/common/+/refs/tags/android14-6.1-2024-11_r2,common-android14-6.1-2024-11,common-android14-6.1
android14-6.1-2024-11_r3,bd1d0311f2fdde36b1a5593ec57a1b68ff7a501a,https://android.googlesource.com/kernel/common/+/refs/tags/android14-6.1-2024-11_r3,common-android14-6.1-2024-11,common-android14-6.1
android14-6.1-2024-11_r4,e5013d525dc535258c29c71e867b675cc153f8ef,https://android.googlesource.com/kernel/common/+/refs/tags/android14-6.1-2024-11_r4,common-android14-6.1-2024-11,common-android14-6.1
android14-6.1-2024-11_r5,dc864fbc804548fb39a03a3b32205039027c6897,https://android.googlesource.com/kernel/common/+/refs/tags/android14-6.1-2024-11_r5,common-android14-6.1-2024-11,common-android14-6.1
android14-6.1-2024-11_r6,8961b96ba3605b13892f0bb0ba468969fa223525,https://android.googlesource.com/kernel/common/+/refs/tags/android14-6.1-2024-11_r6,common-android14-6.1-2024-11,common-android14-6.1
android14-6.1-2024-11_r8,08e9e9472ea604d115effc4a5faf62672fa4bd61,https://android.googlesource.com/kernel/common/+/refs/tags/android14-6.1-2024-11_r8,common-android14-6.1-2024-11,common-android14-6.1
android14-6.1-2024-11_r9,de436e940319ced26b5c08f6b33fb7a18fdba87c,https://android.googlesource.com/kernel/common/+/refs/tags/android14-6.1-2024-11_r9,common-android14-6.1-2024-11,common-android14-6.1
android14-6.1-2024-11_r10,c58a7b2fa1b945cc5e0c0f16bf4b7b52a753e75a,https://android.googlesource.com/kernel/common/+/refs/tags/android14-6.1-2024-11_r10,common-android14-6.1-2024-11,common-android14-6.1
android14-6.1-2024-11_r11,e7598ed5bc4f6004aae9f900bd4f4c578c2a902a,https://android.googlesource.com/kernel/common/+/refs/tags/android14-6.1-2024-11_r11,common-android14-6.1-2024-11,common-android14-6.1
android14-6.1-2024-11_r12,76e6db6a5f777afab09eff276b3e86b9adf343b9,https://android.googlesource.com/kernel/common/+/refs/tags/android14-6.1-2024-11_r12,common-android14-6.1-2024-11,common-android14-6.1
android14-6.1-2024-11_r13,75d944e805019befc0f8db3c5331baea6657e0e5,https://android.googlesource.com/kernel/common/+/refs/tags/android14-6.1-2024-11_r13,common-android14-6.1-2024-11,common-android14-6.1
android14-6.1-2024-11_r14,c8e84468933c209f23180750265180120414529a,https://android.googlesource.com/kernel/common/+/refs/tags/android14-6.1-2024-11_r14,common-android14-6.1-2024-11,common-android14-6.1
android14-6.1-2024-10_r1,4981f05faf3655ebaf696d08ec100cb349113cef,https://android.googlesource.com/kernel/common/+/refs/tags/android14-6.1-2024-10_r1,common-android14-6.1-2024-10,common-android14-6.1
android14-6.1-2024-10_r2,54bd602c3101a152890649ea6f79c29afe038aa2,https://android.googlesource.com/kernel/common/+/refs/tags/android14-6.1-2024-10_r2,common-android14-6.1-2024-10,common-android14-6.1
android14-6.1-2024-10_r3,3bee8051ec6874d9f0aff7662c73d326b26568f3,https://android.googlesource.com/kernel/common/+/refs/tags/android14-6.1-2024-10_r3,common-android14-6.1-2024-10,common-android14-6.1
android14-6.1-2024-10_r4,f66c464b071f28ef4e3fa13840532f571b6dd942,https://android.googlesource.com/kernel/common/+/refs/tags/android14-6.1-2024-10_r4,common-android14-6.1-2024-10,common-android14-6.1
android14-6.1-2024-10_r5,79ec6ca15bc2b10302ca48936470dfec94b3f329,https://android.googlesource.com/kernel/common/+/refs/tags/android14-6.1-2024-10_r5,common-android14-6.1-2024-10,common-android14-6.1
android14-6.1-2024-10_r6,ad1339f320fb165b37916b32e35bc34f7b976bb1,https://android.googlesource.com/kernel/common/+/refs/tags/android14-6.1-2024-10_r6,common-android14-6.1-2024-10,common-android14-6.1
android14-6.1-2024-10_r7,f0b0f61d69275689d3148446d41f57712a4af492,https://android.googlesource.com/kernel/common/+/refs/tags/android14-6.1-2024-10_r7,common-android14-6.1-2024-10,common-android14-6.1
android14-6.1-2024-10_r8,7d37c8aa6e8f92f152894451c4234a39e8cdce59,https://android.googlesource.com/kernel/common/+/refs/tags/android14-6.1-2024-10_r8,common-android14-6.1-2024-10,common-android14-6.1
android14-6.1-2024-10_r9,115d844cc83b961425fa252b4a7a505de8213b9a,https://android.googlesource.com/kernel/common/+/refs/tags/android14-6.1-2024-10_r9,common-android14-6.1-2024-10,common-android14-6.1
android14-6.1-2024-10_r10,1d561869af45d451f81e6003fcdc286487852945,https://android.googlesource.com/kernel/common/+/refs/tags/android14-6.1-2024-10_r10,common-android14-6.1-2024-10,common-android14-6.1
android14-6.1-2024-10_r11,d6f926cfde54813038dcf3bc402e3404c8ef15d7,https://android.googlesource.com/kernel/common/+/refs/tags/android14-6.1-2024-10_r11,common-android14-6.1-2024-10,common-android14-6.1
android14-6.1-2024-10_r12,3cbca2b0d5f5f6b63a48d8b82e42432c0ef8d014,https://android.googlesource.com/kernel/common/+/refs/tags/android14-6.1-2024-10_r12,common-android14-6.1-2024-10,common-android14-6.1
android14-6.1-2024-10_r13,74f2caeae2aa5c72303565641a2f6ef132593ef7,https://android.googlesource.com/kernel/common/+/refs/tags/android14-6.1-2024-10_r13,common-android14-6.1-2024-10,common-android14-6.1
android14-6.1-2024-10_r14,b9c521ac42cb01795be075c3447178a6772adc49,https://android.googlesource.com/kernel/common/+/refs/tags/android14-6.1-2024-10_r14,common-android14-6.1-2024-10,common-android14-6.1
android14-6.1-2024-10_r15,d7dac4b14270c5a49bf0bcc32a4505c0657b3be8,https://android.googlesource.com/kernel/common/+/refs/tags/android14-6.1-2024-10_r15,common-android14-6.1-2024-10,common-android14-6.1
android14-6.1-2024-10_r16,59abc61104dfe0a71e2ab7c01831690ede5fa774,https://android.googlesource.com/kernel/common/+/refs/tags/android14-6.1-2024-10_r16,common-android14-6.1-2024-10,common-android14-6.1
android14-6.1-2024-10_r17,6b18d867ab19702e6fd5ff72f12067b6e7467d6f,https://android.googlesource.com/kernel/common/+/refs/tags/android14-6.1-2024-10_r17,common-android14-6.1-2024-10,common-android14-6.1
android14-6.1-2024-10_r18,67a3f2e9a4041c6aa72b10555c7d8abaa0147259,https://android.googlesource.com/kernel/common/+/refs/tags/android14-6.1-2024-10_r18,common-android14-6.1-2024-10,common-android14-6.1
android14-6.1-2024-10_r19,6a4e1a989cee0692cb3c0aecc352be6bee1e4535,https://android.googlesource.com/kernel/common/+/refs/tags/android14-6.1-2024-10_r19,common-android14-6.1-2024-10,common-android14-6.1
android14-6.1-2024-10_r21,e8550e53912e374863bb71d80bf1ef657de19144,https://android.googlesource.com/kernel/common/+/refs/tags/android14-6.1-2024-10_r21,common-android14-6.1-2024-10,common-android14-6.1
android14-6.1-2024-10_r22,ef5149444f9bc2c3176a2ec864d4d25fc18d229a,https://android.googlesource.com/kernel/common/+/refs/tags/android14-6.1-2024-10_r22,common-android14-6.1-2024-10,common-android14-6.1
android14-6.1-2024-10_r23,bcb506642804d4cd09e2c440d8fa09a532c7f505,https://android.googlesource.com/kernel/common/+/refs/tags/android14-6.1-2024-10_r23,common-android14-6.1-2024-10,common-android14-6.1
android14-6.1-2024-10_r24,6567ab14ba0d91389e7100db2acae08f3037bac2,https://android.googlesource.com/kernel/common/+/refs/tags/android14-6.1-2024-10_r24,common-android14-6.1-2024-10,common-android14-6.1
android14-6.1-2024-10_r25,e7bc8767e5596efef35b495cb7a223d1748755f1,https://android.googlesource.com/kernel/common/+/refs/tags/android14-6.1-2024-10_r25,common-android14-6.1-2024-10,common-android14-6.1
android14-6.1-2024-10_r26,1ebed42473ea1fc172814cc6f3f90d00fd6006a8,https://android.googlesource.com/kernel/common/+/refs/tags/android14-6.1-2024-10_r26,common-android14-6.1-2024-10,common-android14-6.1
android14-6.1-2024-09_r1,a94e42b12c906f14ba9e701db7604fba0383d0f4,https://android.googlesource.com/kernel/common/+/refs/tags/android14-6.1-2024-09_r1,common-android14-6.1-2024-09,common-android14-6.1
android14-6.1-2024-09_r2,f2eef5d0c51877ec9af1a2f4678c1a301b534143,https://android.googlesource.com/kernel/common/+/refs/tags/android14-6.1-2024-09_r2,common-android14-6.1-2024-09,common-android14-6.1
android14-6.1-2024-09_r3,ae1f1b59ed4300cc9b2123b6499718e6b304ba6f,https://android.googlesource.com/kernel/common/+/refs/tags/android14-6.1-2024-09_r3,common-android14-6.1-2024-09,common-android14-6.1
android14-6.1-2024-09_r4,5c8c004268a4ac521b62af19351a9812d43c21fb,https://android.googlesource.com/kernel/common/+/refs/tags/android14-6.1-2024-09_r4,common-android14-6.1-2024-09,common-android14-6.1
android14-6.1-2024-09_r5,545e6d1a60b909f59e9279b6df72385efc746a4a,https://android.googlesource.com/kernel/common/+/refs/tags/android14-6.1-2024-09_r5,common-android14-6.1-2024-09,common-android14-6.1
android14-6.1-2024-09_r6,0a08ce93712794231bb5abf79ac926769f951df8,https://android.googlesource.com/kernel/common/+/refs/tags/android14-6.1-2024-09_r6,common-android14-6.1-2024-09,common-android14-6.1
android14-6.1-2024-09_r7,01cd1f2ce6662aaa9b734fe9012e4740aaae8505,https://android.googlesource.com/kernel/common/+/refs/tags/android14-6.1-2024-09_r7,common-android14-6.1-2024-09,common-android14-6.1
android14-6.1-2024-09_r8,0457cd8ded410d7985734a1babed0179cf3f9ec7,https://android.googlesource.com/kernel/common/+/refs/tags/android14-6.1-2024-09_r8,common-android14-6.1-2024-09,common-android14-6.1
android14-6.1-2024-09_r9,76c45ce420bd6344a47a85757973a072ed262184,https://android.googlesource.com/kernel/common/+/refs/tags/android14-6.1-2024-09_r9,common-android14-6.1-2024-09,common-android14-6.1
android14-6.1-2024-09_r10,13ce391cb885019891f20265d908f7a962d32012,https://android.googlesource.com/kernel/common/+/refs/tags/android14-6.1-2024-09_r10,common-android14-6.1-2024-09,common-android14-6.1
android14-6.1-2024-09_r11,7cfa244de4e13edf8c0e857462dc9ca1fc3b803b,https://android.googlesource.com/kernel/common/+/refs/tags/android14-6.1-2024-09_r11,common-android14-6.1-2024-09,common-android14-6.1
android14-6.1-2024-09_r12,7b4c282ba40d70e3cff86c64fc1805e9ec0d1913,https://android.googlesource.com/kernel/common/+/refs/tags/android14-6.1-2024-09_r12,common-android14-6.1-2024-09,common-android14-6.1
android14-6.1-2024-09_r13,9ffa4b31325d3c2f4f9de71762517d26a5506c50,https://android.googlesource.com/kernel/common/+/refs/tags/android14-6.1-2024-09_r13,common-android14-6.1-2024-09,common-android14-6.1
android14-6.1-2024-09_r14,8863130d7156b98732d421afc52a278052e90407,https://android.googlesource.com/kernel/common/+/refs/tags/android14-6.1-2024-09_r14,common-android14-6.1-2024-09,common-android14-6.1
android14-6.1-2024-08_r1,fbda16fbaf29042714b6c68b39bd9ba461771b1d,https://android.googlesource.com/kernel/common/+/refs/tags/android14-6.1-2024-08_r1,common-android14-6.1-2024-08,common-android14-6.1
android14-6.1-2024-08_r2,0a5333c8b52768abdbba7bfcffbf36fc761b4cad,https://android.googlesource.com/kernel/common/+/refs/tags/android14-6.1-2024-08_r2,common-android14-6.1-2024-08,common-android14-6.1
android14-6.1-2024-08_r3,1e97d7388d6b55d33b2f090258af364bb6e04087,https://android.googlesource.com/kernel/common/+/refs/tags/android14-6.1-2024-08_r3,common-android14-6.1-2024-08,common-android14-6.1
android14-6.1-2024-08_r4,cac3b530a3c8bdfc59d489695a6cf19e39649b4f,https://android.googlesource.com/kernel/common/+/refs/tags/android14-6.1-2024-08_r4,common-android14-6.1-2024-08,common-android14-6.1
android14-6.1-2024-08_r5,6f645aac97064a41a0bdcb18f1646427fd7ad6b9,https://android.googlesource.com/kernel/common/+/refs/tags/android14-6.1-2024-08_r5,common-android14-6.1-2024-08,common-android14-6.1
android14-6.1-2024-08_r6,a017d4765c9ed543552212831948422d8f013dd7,https://android.googlesource.com/kernel/common/+/refs/tags/android14-6.1-2024-08_r6,common-android14-6.1-2024-08,common-android14-6.1
android14-6.1-2024-08_r7,e9db9b7451240ee964cd106e55a73eae587a1124,https://android.googlesource.com/kernel/common/+/refs/tags/android14-6.1-2024-08_r7,common-android14-6.1-2024-08,common-android14-6.1
android14-6.1-2024-08_r8,815b83215c2b08f1e52c43026f682c3edbcd0d26,https://android.googlesource.com/kernel/common/+/refs/tags/android14-6.1-2024-08_r8,common-android14-6.1-2024-08,common-android14-6.1
android14-6.1-2024-08_r9,b0501dbb037acd32de70731cc8caab9a01436caf,https://android.googlesource.com/kernel/common/+/refs/tags/android14-6.1-2024-08_r9,common-android14-6.1-2024-08,common-android14-6.1
android14-6.1-2024-08_r10,da15c0a77134b5f13bd1f4c968bf57c7c7b92ab3,https://android.googlesource.com/kernel/common/+/refs/tags/android14-6.1-2024-08_r10,common-android14-6.1-2024-08,common-android14-6.1
android14-6.1-2024-08_r11,73f68ec71683fb1de7a4ca110682862b67a6eef7,https://android.googlesource.com/kernel/common/+/refs/tags/android14-6.1-2024-08_r11,common-android14-6.1-2024-08,common-android14-6.1
android14-6.1-2024-08_r12,1308a5d7a30ecafb7d444d285c58366533027ffc,https://android.googlesource.com/kernel/common/+/refs/tags/android14-6.1-2024-08_r12,common-android14-6.1-2024-08,common-android14-6.1
android14-6.1-2024-08_r13,81219ab34e3feca7b25640cfb1891b0551a391b2,https://android.googlesource.com/kernel/common/+/refs/tags/android14-6.1-2024-08_r13,common-android14-6.1-2024-08,common-android14-6.1
android14-6.1-2024-08_r14,838d9ff840d39b8dd739b1a5253b2b2edc6864a0,https://android.googlesource.com/kernel/common/+/refs/tags/android14-6.1-2024-08_r14,common-android14-6.1-2024-08,common-android14-6.1
android14-6.1-2024-08_r15,ab81bbc7927baabd02fec9a034db4be444247f3c,https://android.googlesource.com/kernel/common/+/refs/tags/android14-6.1-2024-08_r15,common-android14-6.1-2024-08,common-android14-6.1
android14-6.1-2024-07_r1,db03dce9365dc4350698b885e723b01b90484525,https://android.googlesource.com/kernel/common/+/refs/tags/android14-6.1-2024-07_r1,common-android14-6.1-2024-07,common-android14-6.1
android14-6.1-2024-07_r2,f400dedec715bda59105c4f21e8b673f7c330c51,https://android.googlesource.com/kernel/common/+/refs/tags/android14-6.1-2024-07_r2,common-android14-6.1-2024-07,common-android14-6.1
android14-6.1-2024-07_r3,207b02271df493a537e9ddf2646e34a712a3ba44,https://android.googlesource.com/kernel/common/+/refs/tags/android14-6.1-2024-07_r3,common-android14-6.1-2024-07,common-android14-6.1
android14-6.1-2024-07_r4,922959874727cbb3af4b0dea99c77c1fde60629e,https://android.googlesource.com/kernel/common/+/refs/tags/android14-6.1-2024-07_r4,common-android14-6.1-2024-07,common-android14-6.1
android14-6.1-2024-07_r5,596fa6802ae1f8519aaed8662c51eeda95b4803f,https://android.googlesource.com/kernel/common/+/refs/tags/android14-6.1-2024-07_r5,common-android14-6.1-2024-07,common-android14-6.1
android14-6.1-2024-07_r6,23f44837b40b6ea3994455c6b23b1b4947c2ab27,https://android.googlesource.com/kernel/common/+/refs/tags/android14-6.1-2024-07_r6,common-android14-6.1-2024-07,common-android14-6.1
android14-6.1-2024-07_r7,65aa21f12cc6c6d028c7ae5c171869b5d1dee5c2,https://android.googlesource.com/kernel/common/+/refs/tags/android14-6.1-2024-07_r7,common-android14-6.1-2024-07,common-android14-6.1
android14-6.1-2024-07_r8,ee6de6785f28e7f2b7b92f959ec46e3712b39aca,https://android.googlesource.com/kernel/common/+/refs/tags/android14-6.1-2024-07_r8,common-android14-6.1-2024-07,common-android14-6.1
android14-6.1-2024-07_r9,04e28023281dc66b1510d873a6410b1546424664,https://android.googlesource.com/kernel/common/+/refs/tags/android14-6.1-2024-07_r9,common-android14-6.1-2024-07,common-android14-6.1
android14-6.1-2024-07_r10,5c500deec3a760925d5f321cc4aab53429ae6f02,https://android.googlesource.com/kernel/common/+/refs/tags/android14-6.1-2024-07_r10,common-android14-6.1-2024-07,common-android14-6.1
android14-6.1-2024-07_r11,803e655f006cb94cc248d45517030024cb440bc1,https://android.googlesource.com/kernel/common/+/refs/tags/android14-6.1-2024-07_r11,common-android14-6.1-2024-07,common-android14-6.1
android14-6.1-2024-07_r12,a80b988d804ce99672583ee3786468e25aba569d,https://android.googlesource.com/kernel/common/+/refs/tags/android14-6.1-2024-07_r12,common-android14-6.1-2024-07,common-android14-6.1
android14-6.1-2024-07_r13,46e24da6ceb25c24df4cf1d3a3744301d77b7f8b,https://android.googlesource.com/kernel/common/+/refs/tags/android14-6.1-2024-07_r13,common-android14-6.1-2024-07,common-android14-6.1
android14-6.1-2024-07_r14,f4b0d69fdf34188db1088d0b57dc963cc234036f,https://android.googlesource.com/kernel/common/+/refs/tags/android14-6.1-2024-07_r14,common-android14-6.1-2024-07,common-android14-6.1
android14-6.1-2024-07_r15,f4d9c95de9c40c4060def06ae1733e40f553ac4e,https://android.googlesource.com/kernel/common/+/refs/tags/android14-6.1-2024-07_r15,common-android14-6.1-2024-07,common-android14-6.1
android14-6.1-2024-07_r16,3f031cab141177e886b4771f5a34ed0f92399548,https://android.googlesource.com/kernel/common/+/refs/tags/android14-6.1-2024-07_r16,common-android14-6.1-2024-07,common-android14-6.1
android14-6.1-2024-07_r17,a7853f858977d1e716a07ce4ffed940619eaf5c5,https://android.googlesource.com/kernel/common/+/refs/tags/android14-6.1-2024-07_r17,common-android14-6.1-2024-07,common-android14-6.1
android14-6.1-2024-07_r18,d946208fed9433cf6740ca00d267ad6074d94312,https://android.googlesource.com/kernel/common/+/refs/tags/android14-6.1-2024-07_r18,common-android14-6.1-2024-07,common-android14-6.1
android14-6.1-2024-06_r1,55b024554aae776e18c5666d7ac20c53c014a680,https://android.googlesource.com/kernel/common/+/refs/tags/android14-6.1-2024-06_r1,common-android14-6.1-2024-06,common-android14-6.1
android14-6.1-2024-06_r2,7c4e7f18851efd58f1f52621b688c139d2668c97,https://android.googlesource.com/kernel/common/+/refs/tags/android14-6.1-2024-06_r2,common-android14-6.1-2024-06,common-android14-6.1
android14-6.1-2024-06_r3,cb6c9fcea75d596f3ea030f1179093d4cedced60,https://android.googlesource.com/kernel/common/+/refs/tags/android14-6.1-2024-06_r3,common-android14-6.1-2024-06,common-android14-6.1
android14-6.1-2024-06_r4,b6577b7604810030b5df09106f713e998ad24ea9,https://android.googlesource.com/kernel/common/+/refs/tags/android14-6.1-2024-06_r4,common-android14-6.1-2024-06,common-android14-6.1
android14-6.1-2024-06_r5,361370ca865aae9209ca03c8d31a6ff4a5c311cd,https://android.googlesource.com/kernel/common/+/refs/tags/android14-6.1-2024-06_r5,common-android14-6.1-2024-06,common-android14-6.1
android14-6.1-2024-06_r6,02f982f0b007f09acf1f41d8829805b9d797f405,https://android.googlesource.com/kernel/common/+/refs/tags/android14-6.1-2024-06_r6,common-android14-6.1-2024-06,common-android14-6.1
android14-6.1-2024-06_r7,2808c08738731d587b02119757f6b317b16b2007,https://android.googlesource.com/kernel/common/+/refs/tags/android14-6.1-2024-06_r7,common-android14-6.1-2024-06,common-android14-6.1
android14-6.1-2024-06_r9,87f4466c4383da0943466b8f03aa45c144139ea8,https://android.googlesource.com/kernel/common/+/refs/tags/android14-6.1-2024-06_r9,common-android14-6.1-2024-06,common-android14-6.1
android14-6.1-2024-06_r10,80e7bf0b55d763c1c7933ff972f2826c91a5f5de,https://android.googlesource.com/kernel/common/+/refs/tags/android14-6.1-2024-06_r10,common-android14-6.1-2024-06,common-android14-6.1
android14-6.1-2024-06_r11,24f44131c9b117d0a67aa0675b176eeee8a71daf,https://android.googlesource.com/kernel/common/+/refs/tags/android14-6.1-2024-06_r11,common-android14-6.1-2024-06,common-android14-6.1
android14-6.1-2024-06_r12,037361c07f09f617672d04ad1a8dd5fab64361f6,https://android.googlesource.com/kernel/common/+/refs/tags/android14-6.1-2024-06_r12,common-android14-6.1-2024-06,common-android14-6.1
android14-6.1-2024-06_r13,181b0abb9491fe4ca27b4eb10a7691bef2d8f466,https://android.googlesource.com/kernel/common/+/refs/tags/android14-6.1-2024-06_r13,common-android14-6.1-2024-06,common-android14-6.1
android14-6.1-2024-06_r14,07aec5970f4301de5bf74f7afb92f8819cc39a13,https://android.googlesource.com/kernel/common/+/refs/tags/android14-6.1-2024-06_r14,common-android14-6.1-2024-06,common-android14-6.1
android14-6.1-2024-06_r15,23a64f47d5dbd56b5892bded62e801f6fbacfb3a,https://android.googlesource.com/kernel/common/+/refs/tags/android14-6.1-2024-06_r15,common-android14-6.1-2024-06,common-android14-6.1
android14-6.1-2024-06_r16,281a188b60db5d0a6f9b67ca8e428b3c60b3fdb4,https://android.googlesource.com/kernel/common/+/refs/tags/android14-6.1-2024-06_r16,common-android14-6.1-2024-06,common-android14-6.1
android14-6.1-2024-06_r17,96c735b8833b22207f9ead81a369ebc1775fb616,https://android.googlesource.com/kernel/common/+/refs/tags/android14-6.1-2024-06_r17,common-android14-6.1-2024-06,common-android14-6.1
android14-6.1-2024-06_r18,baecd1413ca16de7cf600142aa07630132700c6e,https://android.googlesource.com/kernel/common/+/refs/tags/android14-6.1-2024-06_r18,common-android14-6.1-2024-06,common-android14-6.1
android14-6.1-2024-06_r19,233cd6b58e4f649fb1ae02fb654ee3c7b0cea9f1,https://android.googlesource.com/kernel/common/+/refs/tags/android14-6.1-2024-06_r19,common-android14-6.1-2024-06,common-android14-6.1
android14-6.1-2024-05_r1,b7e1a1e9ae490a2a35376ad22b1d1fe779667bbf,https://android.googlesource.com/kernel/common/+/refs/tags/android14-6.1-2024-05_r1,common-android14-6.1-2024-05,common-android14-6.1
android14-6.1-2024-05_r2,d16b282f9dca0e3b8bc86e55281fb75a60eb5d9f,https://android.googlesource.com/kernel/common/+/refs/tags/android14-6.1-2024-05_r2,common-android14-6.1-2024-05,common-android14-6.1
android14-6.1-2024-05_r3,27d2d05c7b22ec0fa4d60221eb594b0b776c6d0a,https://android.googlesource.com/kernel/common/+/refs/tags/android14-6.1-2024-05_r3,common-android14-6.1-2024-05,common-android14-6.1
android14-6.1-2024-05_r4,8942136b27449124ba5fb29cfb85f4666d348a29,https://android.googlesource.com/kernel/common/+/refs/tags/android14-6.1-2024-05_r4,common-android14-6.1-2024-05,common-android14-6.1
android14-6.1-2024-05_r5,7c837a6e28f2a84ab382f69d286d613187e97d46,https://android.googlesource.com/kernel/common/+/refs/tags/android14-6.1-2024-05_r5,common-android14-6.1-2024-05,common-android14-6.1
android14-6.1-2024-05_r6,a55b4b776d126065ede769c24a32a225cbb1c0b9,https://android.googlesource.com/kernel/common/+/refs/tags/android14-6.1-2024-05_r6,common-android14-6.1-2024-05,common-android14-6.1
android14-6.1-2024-05_r7,cec7ba95d3c762385a9e6310061752676c99c493,https://android.googlesource.com/kernel/common/+/refs/tags/android14-6.1-2024-05_r7,common-android14-6.1-2024-05,common-android14-6.1
android14-6.1-2024-05_r8,48b922851ac5ea46c1ad3985323bd167cb4fceab,https://android.googlesource.com/kernel/common/+/refs/tags/android14-6.1-2024-05_r8,common-android14-6.1-2024-05,common-android14-6.1
android14-6.1-2024-05_r9,f8b5d8e82884d5a30f5caef634dfdc70e87a4bec,https://android.googlesource.com/kernel/common/+/refs/tags/android14-6.1-2024-05_r9,common-android14-6.1-2024-05,common-android14-6.1
android14-6.1-2024-05_r10,e6aa4d77d022f75659f4aabf929514f4cb11ad29,https://android.googlesource.com/kernel/common/+/refs/tags/android14-6.1-2024-05_r10,common-android14-6.1-2024-05,common-android14-6.1
android14-6.1-2024-05_r11,d57efa708101af2be11605d0d58a9f686c7b01d7,https://android.googlesource.com/kernel/common/+/refs/tags/android14-6.1-2024-05_r11,common-android14-6.1-2024-05,common-android14-6.1
android14-6.1-2024-05_r13,16c5f6cd5e9b062d5780f70c4b8af616e05de8aa,https://android.googlesource.com/kernel/common/+/refs/tags/android14-6.1-2024-05_r13,common-android14-6.1-2024-05,common-android14-6.1
android14-6.1-2024-05_r14,cfe3ac7a3f39955cb8e33c23f93aea216c276594,https://android.googlesource.com/kernel/common/+/refs/tags/android14-6.1-2024-05_r14,common-android14-6.1-2024-05,common-android14-6.1
android14-6.1-2024-05_r16,de97aef3593c53d76a36ef934e6296b31526e22a,https://android.googlesource.com/kernel/common/+/refs/tags/android14-6.1-2024-05_r16,common-android14-6.1-2024-05,common-android14-6.1
android14-6.1-2024-05_r17,42d02110e7d1996865c3fc5f00e89204f6faaa49,https://android.googlesource.com/kernel/common/+/refs/tags/android14-6.1-2024-05_r17,common-android14-6.1-2024-05,common-android14-6.1
android14-6.1-2024-04_r1,ba3bdbe0db3fe0a07188d30b34221325172f7274,https://android.googlesource.com/kernel/common/+/refs/tags/android14-6.1-2024-04_r1,common-android14-6.1-2024-04,common-android14-6.1
android14-6.1-2024-04_r2,aa572113db0e7364f8750b0645280dc417f2c389,https://android.googlesource.com/kernel/common/+/refs/tags/android14-6.1-2024-04_r2,common-android14-6.1-2024-04,common-android14-6.1
android14-6.1-2024-04_r3,235b7a813cef143613651f1a841b37b3b983b46d,https://android.googlesource.com/kernel/common/+/refs/tags/android14-6.1-2024-04_r3,common-android14-6.1-2024-04,common-android14-6.1
android14-6.1-2024-04_r4,f86c6a0be90b1098a40ea1a404deae4bb24ee72b,https://android.googlesource.com/kernel/common/+/refs/tags/android14-6.1-2024-04_r4,common-android14-6.1-2024-04,common-android14-6.1
android14-6.1-2024-04_r6,af1da5c8678e567802d25cbe3d8d3e930a985851,https://android.googlesource.com/kernel/common/+/refs/tags/android14-6.1-2024-04_r6,common-android14-6.1-2024-04,common-android14-6.1
android14-6.1-2024-04_r7,b7e0411a64eca8f4704714936a3d00bdc9e90993,https://android.googlesource.com/kernel/common/+/refs/tags/android14-6.1-2024-04_r7,common-android14-6.1-2024-04,common-android14-6.1
android14-6.1-2024-04_r8,af994b94aaa7b58d414f5a5e5dcd25cd37cd99a0,https://android.googlesource.com/kernel/common/+/refs/tags/android14-6.1-2024-04_r8,common-android14-6.1-2024-04,common-android14-6.1
android14-6.1-2024-04_r9,03016a181dee7bab5599feb513bba9879536f585,https://android.googlesource.com/kernel/common/+/refs/tags/android14-6.1-2024-04_r9,common-android14-6.1-2024-04,common-android14-6.1
android14-6.1-2024-04_r10,5e488f7735f1d27da89f67bb8b8c7a452d176b79,https://android.googlesource.com/kernel/common/+/refs/tags/android14-6.1-2024-04_r10,common-android14-6.1-2024-04,common-android14-6.1
android14-6.1-2024-04_r11,cd90bfddbeaaed463549e1fc4b0feee42a1577f2,https://android.googlesource.com/kernel/common/+/refs/tags/android14-6.1-2024-04_r11,common-android14-6.1-2024-04,common-android14-6.1
android14-6.1-2024-04_r13,a9c2920233e0379f03667d67c11a432f93f3ee73,https://android.googlesource.com/kernel/common/+/refs/tags/android14-6.1-2024-04_r13,common-android14-6.1-2024-04,common-android14-6.1
android14-6.1-2024-04_r16,fe1c322760cb8692007d0065962ba146a6a1e19d,https://android.googlesource.com/kernel/common/+/refs/tags/android14-6.1-2024-04_r16,common-android14-6.1-2024-04,common-android14-6.1
android14-6.1-2024-04_r17,f8eae0d54560f3bb53a42b44b8537c78f818ab58,https://android.googlesource.com/kernel/common/+/refs/tags/android14-6.1-2024-04_r17,common-android14-6.1-2024-04,common-android14-6.1
android14-6.1-2024-04_r18,a73fa041308dd34639e163b4c0e4868cc5a7104c,https://android.googlesource.com/kernel/common/+/refs/tags/android14-6.1-2024-04_r18,common-android14-6.1-2024-04,common-android14-6.1
android14-6.1-2024-03_r1,3efaf503ab3f701d9579c6101dc8b07a40ce27ff,https://android.googlesource.com/kernel/common/+/refs/tags/android14-6.1-2024-03_r1,common-android14-6.1-2024-03,common-android14-6.1
android14-6.1-2024-03_r2,bed1f46165bf4d45b10393821e7aa023ff0433cb,https://android.googlesource.com/kernel/common/+/refs/tags/android14-6.1-2024-03_r2,common-android14-6.1-2024-03,common-android14-6.1
android14-6.1-2024-03_r3,77230df211016f19a5d232ed8e321a47563adf6f,https://android.googlesource.com/kernel/common/+/refs/tags/android14-6.1-2024-03_r3,common-android14-6.1-2024-03,common-android14-6.1
android14-6.1-2024-03_r4,337a4a7d36f45dc1964ae5c95aee16c7679fcb82,https://android.googlesource.com/kernel/common/+/refs/tags/android14-6.1-2024-03_r4,common-android14-6.1-2024-03,common-android14-6.1
android14-6.1-2024-03_r5,6dde3d399b3ca382977607ab389ba7f72e68400e,https://android.googlesource.com/kernel/common/+/refs/tags/android14-6.1-2024-03_r5,common-android14-6.1-2024-03,common-android14-6.1
android14-6.1-2024-03_r6,e119fea05420e9f514fe030848e05e0995d990c2,https://android.googlesource.com/kernel/common/+/refs/tags/android14-6.1-2024-03_r6,common-android14-6.1-2024-03,common-android14-6.1
android14-6.1-2024-03_r7,5b80c8852557d24c2771da11044933210a92f543,https://android.googlesource.com/kernel/common/+/refs/tags/android14-6.1-2024-03_r7,common-android14-6.1-2024-03,common-android14-6.1
android14-6.1-2024-03_r9,badc4dde593b0d3ea956357f6dcba37def341e48,https://android.googlesource.com/kernel/common/+/refs/tags/android14-6.1-2024-03_r9,common-android14-6.1-2024-03,common-android14-6.1
android14-6.1-2024-03_r10,3db75d08f1b11598af90b3033b93ab19c138237e,https://android.googlesource.com/kernel/common/+/refs/tags/android14-6.1-2024-03_r10,common-android14-6.1-2024-03,common-android14-6.1
android14-6.1-2024-03_r11,d9f595d27c0a9ccc8e572b474e924045a761b2e9,https://android.googlesource.com/kernel/common/+/refs/tags/android14-6.1-2024-03_r11,common-android14-6.1-2024-03,common-android14-6.1
android14-6.1-2024-03_r12,2977c4493337598f01b2051e54179c244e929687,https://android.googlesource.com/kernel/common/+/refs/tags/android14-6.1-2024-03_r12,common-android14-6.1-2024-03,common-android14-6.1
android14-6.1-2024-03_r13,47e1a61f6275d4d0a91838e4eb715399f820eaf9,https://android.googlesource.com/kernel/common/+/refs/tags/android14-6.1-2024-03_r13,common-android14-6.1-2024-03,common-android14-6.1
android14-6.1-2024-03_r14,b3b741a00867d759fa633d37a629937bb1a0f42c,https://android.googlesource.com/kernel/common/+/refs/tags/android14-6.1-2024-03_r14,common-android14-6.1-2024-03,common-android14-6.1
android14-6.1-2024-02_r1,0cfa80d3c398c747f9d502f5812465b082ad675a,https://android.googlesource.com/kernel/common/+/refs/tags/android14-6.1-2024-02_r1,common-android14-6.1-2024-02,common-android14-6.1
android14-6.1-2024-02_r2,1cc49f330de14314ffa4d5e313c12500f80ba08a,https://android.googlesource.com/kernel/common/+/refs/tags/android14-6.1-2024-02_r2,common-android14-6.1-2024-02,common-android14-6.1
android14-6.1-2024-02_r3,99af62e7ab80557f48577f8f2d4695976c68ada6,https://android.googlesource.com/kernel/common/+/refs/tags/android14-6.1-2024-02_r3,common-android14-6.1-2024-02,common-android14-6.1
android14-6.1-2024-02_r4,0afac5c96474e8db897a7e1631c96aeb96a345a2,https://android.googlesource.com/kernel/common/+/refs/tags/android14-6.1-2024-02_r4,common-android14-6.1-2024-02,common-android14-6.1
android14-6.1-2024-02_r5,4098c639d7d440857540848a9b38ba99dfc8e611,https://android.googlesource.com/kernel/common/+/refs/tags/android14-6.1-2024-02_r5,common-android14-6.1-2024-02,common-android14-6.1
android14-6.1-2024-02_r6,f4aadbd0cb1bb450e741144647bf7c31c7bf18b7,https://android.googlesource.com/kernel/common/+/refs/tags/android14-6.1-2024-02_r6,common-android14-6.1-2024-02,common-android14-6.1
android14-6.1-2024-02_r7,25f9dbf91225398fca68e672f048e7460a764bc3,https://android.googlesource.com/kernel/common/+/refs/tags/android14-6.1-2024-02_r7,common-android14-6.1-2024-02,common-android14-6.1
android14-6.1-2024-02_r8,716498f88d0f6fb6f513bba92eefd4b245c60d71,https://android.googlesource.com/kernel/common/+/refs/tags/android14-6.1-2024-02_r8,common-android14-6.1-2024-02,common-android14-6.1
android14-6.1-2024-02_r9,569fd7319fa1b88bfd70a54720d435e710719f89,https://android.googlesource.com/kernel/common/+/refs/tags/android14-6.1-2024-02_r9,common-android14-6.1-2024-02,common-android14-6.1
android14-6.1-2024-02_r10,e1e7d630d60a54ae61bfa7b22380db03feecbd45,https://android.googlesource.com/kernel/common/+/refs/tags/android14-6.1-2024-02_r10,common-android14-6.1-2024-02,common-android14-6.1
android14-6.1-2024-02_r11,d5129e92fa8c9e974b03ad9a2d6b7c5afa0f7a88,https://android.googlesource.com/kernel/common/+/refs/tags/android14-6.1-2024-02_r11,common-android14-6.1-2024-02,common-android14-6.1
android14-6.1-2024-02_r12,2b5351e5646ef4c483fbc25ce6d58c341bc8dc8b,https://android.googlesource.com/kernel/common/+/refs/tags/android14-6.1-2024-02_r12,common-android14-6.1-2024-02,common-android14-6.1
android14-6.1-2024-02_r13,9a550d45f6db6f8848b23d4d6748f930bc73b674,https://android.googlesource.com/kernel/common/+/refs/tags/android14-6.1-2024-02_r13,common-android14-6.1-2024-02,common-android14-6.1
android14-6.1-2024-02_r14,7a40ad971d0a02056ff14f26608d7fd709318924,https://android.googlesource.com/kernel/common/+/refs/tags/android14-6.1-2024-02_r14,common-android14-6.1-2024-02,common-android14-6.1
android14-6.1-2024-02_r15,d0e6b29ca35924b590779130c29f66a33699bc18,https://android.googlesource.com/kernel/common/+/refs/tags/android14-6.1-2024-02_r15,common-android14-6.1-2024-02,common-android14-6.1
android14-6.1-2024-02_r16,2d2543bebccf3356a94cc3ca95ffdc190b2c5331,https://android.googlesource.com/kernel/common/+/refs/tags/android14-6.1-2024-02_r16,common-android14-6.1-2024-02,common-android14-6.1
android14-6.1-2024-01_r1,fc4b04d84027716cb45c7266d35f9216d445f747,https://android.googlesource.com/kernel/common/+/refs/tags/android14-6.1-2024-01_r1,common-android14-6.1-2024-01,common-android14-6.1
android14-6.1-2024-01_r2,a18fb031e39fd671cc33191d7774cf24fa98b6ac,https://android.googlesource.com/kernel/common/+/refs/tags/android14-6.1-2024-01_r2,common-android14-6.1-2024-01,common-android14-6.1
android14-6.1-2024-01_r4,1b8d1ec1b234b70752e35db7f9ea3fab82a1d5f4,https://android.googlesource.com/kernel/common/+/refs/tags/android14-6.1-2024-01_r4,common-android14-6.1-2024-01,common-android14-6.1
android14-6.1-2024-01_r5,798323a4de2139f9d3808e6d77db55b4ae934343,https://android.googlesource.com/kernel/common/+/refs/tags/android14-6.1-2024-01_r5,common-android14-6.1-2024-01,common-android14-6.1
android14-6.1-2024-01_r6,42825d7bf0cd48cebaa9339d5badb466be5713ff,https://android.googlesource.com/kernel/common/+/refs/tags/android14-6.1-2024-01_r6,common-android14-6.1-2024-01,common-android14-6.1
android14-6.1-2024-01_r7,c11116b4e658b6031116d111994dd3f4b019a72a,https://android.googlesource.com/kernel/common/+/refs/tags/android14-6.1-2024-01_r7,common-android14-6.1-2024-01,common-android14-6.1
android14-6.1-2024-01_r8,e464ea13e9c9c93b7634651307e3f5eb69ff06a5,https://android.googlesource.com/kernel/common/+/refs/tags/android14-6.1-2024-01_r8,common-android14-6.1-2024-01,common-android14-6.1
android14-6.1-2024-01_r9,2469944f25200873329a3f68f2db42746169901e,https://android.googlesource.com/kernel/common/+/refs/tags/android14-6.1-2024-01_r9,common-android14-6.1-2024-01,common-android14-6.1
android14-6.1-2024-01_r10,07e03fc94ae41d7a198361c37f8d8111563a38f8,https://android.googlesource.com/kernel/common/+/refs/tags/android14-6.1-2024-01_r10,common-android14-6.1-2024-01,common-android14-6.1
android14-6.1-2024-01_r11,5d4023dfceaea18c7b9c6f1ccab673c44af52000,https://android.googlesource.com/kernel/common/+/refs/tags/android14-6.1-2024-01_r11,common-android14-6.1-2024-01,common-android14-6.1
android14-6.1-2024-01_r12,25ca3f2d750d9e9f47e99d20970442a9f7baa8e4,https://android.googlesource.com/kernel/common/+/refs/tags/android14-6.1-2024-01_r12,common-android14-6.1-2024-01,common-android14-6.1
android14-6.1-2024-01_r13,45ed717997ec845813b688114273331007e658db,https://android.googlesource.com/kernel/common/+/refs/tags/android14-6.1-2024-01_r13,common-android14-6.1-2024-01,common-android14-6.1
android14-6.1-2024-01_r14,cb5afae8f064be21cd941e1a3cbeb81259ba6583,https://android.googlesource.com/kernel/common/+/refs/tags/android14-6.1-2024-01_r14,common-android14-6.1-2024-01,common-android14-6.1
android14-6.1-2024-01_r15,cf2c2dc91b9e9f016dc25cf095b1fe34cb5dfcb6,https://android.googlesource.com/kernel/common/+/refs/tags/android14-6.1-2024-01_r15,common-android14-6.1-2024-01,common-android14-6.1
android14-6.1-2024-01_r17,ad16cf513346b1a45bea17b36d35ce8cdba2c443,https://android.googlesource.com/kernel/common/+/refs/tags/android14-6.1-2024-01_r17,common-android14-6.1-2024-01,common-android14-6.1
android14-6.1-2024-01_r18,05e7c0ef07b7d22027998fe81e3212c7a9650a05,https://android.googlesource.com/kernel/common/+/refs/tags/android14-6.1-2024-01_r18,common-android14-6.1-2024-01,common-android14-6.1
android14-6.1-2024-01_r19,2de3ba70f288191dabe0d9387146086c56cc32dd,https://android.googlesource.com/kernel/common/+/refs/tags/android14-6.1-2024-01_r19,common-android14-6.1-2024-01,common-android14-6.1
android14-6.1-2024-01_r20,3ae6c70a6df31838192a4c4b8f52b90b6c82cac0,https://android.googlesource.com/kernel/common/+/refs/tags/android14-6.1-2024-01_r20,common-android14-6.1-2024-01,common-android14-6.1
android14-6.1-2024-01_r21,6990451abf9f368661f2691a239a9f7486566199,https://android.googlesource.com/kernel/common/+/refs/tags/android14-6.1-2024-01_r21,common-android14-6.1-2024-01,common-android14-6.1
android14-6.1-2024-01_r22,e2a3d31bd84553f4aeea33438d5ec239ee0c482c,https://android.googlesource.com/kernel/common/+/refs/tags/android14-6.1-2024-01_r22,common-android14-6.1-2024-01,common-android14-6.1
android14-6.1-2024-01_r24,d649ec7f0428d7d43a39d737b6176056b9643e01,https://android.googlesource.com/kernel/common/+/refs/tags/android14-6.1-2024-01_r24,common-android14-6.1-2024-01,common-android14-6.1
android14-6.1-2023-12_r1,9695e7a856bf28aa4f9a0ac48a4a283c62546525,https://android.googlesource.com/kernel/common/+/refs/tags/android14-6.1-2023-12_r1,common-android14-6.1-2023-12,common-android14-6.1
android14-6.1-2023-12_r2,6dd1f54e29ea4c4ec0c508ab8a7b78991e2ca25b,https://android.googlesource.com/kernel/common/+/refs/tags/android14-6.1-2023-12_r2,common-android14-6.1-2023-12,common-android14-6.1
android14-6.1-2023-12_r3,bb678483937f6476a8f40f17bdd19aadbcb94d41,https://android.googlesource.com/kernel/common/+/refs/tags/android14-6.1-2023-12_r3,common-android14-6.1-2023-12,common-android14-6.1
android14-6.1-2023-12_r4,aeb7ac706864646a19d495f087d91dcd9afbdb45,https://android.googlesource.com/kernel/common/+/refs/tags/android14-6.1-2023-12_r4,common-android14-6.1-2023-12,common-android14-6.1
android14-6.1-2023-12_r5,c19517736e7dc25d78dfbca943a60a0f3aaca70d,https://android.googlesource.com/kernel/common/+/refs/tags/android14-6.1-2023-12_r5,common-android14-6.1-2023-12,common-android14-6.1
android14-6.1-2023-12_r6,74f33d7d1cfc8c02128a2f77e34266cf93fe936f,https://android.googlesource.com/kernel/common/+/refs/tags/android14-6.1-2023-12_r6,common-android14-6.1-2023-12,common-android14-6.1
android14-6.1-2023-12_r7,43adf50153c06697b3292a86cbf5cd4c9bd4ecbe,https://android.googlesource.com/kernel/common/+/refs/tags/android14-6.1-2023-12_r7,common-android14-6.1-2023-12,common-android14-6.1
android14-6.1-2023-12_r8,d8b333a26dfddffc3e930c601c2fe52d99d248c1,https://android.googlesource.com/kernel/common/+/refs/tags/android14-6.1-2023-12_r8,common-android14-6.1-2023-12,common-android14-6.1
android14-6.1-2023-12_r9,83e3d64b240216e1d6dca2b536556214105e453e,https://android.googlesource.com/kernel/common/+/refs/tags/android14-6.1-2023-12_r9,common-android14-6.1-2023-12,common-android14-6.1
android14-6.1-2023-12_r10,1b4400e7c3b402bc102ffba08613007aa679c43f,https://android.googlesource.com/kernel/common/+/refs/tags/android14-6.1-2023-12_r10,common-android14-6.1-2023-12,common-android14-6.1
android14-6.1-2023-12_r11,c712b60bf500aa19ea37a131a603d29429a4fece,https://android.googlesource.com/kernel/common/+/refs/tags/android14-6.1-2023-12_r11,common-android14-6.1-2023-12,common-android14-6.1
android14-6.1-2023-12_r12,792270e27ab1ec8bcc63b83737c9aaf4d806b17d,https://android.googlesource.com/kernel/common/+/refs/tags/android14-6.1-2023-12_r12,common-android14-6.1-2023-12,common-android14-6.1
android14-6.1-2023-12_r13,12c4e3513451424cb40de8c6ce7ef02c7e4df554,https://android.googlesource.com/kernel/common/+/refs/tags/android14-6.1-2023-12_r13,common-android14-6.1-2023-12,common-android14-6.1
android14-6.1-2023-12_r15,7921a0f6bca227758d47f736546170c8b809b048,https://android.googlesource.com/kernel/common/+/refs/tags/android14-6.1-2023-12_r15,common-android14-6.1-2023-12,common-android14-6.1
android14-6.1-2023-12_r16,260cf320ef1381937056d51c6a8bd2591409efbc,https://android.googlesource.com/kernel/common/+/refs/tags/android14-6.1-2023-12_r16,common-android14-6.1-2023-12,common-android14-6.1
android14-6.1-2023-12_r17,68b07e0c3bddff0b675bd0f6de7a82354d5a24e3,https://android.googlesource.com/kernel/common/+/refs/tags/android14-6.1-2023-12_r17,common-android14-6.1-2023-12,common-android14-6.1
android14-6.1-2023-12_r19,d34b584743ada40bda72fcd87dc14e4acd2315ce,https://android.googlesource.com/kernel/common/+/refs/tags/android14-6.1-2023-12_r19,common-android14-6.1-2023-12,common-android14-6.1
android14-6.1-2023-12_r20,d10299673421ed6d3e27e2a36122a7a6778ca7d2,https://android.googlesource.com/kernel/common/+/refs/tags/android14-6.1-2023-12_r20,common-android14-6.1-2023-12,common-android14-6.1
android14-6.1-2023-11_r1,ebd072ea164a9c5a0d6cf9d73f3091868ff62b7d,https://android.googlesource.com/kernel/common/+/refs/tags/android14-6.1-2023-11_r1,common-android14-6.1-2023-11,common-android14-6.1
android14-6.1-2023-11_r2,4e7b7a37fb50e6432377fe37721fb613c86188e5,https://android.googlesource.com/kernel/common/+/refs/tags/android14-6.1-2023-11_r2,common-android14-6.1-2023-11,common-android14-6.1
android14-6.1-2023-11_r3,a2fa77d36d26b574cffec6766df50a711f305450,https://android.googlesource.com/kernel/common/+/refs/tags/android14-6.1-2023-11_r3,common-android14-6.1-2023-11,common-android14-6.1
android14-6.1-2023-11_r4,b298419d7f97414cd2cab5933c0467b5b8ce5508,https://android.googlesource.com/kernel/common/+/refs/tags/android14-6.1-2023-11_r4,common-android14-6.1-2023-11,common-android14-6.1
android14-6.1-2023-11_r5,2842bf6db70081cf7c4cf26d777b19d9a5491e1e,https://android.googlesource.com/kernel/common/+/refs/tags/android14-6.1-2023-11_r5,common-android14-6.1-2023-11,common-android14-6.1
android14-6.1-2023-11_r6,0633c30262ab3aac9206bb257ed4e5fad1694e28,https://android.googlesource.com/kernel/common/+/refs/tags/android14-6.1-2023-11_r6,common-android14-6.1-2023-11,common-android14-6.1
android14-6.1-2023-11_r7,c2d34c3cb18de19a64ace4d7f37a3fc0d9733731,https://android.googlesource.com/kernel/common/+/refs/tags/android14-6.1-2023-11_r7,common-android14-6.1-2023-11,common-android14-6.1
android14-6.1-2023-11_r8,62b257dbd8faa199bf8d62ff49dc03bf41d2694f,https://android.googlesource.com/kernel/common/+/refs/tags/android14-6.1-2023-11_r8,common-android14-6.1-2023-11,common-android14-6.1
android14-6.1-2023-11_r9,a1a6532348583cfe7eefd01064f95c0db5c3bdb4,https://android.googlesource.com/kernel/common/+/refs/tags/android14-6.1-2023-11_r9,common-android14-6.1-2023-11,common-android14-6.1
android14-6.1-2023-11_r10,05d2945c9a7668c494a0c577ef2c4f1b05a2d775,https://android.googlesource.com/kernel/common/+/refs/tags/android14-6.1-2023-11_r10,common-android14-6.1-2023-11,common-android14-6.1
android14-6.1-2023-11_r12,f1a3cfb97a681eb64e720deda97a6c9adbd844aa,https://android.googlesource.com/kernel/common/+/refs/tags/android14-6.1-2023-11_r12,common-android14-6.1-2023-11,common-android14-6.1
android14-6.1-2023-11_r13,8ae1e12900670f88128a6b766237f37c686242ec,https://android.googlesource.com/kernel/common/+/refs/tags/android14-6.1-2023-11_r13,common-android14-6.1-2023-11,common-android14-6.1
android14-6.1-2023-10_r1,835b6458fa548d62264ffdea90d9f43f600cf64a,https://android.googlesource.com/kernel/common/+/refs/tags/android14-6.1-2023-10_r1,common-android14-6.1-2023-10,common-android14-6.1
android14-6.1-2023-10_r2,fffe3966fa735fa5b94b8f36b9ace8e99eb32a82,https://android.googlesource.com/kernel/common/+/refs/tags/android14-6.1-2023-10_r2,common-android14-6.1-2023-10,common-android14-6.1
android14-6.1-2023-10_r3,f682e66f2ecf3382466d76b4788e625582d4bcea,https://android.googlesource.com/kernel/common/+/refs/tags/android14-6.1-2023-10_r3,common-android14-6.1-2023-10,common-android14-6.1
android14-6.1-2023-10_r4,a251d9d28d446165eb50f0c09248be1b38d63b1d,https://android.googlesource.com/kernel/common/+/refs/tags/android14-6.1-2023-10_r4,common-android14-6.1-2023-10,common-android14-6.1
android14-6.1-2023-10_r5,a015ac7723208dadb5a8f338f90bb3aa8c2030f2,https://android.googlesource.com/kernel/common/+/refs/tags/android14-6.1-2023-10_r5,common-android14-6.1-2023-10,common-android14-6.1
android14-6.1-2023-10_r6,4528d59d4335d30ca991c5e079bf443b92c02aae,https://android.googlesource.com/kernel/common/+/refs/tags/android14-6.1-2023-10_r6,common-android14-6.1-2023-10,common-android14-6.1
android14-6.1-2023-10_r7,fafa73a807d8b0b09fb6f21107554374340afffc,https://android.googlesource.com/kernel/common/+/refs/tags/android14-6.1-2023-10_r7,common-android14-6.1-2023-10,common-android14-6.1
android14-6.1-2023-10_r8,547050acabfab00b3c0e105b8519db180f8dedaa,https://android.googlesource.com/kernel/common/+/refs/tags/android14-6.1-2023-10_r8,common-android14-6.1-2023-10,common-android14-6.1
android14-6.1-2023-10_r9,af65a3034723540119fd7dc9dc42c8eb64bbc6c8,https://android.googlesource.com/kernel/common/+/refs/tags/android14-6.1-2023-10_r9,common-android14-6.1-2023-10,common-android14-6.1
android14-6.1-2023-10_r10,0d5847ddd025ffc24267c67e500ca51c1007966c,https://android.googlesource.com/kernel/common/+/refs/tags/android14-6.1-2023-10_r10,common-android14-6.1-2023-10,common-android14-6.1
android14-6.1-2023-10_r11,c75da60cb6de800e92a3eabce5580a9a1e2bfed9,https://android.googlesource.com/kernel/common/+/refs/tags/android14-6.1-2023-10_r11,common-android14-6.1-2023-10,common-android14-6.1
android14-6.1-2023-10_r12,30f606fa78f12612791020996f22498830ecf023,https://android.googlesource.com/kernel/common/+/refs/tags/android14-6.1-2023-10_r12,common-android14-6.1-2023-10,common-android14-6.1
android14-6.1-2023-10_r13,a316800e1ef10c64875ff22c2b6ea335fe068383,https://android.googlesource.com/kernel/common/+/refs/tags/android14-6.1-2023-10_r13,common-android14-6.1-2023-10,common-android14-6.1
android14-6.1-2023-10_r14,6302e1be9a20b261f86b3a23b6f321fe0fa59b53,https://android.googlesource.com/kernel/common/+/refs/tags/android14-6.1-2023-10_r14,common-android14-6.1-2023-10,common-android14-6.1
android14-6.1-2023-10_r16,d3eeea02fc7f6ef8af424f5fa4f9305fd176e272,https://android.googlesource.com/kernel/common/+/refs/tags/android14-6.1-2023-10_r16,common-android14-6.1-2023-10,common-android14-6.1
android14-6.1-2023-10_r17,0d89215310919593150f0ef047f9fd9902e02bc7,https://android.googlesource.com/kernel/common/+/refs/tags/android14-6.1-2023-10_r17,common-android14-6.1-2023-10,common-android14-6.1
android14-6.1-2023-09_r1,e52e60e3ed8dff3fe0fb9d839c93819c91501560,https://android.googlesource.com/kernel/common/+/refs/tags/android14-6.1-2023-09_r1,common-android14-6.1-2023-09,common-android14-6.1
android14-6.1-2023-09_r2,85cada39d59b486a1cd86c5e4652903d1adda65c,https://android.googlesource.com/kernel/common/+/refs/tags/android14-6.1-2023-09_r2,common-android14-6.1-2023-09,common-android14-6.1
android14-6.1-2023-09_r3,0904da5476801880f0f523f40be00bae3f48ed51,https://android.googlesource.com/kernel/common/+/refs/tags/android14-6.1-2023-09_r3,common-android14-6.1-2023-09,common-android14-6.1
android14-6.1-2023-09_r4,030789d915db0b5c1d57a722165be452bce5a3df,https://android.googlesource.com/kernel/common/+/refs/tags/android14-6.1-2023-09_r4,common-android14-6.1-2023-09,common-android14-6.1
android14-6.1-2023-09_r5,ab9e665f5d49278ea5ddcb4b0c97d53ae756f119,https://android.googlesource.com/kernel/common/+/refs/tags/android14-6.1-2023-09_r5,common-android14-6.1-2023-09,common-android14-6.1
android14-6.1-2023-09_r6,c4e2f9a1abb9a8d104c55decf419eb32d0ff0d71,https://android.googlesource.com/kernel/common/+/refs/tags/android14-6.1-2023-09_r6,common-android14-6.1-2023-09,common-android14-6.1
android14-6.1-2023-09_r7,f7c674af72a7ebe0e6f283900630c6eff13ad6e3,https://android.googlesource.com/kernel/common/+/refs/tags/android14-6.1-2023-09_r7,common-android14-6.1-2023-09,common-android14-6.1
android14-6.1-2023-08_r1,3ebafb7b468ba6595d9f1a2b899c8555374779aa,https://android.googlesource.com/kernel/common/+/refs/tags/android14-6.1-2023-08_r1,common-android14-6.1-2023-08,common-android14-6.1
android14-6.1-2023-08_r2,270b36a3a18a0bfb5271be22a3370d9ddf371903,https://android.googlesource.com/kernel/common/+/refs/tags/android14-6.1-2023-08_r2,common-android14-6.1-2023-08,common-android14-6.1
android14-6.1-2023-08_r3,f580df859bb06948e26f249d348a74348c237271,https://android.googlesource.com/kernel/common/+/refs/tags/android14-6.1-2023-08_r3,common-android14-6.1-2023-08,common-android14-6.1
android14-6.1-2023-08_r4,5c1ed513eded33d20e713b1d346e5766251ac98b,https://android.googlesource.com/kernel/common/+/refs/tags/android14-6.1-2023-08_r4,common-android14-6.1-2023-08,common-android14-6.1
android14-6.1-2023-08_r5,d96859ba8012783ffcc0a1e60c04d073a9c4ed3a,https://android.googlesource.com/kernel/common/+/refs/tags/android14-6.1-2023-08_r5,common-android14-6.1-2023-08,common-android14-6.1
android14-6.1-2023-08_r6,2d84558eb143bf673d3a92a36d4a9c0bc665192d,https://android.googlesource.com/kernel/common/+/refs/tags/android14-6.1-2023-08_r6,common-android14-6.1-2023-08,common-android14-6.1
android14-6.1-2023-08_r7,aea5f5430a2dea70c8304189db88001147555c9c,https://android.googlesource.com/kernel/common/+/refs/tags/android14-6.1-2023-08_r7,common-android14-6.1-2023-08,common-android14-6.1
android14-6.1-2023-08_r8,67f6300e6146dcf804628c0479bfd135970dcd2b,https://android.googlesource.com/kernel/common/+/refs/tags/android14-6.1-2023-08_r8,common-android14-6.1-2023-08,common-android14-6.1
android14-6.1-2023-08_r9,a0a2bbee564655b9f866f55fb1e765cb1806b8fb,https://android.googlesource.com/kernel/common/+/refs/tags/android14-6.1-2023-08_r9,common-android14-6.1-2023-08,common-android14-6.1
android14-6.1-2023-08_r10,0e9886464eb24b412309c16f76447ae2fe075117,https://android.googlesource.com/kernel/common/+/refs/tags/android14-6.1-2023-08_r10,common-android14-6.1-2023-08,common-android14-6.1
android14-6.1-2023-08_r11,0829ce09d0f613e990830103ded3dfd721e7d2aa,https://android.googlesource.com/kernel/common/+/refs/tags/android14-6.1-2023-08_r11,common-android14-6.1-2023-08,common-android14-6.1
android14-6.1-2023-08_r12,3ce869a6b2636c0a9540cad9b7c9490f403051ec,https://android.googlesource.com/kernel/common/+/refs/tags/android14-6.1-2023-08_r12,common-android14-6.1-2023-08,common-android14-6.1
android14-6.1-2023-08_r13,a9009a450f1a91d7e3fc35cedcd18f9fc9d9572e,https://android.googlesource.com/kernel/common/+/refs/tags/android14-6.1-2023-08_r13,common-android14-6.1-2023-08,common-android14-6.1
android14-6.1-2023-08_r14,82e136314a0ab3db85c8e05ac32d7961f84a5cb2,https://android.googlesource.com/kernel/common/+/refs/tags/android14-6.1-2023-08_r14,common-android14-6.1-2023-08,common-android14-6.1
android14-6.1-2023-08_r15,8760d5438429d7fe13fe486955295b431c7ea98a,https://android.googlesource.com/kernel/common/+/refs/tags/android14-6.1-2023-08_r15,common-android14-6.1-2023-08,common-android14-6.1
android14-6.1-2023-08_r16,ed83868dd722219d914275319b895d29944e5751,https://android.googlesource.com/kernel/common/+/refs/tags/android14-6.1-2023-08_r16,common-android14-6.1-2023-08,common-android14-6.1
android14-6.1-2023-08_r17,75f71a1d3b0bc575a4982bab3137155c3dcfa1de,https://android.googlesource.com/kernel/common/+/refs/tags/android14-6.1-2023-08_r17,common-android14-6.1-2023-08,common-android14-6.1
android14-6.1-2023-08_r18,99afb113816c6dd5a3acbe4303ac4e4089a05ba2,https://android.googlesource.com/kernel/common/+/refs/tags/android14-6.1-2023-08_r18,common-android14-6.1-2023-08,common-android14-6.1
android14-6.1-2023-07_r1,6c695fad68dc262b1d1d2f37d3f443f0a4038605,https://android.googlesource.com/kernel/common/+/refs/tags/android14-6.1-2023-07_r1,common-android14-6.1-2023-07,common-android14-6.1
android14-6.1-2023-07_r2,a58bd03093774d5ad8a0342bf6238dfde24a4203,https://android.googlesource.com/kernel/common/+/refs/tags/android14-6.1-2023-07_r2,common-android14-6.1-2023-07,common-android14-6.1
android14-6.1-2023-07_r3,362955f0da5866426ae2ef38c4a3cc9f01437f0c,https://android.googlesource.com/kernel/common/+/refs/tags/android14-6.1-2023-07_r3,common-android14-6.1-2023-07,common-android14-6.1
android14-6.1-2023-07_r4,66f772a2f339451ae6e5e4f3ae7e17a83d8e8a96,https://android.googlesource.com/kernel/common/+/refs/tags/android14-6.1-2023-07_r4,common-android14-6.1-2023-07,common-android14-6.1
android14-6.1-2023-07_r5,64466a748ac89e573955f7e881a242d1ebe1e053,https://android.googlesource.com/kernel/common/+/refs/tags/android14-6.1-2023-07_r5,common-android14-6.1-2023-07,common-android14-6.1
android14-6.1-2023-07_r6,aa4fe52ab59e117d732f1d5d6bb6de312f0fd621,https://android.googlesource.com/kernel/common/+/refs/tags/android14-6.1-2023-07_r6,common-android14-6.1-2023-07,common-android14-6.1
android14-6.1-2023-07_r7,71b43c3e005a15b83c564a835361e2b7aa56e086,https://android.googlesource.com/kernel/common/+/refs/tags/android14-6.1-2023-07_r7,common-android14-6.1-2023-07,common-android14-6.1
android14-6.1-2023-07_r8,394d6e3e727db565306abdae63ec50b684d91657,https://android.googlesource.com/kernel/common/+/refs/tags/android14-6.1-2023-07_r8,common-android14-6.1-2023-07,common-android14-6.1
android14-6.1-2023-07_r9,af1d5e61d1c863ec771190c2921656027b7ef48a,https://android.googlesource.com/kernel/common/+/refs/tags/android14-6.1-2023-07_r9,common-android14-6.1-2023-07,common-android14-6.1
android14-6.1-2023-07_r10,6864d7f28cd6a3da50ee3640ecb3c0fba67a6896,https://android.googlesource.com/kernel/common/+/refs/tags/android14-6.1-2023-07_r10,common-android14-6.1-2023-07,common-android14-6.1
android14-6.1-2023-07_r11,c8a4222899da9a7daeb3efa374b2cd5493fbd905,https://android.googlesource.com/kernel/common/+/refs/tags/android14-6.1-2023-07_r11,common-android14-6.1-2023-07,common-android14-6.1
android14-6.1-2023-07_r12,64534c16e924ca2cf9d46e90b6b4e7adea2b0e2e,https://android.googlesource.com/kernel/common/+/refs/tags/android14-6.1-2023-07_r12,common-android14-6.1-2023-07,common-android14-6.1
android14-6.1-2023-07_r13,9659a77187f72690a92f747e87ffefd96dfef9fe,https://android.googlesource.com/kernel/common/+/refs/tags/android14-6.1-2023-07_r13,common-android14-6.1-2023-07,common-android14-6.1
android14-6.1-2023-07_r14,81237a2845d274bcfbf27c9e22400e85dd00a445,https://android.googlesource.com/kernel/common/+/refs/tags/android14-6.1-2023-07_r14,common-android14-6.1-2023-07,common-android14-6.1
android14-6.1-2023-06_r1,0a859e781c76f9e1fcfd65f7c2e08d102ec948bc,https://android.googlesource.com/kernel/common/+/refs/tags/android14-6.1-2023-06_r1,common-android14-6.1-2023-06,common-android14-6.1
android14-6.1-2023-06_r2,14c33e01ba60dc9cd9665f4f445f6c04d6030ecc,https://android.googlesource.com/kernel/common/+/refs/tags/android14-6.1-2023-06_r2,common-android14-6.1-2023-06,common-android14-6.1
android14-6.1-2023-06_r3,3bccd89f07ae2369ec7a1ab3cf918b46ac0af7d5,https://android.googlesource.com/kernel/common/+/refs/tags/android14-6.1-2023-06_r3,common-android14-6.1-2023-06,common-android14-6.1
android14-6.1-2023-06_r4,00ff53e1e06236335c32a14a7bcb87ea5ce2cc0d,https://android.googlesource.com/kernel/common/+/refs/tags/android14-6.1-2023-06_r4,common-android14-6.1-2023-06,common-android14-6.1
android14-6.1-2023-06_r5,fed31c24fbcce6ec865529d5703717e521552ebc,https://android.googlesource.com/kernel/common/+/refs/tags/android14-6.1-2023-06_r5,common-android14-6.1-2023-06,common-android14-6.1
android14-6.1-2023-06_r6,a201e9dff1c71167c8362e1cb694943cfbec18d3,https://android.googlesource.com/kernel/common/+/refs/tags/android14-6.1-2023-06_r6,common-android14-6.1-2023-06,common-android14-6.1
android14-6.1-2023-06_r7,c1b1285869030274fa3657b7ad485e1402dfdd4e,https://android.googlesource.com/kernel/common/+/refs/tags/android14-6.1-2023-06_r7,common-android14-6.1-2023-06,common-android14-6.1
android14-6.1-2023-06_r8,b2342734ee5b520e81d86158aa4832ce820b76c2,https://android.googlesource.com/kernel/common/+/refs/tags/android14-6.1-2023-06_r8,common-android14-6.1-2023-06,common-android14-6.1
android14-6.1-2023-06_r9,348dedee1b2c23e8ba3cec859de047103a99fe9d,https://android.googlesource.com/kernel/common/+/refs/tags/android14-6.1-2023-06_r9,common-android14-6.1-2023-06,common-android14-6.1
android14-6.1-2023-06_r10,b476219dea3d7cce24c57dd022b33285045fe073,https://android.googlesource.com/kernel/common/+/refs/tags/android14-6.1-2023-06_r10,common-android14-6.1-2023-06,common-android14-6.1
android14-6.1-2023-06_r11,aac7a6d8cc0fdf2a9dd53f780a671882d81d34b8,https://android.googlesource.com/kernel/common/+/refs/tags/android14-6.1-2023-06_r11,common-android14-6.1-2023-06,common-android14-6.1
android14-6.1-2023-06_r12,8744d1c0cf31273bc94451405c8be4f5ea166e8f,https://android.googlesource.com/kernel/common/+/refs/tags/android14-6.1-2023-06_r12,common-android14-6.1-2023-06,common-android14-6.1
android14-6.1-2023-06_r13,964bef5a5f06195271120ab0be2ab14f0aad0c3f,https://android.googlesource.com/kernel/common/+/refs/tags/android14-6.1-2023-06_r13,common-android14-6.1-2023-06,common-android14-6.1
android14-6.1-2023-06_r14,471ac6f911743416bac314b6fb9789e6a6ab5add,https://android.googlesource.com/kernel/common/+/refs/tags/android14-6.1-2023-06_r14,common-android14-6.1-2023-06,common-android14-6.1
android14-6.1-2023-06_r15,7c9f14e551e5423d366bcf9479c66d2d605eb83a,https://android.googlesource.com/kernel/common/+/refs/tags/android14-6.1-2023-06_r15,common-android14-6.1-2023-06,common-android14-6.1
android14-6.1-2023-06_r16,1f1f465ce2da5a5ea8e63a76c060aabc690b699f,https://android.googlesource.com/kernel/common/+/refs/tags/android14-6.1-2023-06_r16,common-android14-6.1-2023-06,common-android14-6.1
android14-6.1-2023-06_r17,92c36beef431a248fe28d5113c5a51d2e6b6ea49,https://android.googlesource.com/kernel/common/+/refs/tags/android14-6.1-2023-06_r17,common-android14-6.1-2023-06,common-android14-6.1
android14-6.1-2023-06_r18,fe32f3840e3284e390f7b6541d0e1c2b00bf2cd7,https://android.googlesource.com/kernel/common/+/refs/tags/android14-6.1-2023-06_r18,common-android14-6.1-2023-06,common-android14-6.1
android14-6.1-2023-06_r19,9f6af9a6c2cc38808a531ba76b47a1bc6e4fe47e,https://android.googlesource.com/kernel/common/+/refs/tags/android14-6.1-2023-06_r19,common-android14-6.1-2023-06,common-android14-6.1
android14-6.1-2023-06_r20,ab928514c75cef18912370a92235c33e7212d73a,https://android.googlesource.com/kernel/common/+/refs/tags/android14-6.1-2023-06_r20,common-android14-6.1-2023-06,common-android14-6.1
android14-6.1-2023-06_r21,74f4f556b17e4299aa1e4a317dd6af99bb981aca,https://android.googlesource.com/kernel/common/+/refs/tags/android14-6.1-2023-06_r21,common-android14-6.1-2023-06,common-android14-6.1
android15-6.6-2026-01_r1,f9c84f40b6ba6152b6f51daba0193c9564af4172,https://android.googlesource.com/kernel/common/+/refs/tags/android15-6.6-2026-01_r1,common-android15-6.6-2026-01,common-android15-6.6
android15-6.6-2026-01_r2,88449e6420336e3f108158c5efe50d78ad37d071,https://android.googlesource.com/kernel/common/+/refs/tags/android15-6.6-2026-01_r2,common-android15-6.6-2026-01,common-android15-6.6
android15-6.6-2026-01_r3,0655f00d21314884d57bdd2279af568b6f7d993c,https://android.googlesource.com/kernel/common/+/refs/tags/android15-6.6-2026-01_r3,common-android15-6.6-2026-01,common-android15-6.6
android15-6.6-2026-01_r4,b60d5bc1d7366cf75b8d7c50217b53a80f13069a,https://android.googlesource.com/kernel/common/+/refs/tags/android15-6.6-2026-01_r4,common-android15-6.6-2026-01,common-android15-6.6
android15-6.6-2026-01_r5,8308d275f24debbe41e54d535bb986917657745a,https://android.googlesource.com/kernel/common/+/refs/tags/android15-6.6-2026-01_r5,common-android15-6.6-2026-01,common-android15-6.6
android15-6.6-2026-01_r6,34da635f9b82220e9f069f185e569d6dea2758bd,https://android.googlesource.com/kernel/common/+/refs/tags/android15-6.6-2026-01_r6,common-android15-6.6-2026-01,common-android15-6.6
android15-6.6-2026-01_r8,c641c2fe5acdcf2e0cc55de98d3e09c905a6d8ad,https://android.googlesource.com/kernel/common/+/refs/tags/android15-6.6-2026-01_r8,common-android15-6.6-2026-01,common-android15-6.6
android15-6.6-2026-01_r9,63f70b90cdf2aa488a25504cc7cd3a02efd3b68c,https://android.googlesource.com/kernel/common/+/refs/tags/android15-6.6-2026-01_r9,common-android15-6.6-2026-01,common-android15-6.6
android15-6.6-2026-01_r10,79fa2b47b61f9c65697a3e9f730289cd2f78f285,https://android.googlesource.com/kernel/common/+/refs/tags/android15-6.6-2026-01_r10,common-android15-6.6-2026-01,common-android15-6.6
android15-6.6-2025-10_r1,3dff304da0a6c0edccc00413c1f03518377ea96d,https://android.googlesource.com/kernel/common/+/refs/tags/android15-6.6-2025-10_r1,common-android15-6.6-2025-10,common-android15-6.6
android15-6.6-2025-10_r2,15458de798dc537e17aff3b97214cec56abd9418,https://android.googlesource.com/kernel/common/+/refs/tags/android15-6.6-2025-10_r2,common-android15-6.6-2025-10,common-android15-6.6
android15-6.6-2025-10_r3,63423849066965ea135820037c40fa280e7e2721,https://android.googlesource.com/kernel/common/+/refs/tags/android15-6.6-2025-10_r3,common-android15-6.6-2025-10,common-android15-6.6
android15-6.6-2025-10_r4,3d3f097897337728dba36f70c6da9347dbd14d00,https://android.googlesource.com/kernel/common/+/refs/tags/android15-6.6-2025-10_r4,common-android15-6.6-2025-10,common-android15-6.6
android15-6.6-2025-10_r6,eedcf6e5dfd642f78581f293c68d0ffd48a74f73,https://android.googlesource.com/kernel/common/+/refs/tags/android15-6.6-2025-10_r6,common-android15-6.6-2025-10,common-android15-6.6
android15-6.6-2025-10_r7,ab8eb70a71b8906e3ceac53d2b10f027f8774bcb,https://android.googlesource.com/kernel/common/+/refs/tags/android15-6.6-2025-10_r7,common-android15-6.6-2025-10,common-android15-6.6
android15-6.6-2025-10_r8,2660db9178dd1743dee4fab7c75bc01f12c5a484,https://android.googlesource.com/kernel/common/+/refs/tags/android15-6.6-2025-10_r8,common-android15-6.6-2025-10,common-android15-6.6
android15-6.6-2025-10_r9,b10d63bc1566cbfcadc10246ed5a39b361abf5e1,https://android.googlesource.com/kernel/common/+/refs/tags/android15-6.6-2025-10_r9,common-android15-6.6-2025-10,common-android15-6.6
android15-6.6-2025-10_r10,876040c8749d9adbde7f88cc6ed5314dfb1a1af6,https://android.googlesource.com/kernel/common/+/refs/tags/android15-6.6-2025-10_r10,common-android15-6.6-2025-10,common-android15-6.6
android15-6.6-2025-10_r11,1b0ad27f89db7ce53144f156803b61d2c439fd42,https://android.googlesource.com/kernel/common/+/refs/tags/android15-6.6-2025-10_r11,common-android15-6.6-2025-10,common-android15-6.6
android15-6.6-2025-10_r12,fc6ca2efaeea720780a2e209038d3b57aab50873,https://android.googlesource.com/kernel/common/+/refs/tags/android15-6.6-2025-10_r12,common-android15-6.6-2025-10,common-android15-6.6
android15-6.6-2025-10_r13,3f09c16da48bcd33c8300a6dd216da65d5ceaaa2,https://android.googlesource.com/kernel/common/+/refs/tags/android15-6.6-2025-10_r13,common-android15-6.6-2025-10,common-android15-6.6
android15-6.6-2025-10_r14,58a42fe53a27da595b05ae941f38e65d3119bc8f,https://android.googlesource.com/kernel/common/+/refs/tags/android15-6.6-2025-10_r14,common-android15-6.6-2025-10,common-android15-6.6
android15-6.6-2025-10_r15,876955536a49332c3cc7ae21b2f6f7bcef6ebf4e,https://android.googlesource.com/kernel/common/+/refs/tags/android15-6.6-2025-10_r15,common-android15-6.6-2025-10,common-android15-6.6
android15-6.6-2025-10_r16,06bc416365ef2470f3091b8e477553aa3ea14bab,https://android.googlesource.com/kernel/common/+/refs/tags/android15-6.6-2025-10_r16,common-android15-6.6-2025-10,common-android15-6.6
android15-6.6-2025-10_r18,3e3c7bca8549a532ba83b4d8e1a732e1cc234d20,https://android.googlesource.com/kernel/common/+/refs/tags/android15-6.6-2025-10_r18,common-android15-6.6-2025-10,common-android15-6.6
android15-6.6-2025-10_r19,abef740ad062b08234b8ae594a70ba9ed9785a5d,https://android.googlesource.com/kernel/common/+/refs/tags/android15-6.6-2025-10_r19,common-android15-6.6-2025-10,common-android15-6.6
android15-6.6-2025-10_r20,fe76d1bc97fddc6b348491d117f705337abe2889,https://android.googlesource.com/kernel/common/+/refs/tags/android15-6.6-2025-10_r20,common-android15-6.6-2025-10,common-android15-6.6
android15-6.6-2025-10_r21,c6d074967b3ae008b1e66dece6c8af7eadb66edc,https://android.googlesource.com/kernel/common/+/refs/tags/android15-6.6-2025-10_r21,common-android15-6.6-2025-10,common-android15-6.6
android15-6.6-2025-10_r22,6eb5b2a8c46b6393ccde67a51f2e2f56277791c6,https://android.googlesource.com/kernel/common/+/refs/tags/android15-6.6-2025-10_r22,common-android15-6.6-2025-10,common-android15-6.6
android15-6.6-2025-10_r23,8888ec0389052a565a4caecca9c1b1bcefb249ce,https://android.googlesource.com/kernel/common/+/refs/tags/android15-6.6-2025-10_r23,common-android15-6.6-2025-10,common-android15-6.6
android15-6.6-2025-10_r24,793e15e9dee4d752fdde29029ed97ef464389784,https://android.googlesource.com/kernel/common/+/refs/tags/android15-6.6-2025-10_r24,common-android15-6.6-2025-10,common-android15-6.6
android15-6.6-2025-10_r25,1481f357a31cf37eeda2f6a98b9d80c8b78184de,https://android.googlesource.com/kernel/common/+/refs/tags/android15-6.6-2025-10_r25,common-android15-6.6-2025-10,common-android15-6.6
android15-6.6-2025-10_r26,faa4f4d5cd2061f437b4206283ec14b787698b2f,https://android.googlesource.com/kernel/common/+/refs/tags/android15-6.6-2025-10_r26,common-android15-6.6-2025-10,common-android15-6.6
android15-6.6-2025-10_r27,6f627656aa0a1f9d4d77fc3d04aa804d298ec3df,https://android.googlesource.com/kernel/common/+/refs/tags/android15-6.6-2025-10_r27,common-android15-6.6-2025-10,common-android15-6.6
android15-6.6-2025-09_r1,f5f88cba29ac1a4a776a04d5521ccf37d705c964,https://android.googlesource.com/kernel/common/+/refs/tags/android15-6.6-2025-09_r1,common-android15-6.6-2025-09,common-android15-6.6
android15-6.6-2025-09_r2,c31d651ad8df99d0bf981d807e8fe705fb371797,https://android.googlesource.com/kernel/common/+/refs/tags/android15-6.6-2025-09_r2,common-android15-6.6-2025-09,common-android15-6.6
android15-6.6-2025-09_r3,2f765ad786c9d8e67115b2b1c5c07434b828b6a8,https://android.googlesource.com/kernel/common/+/refs/tags/android15-6.6-2025-09_r3,common-android15-6.6-2025-09,common-android15-6.6
android15-6.6-2025-09_r4,1d408bd692bb2da8e50fd26801cf6d0fc20f2c03,https://android.googlesource.com/kernel/common/+/refs/tags/android15-6.6-2025-09_r4,common-android15-6.6-2025-09,common-android15-6.6
android15-6.6-2025-09_r5,514055732354c53c235737bf9c3479f2b7135b88,https://android.googlesource.com/kernel/common/+/refs/tags/android15-6.6-2025-09_r5,common-android15-6.6-2025-09,common-android15-6.6
android15-6.6-2025-09_r6,0c9a63dff028524493c99642080566d3b29172cc,https://android.googlesource.com/kernel/common/+/refs/tags/android15-6.6-2025-09_r6,common-android15-6.6-2025-09,common-android15-6.6
android15-6.6-2025-09_r7,989034f923c548d07c16f289c41b09c4593544f0,https://android.googlesource.com/kernel/common/+/refs/tags/android15-6.6-2025-09_r7,common-android15-6.6-2025-09,common-android15-6.6
android15-6.6-2025-09_r8,36df3534a9bf0d2544aa470a800d09a784a88c1d,https://android.googlesource.com/kernel/common/+/refs/tags/android15-6.6-2025-09_r8,common-android15-6.6-2025-09,common-android15-6.6
android15-6.6-2025-09_r9,5624ff5519ff3d46ab64efb1241b6c11ca324468,https://android.googlesource.com/kernel/common/+/refs/tags/android15-6.6-2025-09_r9,common-android15-6.6-2025-09,common-android15-6.6
android15-6.6-2025-09_r10,8df010ca6989fb25859a30ede039d4bd3b88ded2,https://android.googlesource.com/kernel/common/+/refs/tags/android15-6.6-2025-09_r10,common-android15-6.6-2025-09,common-android15-6.6
android15-6.6-2025-09_r11,baf6b003806bb8014c946fdcc7280f6c30c381cf,https://android.googlesource.com/kernel/common/+/refs/tags/android15-6.6-2025-09_r11,common-android15-6.6-2025-09,common-android15-6.6
android15-6.6-2025-09_r13,7429324ce7f04e16849b016ecd5b76df9fbb1b2f,https://android.googlesource.com/kernel/common/+/refs/tags/android15-6.6-2025-09_r13,common-android15-6.6-2025-09,common-android15-6.6
android15-6.6-2025-09_r14,3e0578a30d7e35fed251da077ef40374191dcf4f,https://android.googlesource.com/kernel/common/+/refs/tags/android15-6.6-2025-09_r14,common-android15-6.6-2025-09,common-android15-6.6
android15-6.6-2025-09_r15,49bff765d7d16df13cdbe8ec358dce9afce98950,https://android.googlesource.com/kernel/common/+/refs/tags/android15-6.6-2025-09_r15,common-android15-6.6-2025-09,common-android15-6.6
android15-6.6-2025-09_r16,24164dad3eb27058003b28ed44dab25f120cd2d8,https://android.googlesource.com/kernel/common/+/refs/tags/android15-6.6-2025-09_r16,common-android15-6.6-2025-09,common-android15-6.6
android15-6.6-2025-09_r17,f9fe7c7f3fb3fff36a014baee3dd04bb8367c08f,https://android.googlesource.com/kernel/common/+/refs/tags/android15-6.6-2025-09_r17,common-android15-6.6-2025-09,common-android15-6.6
android15-6.6-2025-09_r18,34840b73c0657c943bab8bb2dab89a8f6100622a,https://android.googlesource.com/kernel/common/+/refs/tags/android15-6.6-2025-09_r18,common-android15-6.6-2025-09,common-android15-6.6
android15-6.6-2025-08_r1,635ffd3de18d45af05db52840eef9f2f3ced9eef,https://android.googlesource.com/kernel/common/+/refs/tags/android15-6.6-2025-08_r1,common-android15-6.6-2025-08,common-android15-6.6
android15-6.6-2025-08_r2,73cd8653abcf6a68d6276043f866b5d15b3831e8,https://android.googlesource.com/kernel/common/+/refs/tags/android15-6.6-2025-08_r2,common-android15-6.6-2025-08,common-android15-6.6
android15-6.6-2025-08_r3,9a7924dc03356099ac541ff90c2cf9bd9ffa560b,https://android.googlesource.com/kernel/common/+/refs/tags/android15-6.6-2025-08_r3,common-android15-6.6-2025-08,common-android15-6.6
android15-6.6-2025-08_r4,962c4ce2ab28ed3c2ec4ade680999be84c4f7757,https://android.googlesource.com/kernel/common/+/refs/tags/android15-6.6-2025-08_r4,common-android15-6.6-2025-08,common-android15-6.6
android15-6.6-2025-08_r5,cd02da6895990c218c133bdbbf5296ba9fceb31e,https://android.googlesource.com/kernel/common/+/refs/tags/android15-6.6-2025-08_r5,common-android15-6.6-2025-08,common-android15-6.6
android15-6.6-2025-08_r6,451270de8fccf124604f8da73446a5c4c20fac06,https://android.googlesource.com/kernel/common/+/refs/tags/android15-6.6-2025-08_r6,common-android15-6.6-2025-08,common-android15-6.6
android15-6.6-2025-08_r7,b5f56312d031922a5659d615ce1754ce37d0baf0,https://android.googlesource.com/kernel/common/+/refs/tags/android15-6.6-2025-08_r7,common-android15-6.6-2025-08,common-android15-6.6
android15-6.6-2025-08_r8,25db5ee048ccaf15b50366c3922a6bd2a84bdae8,https://android.googlesource.com/kernel/common/+/refs/tags/android15-6.6-2025-08_r8,common-android15-6.6-2025-08,common-android15-6.6
android15-6.6-2025-08_r9,1d02275cecaef659fca6b8a08e322d19fa7dfc12,https://android.googlesource.com/kernel/common/+/refs/tags/android15-6.6-2025-08_r9,common-android15-6.6-2025-08,common-android15-6.6
android15-6.6-2025-08_r10,15feeb1c64290e05d007353b2a88b4a819d04ce5,https://android.googlesource.com/kernel/common/+/refs/tags/android15-6.6-2025-08_r10,common-android15-6.6-2025-08,common-android15-6.6
android15-6.6-2025-08_r11,3c014846fc4cf8603361e67929b565476486dbfd,https://android.googlesource.com/kernel/common/+/refs/tags/android15-6.6-2025-08_r11,common-android15-6.6-2025-08,common-android15-6.6
android15-6.6-2025-08_r12,0575878c345b05948a87c29344d4aec5baba1105,https://android.googlesource.com/kernel/common/+/refs/tags/android15-6.6-2025-08_r12,common-android15-6.6-2025-08,common-android15-6.6
android15-6.6-2025-08_r13,35af9d7f087a056d832fa4c1ce8618cba12112c6,https://android.googlesource.com/kernel/common/+/refs/tags/android15-6.6-2025-08_r13,common-android15-6.6-2025-08,common-android15-6.6
android15-6.6-2025-08_r14,c7e4aecfe550a79c6e55d26cf1acb03a1b0c3dcb,https://android.googlesource.com/kernel/common/+/refs/tags/android15-6.6-2025-08_r14,common-android15-6.6-2025-08,common-android15-6.6
android15-6.6-2025-08_r15,e5ca12a6dfac2997e107a215c8858781eb5177b7,https://android.googlesource.com/kernel/common/+/refs/tags/android15-6.6-2025-08_r15,common-android15-6.6-2025-08,common-android15-6.6
android15-6.6-2025-08_r16,8bbec8bf8976b88a86ea5cc1298450fb90286d94,https://android.googlesource.com/kernel/common/+/refs/tags/android15-6.6-2025-08_r16,common-android15-6.6-2025-08,common-android15-6.6
android15-6.6-2025-08_r17,d8a5e460b0b7bdfd48617987a3856d10ea4d8b53,https://android.googlesource.com/kernel/common/+/refs/tags/android15-6.6-2025-08_r17,common-android15-6.6-2025-08,common-android15-6.6
android15-6.6-2025-08_r18,ba3b66e25037f81949840c1f5cb4924082a6eb8a,https://android.googlesource.com/kernel/common/+/refs/tags/android15-6.6-2025-08_r18,common-android15-6.6-2025-08,common-android15-6.6
android15-6.6-2025-08_r19,67bb232cd7287051bc998673e42c9a1b7e86e93b,https://android.googlesource.com/kernel/common/+/refs/tags/android15-6.6-2025-08_r19,common-android15-6.6-2025-08,common-android15-6.6
android15-6.6-2025-08_r20,174eba07c00b1d65deb3de47587e2296ffb54dd7,https://android.googlesource.com/kernel/common/+/refs/tags/android15-6.6-2025-08_r20,common-android15-6.6-2025-08,common-android15-6.6
android15-6.6-2025-08_r21,73f0ed25c298e7d53f4e7f989600186a4fa7e988,https://android.googlesource.com/kernel/common/+/refs/tags/android15-6.6-2025-08_r21,common-android15-6.6-2025-08,common-android15-6.6
android15-6.6-2025-08_r22,fc84fa927c617e299b6f54122581c07ea2418f7a,https://android.googlesource.com/kernel/common/+/refs/tags/android15-6.6-2025-08_r22,common-android15-6.6-2025-08,common-android15-6.6
android15-6.6-2025-08_r23,b352b767237c14a4f83d3c66b5802b236324ec15,https://android.googlesource.com/kernel/common/+/refs/tags/android15-6.6-2025-08_r23,common-android15-6.6-2025-08,common-android15-6.6
android15-6.6-2025-08_r24,9150dbff87283842fabb45a6d175ca5701779ec0,https://android.googlesource.com/kernel/common/+/refs/tags/android15-6.6-2025-08_r24,common-android15-6.6-2025-08,common-android15-6.6
android15-6.6-2025-08_r25,da059b1ba54d8749c5dcd198cf779cf8b6ac3ba9,https://android.googlesource.com/kernel/common/+/refs/tags/android15-6.6-2025-08_r25,common-android15-6.6-2025-08,common-android15-6.6
android15-6.6-2025-08_r26,c134b72cdb0f950def699d2b51ebab57f3f0aef8,https://android.googlesource.com/kernel/common/+/refs/tags/android15-6.6-2025-08_r26,common-android15-6.6-2025-08,common-android15-6.6
android15-6.6-2025-08_r27,699b5233352f81d7c49941550b781505771b6496,https://android.googlesource.com/kernel/common/+/refs/tags/android15-6.6-2025-08_r27,common-android15-6.6-2025-08,common-android15-6.6
android15-6.6-2025-08_r28,0cde7b7a1aceedff1456a87627321f24a8f30eaf,https://android.googlesource.com/kernel/common/+/refs/tags/android15-6.6-2025-08_r28,common-android15-6.6-2025-08,common-android15-6.6
android15-6.6-2025-08_r29,556e8e71b39721c8d71bd78e9ea6253081f290ee,https://android.googlesource.com/kernel/common/+/refs/tags/android15-6.6-2025-08_r29,common-android15-6.6-2025-08,common-android15-6.6
android15-6.6-2025-08_r30,9a8b79fdfb2e7f1c136272e341bc29fc448a1b3a,https://android.googlesource.com/kernel/common/+/refs/tags/android15-6.6-2025-08_r30,common-android15-6.6-2025-08,common-android15-6.6
android15-6.6-2025-08_r31,161862b9df27df1736b10c41b1d8f13ef678333f,https://android.googlesource.com/kernel/common/+/refs/tags/android15-6.6-2025-08_r31,common-android15-6.6-2025-08,common-android15-6.6
android15-6.6-2025-07_r1,56a8a98987c06edd30c3252cde31d3687d0b2abb,https://android.googlesource.com/kernel/common/+/refs/tags/android15-6.6-2025-07_r1,common-android15-6.6-2025-07,common-android15-6.6
android15-6.6-2025-07_r2,b3fbc7bc6d2008917e24ad72ca615437a9d9a166,https://android.googlesource.com/kernel/common/+/refs/tags/android15-6.6-2025-07_r2,common-android15-6.6-2025-07,common-android15-6.6
android15-6.6-2025-07_r3,a9774b96e9317e9ed06da6694ebf3e8c2cf7353c,https://android.googlesource.com/kernel/common/+/refs/tags/android15-6.6-2025-07_r3,common-android15-6.6-2025-07,common-android15-6.6
android15-6.6-2025-07_r4,93d21ca57f75fa6bf1204b085cd56b5f1ff08b40,https://android.googlesource.com/kernel/common/+/refs/tags/android15-6.6-2025-07_r4,common-android15-6.6-2025-07,common-android15-6.6
android15-6.6-2025-07_r5,804d24af65bad8ebdd9d983cb7ebe361083db925,https://android.googlesource.com/kernel/common/+/refs/tags/android15-6.6-2025-07_r5,common-android15-6.6-2025-07,common-android15-6.6
android15-6.6-2025-07_r6,ff1bf046b033fc09a7f265a16096a210a59889d8,https://android.googlesource.com/kernel/common/+/refs/tags/android15-6.6-2025-07_r6,common-android15-6.6-2025-07,common-android15-6.6
android15-6.6-2025-07_r8,e2e12b9743c33a990392c5b92923a3985d4a5d60,https://android.googlesource.com/kernel/common/+/refs/tags/android15-6.6-2025-07_r8,common-android15-6.6-2025-07,common-android15-6.6
android15-6.6-2025-07_r9,824547fb5472b8b3280f20caf3a2206de307b3a6,https://android.googlesource.com/kernel/common/+/refs/tags/android15-6.6-2025-07_r9,common-android15-6.6-2025-07,common-android15-6.6
android15-6.6-2025-07_r10,3637f4904cf55eb3e7eccb9d747d754a4e199740,https://android.googlesource.com/kernel/common/+/refs/tags/android15-6.6-2025-07_r10,common-android15-6.6-2025-07,common-android15-6.6
android15-6.6-2025-07_r11,1b4cf784a5f840235d4673fb834ee7d4723ae27f,https://android.googlesource.com/kernel/common/+/refs/tags/android15-6.6-2025-07_r11,common-android15-6.6-2025-07,common-android15-6.6
android15-6.6-2025-07_r12,a352c6faabe29d9e94460e2c4d318050af829856,https://android.googlesource.com/kernel/common/+/refs/tags/android15-6.6-2025-07_r12,common-android15-6.6-2025-07,common-android15-6.6
android15-6.6-2025-07_r13,a15e7c8ee819447ad89ea2b8773898b6859c9941,https://android.googlesource.com/kernel/common/+/refs/tags/android15-6.6-2025-07_r13,common-android15-6.6-2025-07,common-android15-6.6
android15-6.6-2025-07_r14,651b719d42c8fa9100abb7d25a335a4ec7e4a88a,https://android.googlesource.com/kernel/common/+/refs/tags/android15-6.6-2025-07_r14,common-android15-6.6-2025-07,common-android15-6.6
android15-6.6-2025-07_r15,adfcc1116ee5759e1bf9628f25f61398f9d17a0e,https://android.googlesource.com/kernel/common/+/refs/tags/android15-6.6-2025-07_r15,common-android15-6.6-2025-07,common-android15-6.6
android15-6.6-2025-07_r16,6715ebef99085920eaeb83408bf40ed2fc465e96,https://android.googlesource.com/kernel/common/+/refs/tags/android15-6.6-2025-07_r16,common-android15-6.6-2025-07,common-android15-6.6
android15-6.6-2025-06_r1,ebbf6177d5ae521e9902af2816ef56ff366bccfa,https://android.googlesource.com/kernel/common/+/refs/tags/android15-6.6-2025-06_r1,common-android15-6.6-2025-06,common-android15-6.6
android15-6.6-2025-06_r2,6ee6be80145a4f8f1ed6b1a831a5b32955527bc0,https://android.googlesource.com/kernel/common/+/refs/tags/android15-6.6-2025-06_r2,common-android15-6.6-2025-06,common-android15-6.6
android15-6.6-2025-06_r3,14220ae4ce65ba58711f65587ef4e93f408892fb,https://android.googlesource.com/kernel/common/+/refs/tags/android15-6.6-2025-06_r3,common-android15-6.6-2025-06,common-android15-6.6
android15-6.6-2025-06_r4,9d909fc88e2e8ede6a9658bd8630d15bee326967,https://android.googlesource.com/kernel/common/+/refs/tags/android15-6.6-2025-06_r4,common-android15-6.6-2025-06,common-android15-6.6
android15-6.6-2025-06_r5,7ab0b3fec9047e2ae0606beee3ea76123526931a,https://android.googlesource.com/kernel/common/+/refs/tags/android15-6.6-2025-06_r5,common-android15-6.6-2025-06,common-android15-6.6
android15-6.6-2025-06_r6,ad2fa61886a807a39d5a2a49598ee82858fed624,https://android.googlesource.com/kernel/common/+/refs/tags/android15-6.6-2025-06_r6,common-android15-6.6-2025-06,common-android15-6.6
android15-6.6-2025-06_r7,0b8d16680d9f58f17d3ed1c0cf63f36f62190e32,https://android.googlesource.com/kernel/common/+/refs/tags/android15-6.6-2025-06_r7,common-android15-6.6-2025-06,common-android15-6.6
android15-6.6-2025-06_r8,789e6971c201d62a9e8a6da1aa65b2438ded6c2f,https://android.googlesource.com/kernel/common/+/refs/tags/android15-6.6-2025-06_r8,common-android15-6.6-2025-06,common-android15-6.6
android15-6.6-2025-06_r9,b99b4586a3ee7bd16c5aad631ba1edc6613ad7a3,https://android.googlesource.com/kernel/common/+/refs/tags/android15-6.6-2025-06_r9,common-android15-6.6-2025-06,common-android15-6.6
android15-6.6-2025-06_r11,be8d201b0d27dd3258f8e1a816c2c364af6dcb32,https://android.googlesource.com/kernel/common/+/refs/tags/android15-6.6-2025-06_r11,common-android15-6.6-2025-06,common-android15-6.6
android15-6.6-2025-06_r12,5a0ffb447c1dbd82e8e3af7a98c4a629f4b6d143,https://android.googlesource.com/kernel/common/+/refs/tags/android15-6.6-2025-06_r12,common-android15-6.6-2025-06,common-android15-6.6
android15-6.6-2025-06_r13,8ed20def17abbab3adfc2820070f753f7e08cbe5,https://android.googlesource.com/kernel/common/+/refs/tags/android15-6.6-2025-06_r13,common-android15-6.6-2025-06,common-android15-6.6
android15-6.6-2025-06_r14,27893b59f45633fa6ab7ee622f7471342f2e3d74,https://android.googlesource.com/kernel/common/+/refs/tags/android15-6.6-2025-06_r14,common-android15-6.6-2025-06,common-android15-6.6
android15-6.6-2025-06_r16,759894c87b6e77bb3262bdf703ec474ab323d5ab,https://android.googlesource.com/kernel/common/+/refs/tags/android15-6.6-2025-06_r16,common-android15-6.6-2025-06,common-android15-6.6
android15-6.6-2025-06_r17,5910c573b38832743bde0987dc8cacd8a09ebbc3,https://android.googlesource.com/kernel/common/+/refs/tags/android15-6.6-2025-06_r17,common-android15-6.6-2025-06,common-android15-6.6
android15-6.6-2025-06_r18,17e4366b17a656dbd4a4dbdebe758cfffa2dcd90,https://android.googlesource.com/kernel/common/+/refs/tags/android15-6.6-2025-06_r18,common-android15-6.6-2025-06,common-android15-6.6
android15-6.6-2025-06_r19,c173c724983e352aeaff15e610f0dee80b315dac,https://android.googlesource.com/kernel/common/+/refs/tags/android15-6.6-2025-06_r19,common-android15-6.6-2025-06,common-android15-6.6
android15-6.6-2025-06_r20,73e7afb31fae5209475c39018d3f7f3835b359d5,https://android.googlesource.com/kernel/common/+/refs/tags/android15-6.6-2025-06_r20,common-android15-6.6-2025-06,common-android15-6.6
android15-6.6-2025-06_r21,8300e267a1fd260792ae7d23e3a9d93b12b067e5,https://android.googlesource.com/kernel/common/+/refs/tags/android15-6.6-2025-06_r21,common-android15-6.6-2025-06,common-android15-6.6
android15-6.6-2025-06_r22,e7df008e8d7c642c872fc7420592927f0e0b24e2,https://android.googlesource.com/kernel/common/+/refs/tags/android15-6.6-2025-06_r22,common-android15-6.6-2025-06,common-android15-6.6
android15-6.6-2025-06_r23,8e4be6b47e400d66198bf437576a37b8ba1cd79a,https://android.googlesource.com/kernel/common/+/refs/tags/android15-6.6-2025-06_r23,common-android15-6.6-2025-06,common-android15-6.6
android15-6.6-2025-06_r24,cd977429119a79fe49a5d120368ce3710226edcb,https://android.googlesource.com/kernel/common/+/refs/tags/android15-6.6-2025-06_r24,common-android15-6.6-2025-06,common-android15-6.6
android15-6.6-2025-06_r25,de5678abe95272c540ed5d88405aa4cb29761ab5,https://android.googlesource.com/kernel/common/+/refs/tags/android15-6.6-2025-06_r25,common-android15-6.6-2025-06,common-android15-6.6
android15-6.6-2025-06_r26,e07b65c574a94aaeca2eb4529e74240dd32d222b,https://android.googlesource.com/kernel/common/+/refs/tags/android15-6.6-2025-06_r26,common-android15-6.6-2025-06,common-android15-6.6
android15-6.6-2025-06_r27,096cdb6ecefc4345a0f0564a1a400feae164ef7d,https://android.googlesource.com/kernel/common/+/refs/tags/android15-6.6-2025-06_r27,common-android15-6.6-2025-06,common-android15-6.6
android15-6.6-2025-06_r28,08e4c34ce62d0ef375585a5aa5710e2fcf6f7645,https://android.googlesource.com/kernel/common/+/refs/tags/android15-6.6-2025-06_r28,common-android15-6.6-2025-06,common-android15-6.6
android15-6.6-2025-06_r29,171ad01336320bca7073688eb6e29cd56b7e3f6f,https://android.googlesource.com/kernel/common/+/refs/tags/android15-6.6-2025-06_r29,common-android15-6.6-2025-06,common-android15-6.6
android15-6.6-2025-06_r30,0889fe95bb1079ad0e77ee45cd318874960db429,https://android.googlesource.com/kernel/common/+/refs/tags/android15-6.6-2025-06_r30,common-android15-6.6-2025-06,common-android15-6.6
android15-6.6-2025-06_r31,e1dbe1ef2a9168e477c1aeeb5dd8f98b7efdb197,https://android.googlesource.com/kernel/common/+/refs/tags/android15-6.6-2025-06_r31,common-android15-6.6-2025-06,common-android15-6.6
android15-6.6-2025-06_r32,42db9ecb036bcaddfd564c683bb2b7ff3de767a1,https://android.googlesource.com/kernel/common/+/refs/tags/android15-6.6-2025-06_r32,common-android15-6.6-2025-06,common-android15-6.6
android15-6.6-2025-06_r33,501d80e09d6a6d745b154a553bea775dd8765856,https://android.googlesource.com/kernel/common/+/refs/tags/android15-6.6-2025-06_r33,common-android15-6.6-2025-06,common-android15-6.6
android15-6.6-2025-06_r34,463c8cdca3190a400374f560b73ba89696951102,https://android.googlesource.com/kernel/common/+/refs/tags/android15-6.6-2025-06_r34,common-android15-6.6-2025-06,common-android15-6.6
android15-6.6-2025-06_r35,97a9aaefab9a856b42a688b28e26d50e10e95cc0,https://android.googlesource.com/kernel/common/+/refs/tags/android15-6.6-2025-06_r35,common-android15-6.6-2025-06,common-android15-6.6
android15-6.6-2025-06_r36,6a72f127f3f04bcb09afec2cab622c6d2118a5c0,https://android.googlesource.com/kernel/common/+/refs/tags/android15-6.6-2025-06_r36,common-android15-6.6-2025-06,common-android15-6.6
android15-6.6-2025-06_r37,db60bc69629a4359b2f9673ca28b70eead433bfc,https://android.googlesource.com/kernel/common/+/refs/tags/android15-6.6-2025-06_r37,common-android15-6.6-2025-06,common-android15-6.6
android15-6.6-2025-06_r38,dcee9aa4fcbcdddb2cebcf0861342ad61af662f5,https://android.googlesource.com/kernel/common/+/refs/tags/android15-6.6-2025-06_r38,common-android15-6.6-2025-06,common-android15-6.6
android15-6.6-2025-05_r1,b2cebbc8442459530cec110543dbdf25e6bdd480,https://android.googlesource.com/kernel/common/+/refs/tags/android15-6.6-2025-05_r1,common-android15-6.6-2025-05,common-android15-6.6
android15-6.6-2025-05_r2,34ab3dd83c568f6fd4f2752537e80057d7ae0e1b,https://android.googlesource.com/kernel/common/+/refs/tags/android15-6.6-2025-05_r2,common-android15-6.6-2025-05,common-android15-6.6
android15-6.6-2025-05_r3,929ee12a0c1d2f25b93d25dcafb06f0b4070a294,https://android.googlesource.com/kernel/common/+/refs/tags/android15-6.6-2025-05_r3,common-android15-6.6-2025-05,common-android15-6.6
android15-6.6-2025-05_r4,431f91a19263ee926e4157a5d8a0f8efe5edeb5a,https://android.googlesource.com/kernel/common/+/refs/tags/android15-6.6-2025-05_r4,common-android15-6.6-2025-05,common-android15-6.6
android15-6.6-2025-05_r5,a7fd09ec3403678e97af105b30d89da3aee27126,https://android.googlesource.com/kernel/common/+/refs/tags/android15-6.6-2025-05_r5,common-android15-6.6-2025-05,common-android15-6.6
android15-6.6-2025-05_r7,ab440fc01659eb58c678ce65796ca72c66947be6,https://android.googlesource.com/kernel/common/+/refs/tags/android15-6.6-2025-05_r7,common-android15-6.6-2025-05,common-android15-6.6
android15-6.6-2025-05_r8,3375ca4f3721e056bec3e344c4bb06ec85aef7bc,https://android.googlesource.com/kernel/common/+/refs/tags/android15-6.6-2025-05_r8,common-android15-6.6-2025-05,common-android15-6.6
android15-6.6-2025-05_r9,7b1f522c80c811c59e056b899b26c684780442fd,https://android.googlesource.com/kernel/common/+/refs/tags/android15-6.6-2025-05_r9,common-android15-6.6-2025-05,common-android15-6.6
android15-6.6-2025-05_r10,12156ff4de9596a5b31ff59dd76c91ed3dad5699,https://android.googlesource.com/kernel/common/+/refs/tags/android15-6.6-2025-05_r10,common-android15-6.6-2025-05,common-android15-6.6
android15-6.6-2025-05_r11,b19fa0f3f266a8a3152320a99f57168a0b19e2e3,https://android.googlesource.com/kernel/common/+/refs/tags/android15-6.6-2025-05_r11,common-android15-6.6-2025-05,common-android15-6.6
android15-6.6-2025-05_r12,0c6ef76708913fe61c0d48e61419e1bd54d63614,https://android.googlesource.com/kernel/common/+/refs/tags/android15-6.6-2025-05_r12,common-android15-6.6-2025-05,common-android15-6.6
android15-6.6-2025-05_r13,c2569c3b141cb39a6c2bca63c62697589fe86dc4,https://android.googlesource.com/kernel/common/+/refs/tags/android15-6.6-2025-05_r13,common-android15-6.6-2025-05,common-android15-6.6
android15-6.6-2025-05_r15,409dc5e8ab5545ffe94deb162556cc5352d049a6,https://android.googlesource.com/kernel/common/+/refs/tags/android15-6.6-2025-05_r15,common-android15-6.6-2025-05,common-android15-6.6
android15-6.6-2025-05_r16,3f57bfb65ab42c9a8ee07ed55b0e92321743210a,https://android.googlesource.com/kernel/common/+/refs/tags/android15-6.6-2025-05_r16,common-android15-6.6-2025-05,common-android15-6.6
android15-6.6-2025-05_r17,d1b5010959db1cdca45c2642a7a2db4e5f45a8ff,https://android.googlesource.com/kernel/common/+/refs/tags/android15-6.6-2025-05_r17,common-android15-6.6-2025-05,common-android15-6.6
android15-6.6-2025-05_r18,f7bcb1c8e88fbb677a6b450fe7a433c3f9ed36d1,https://android.googlesource.com/kernel/common/+/refs/tags/android15-6.6-2025-05_r18,common-android15-6.6-2025-05,common-android15-6.6
android15-6.6-2025-05_r19,88d70c0b44bff103947b599e40bb36bd5af92891,https://android.googlesource.com/kernel/common/+/refs/tags/android15-6.6-2025-05_r19,common-android15-6.6-2025-05,common-android15-6.6
android15-6.6-2025-05_r20,86c6642d582ed37f3132f23728ec152157dc373f,https://android.googlesource.com/kernel/common/+/refs/tags/android15-6.6-2025-05_r20,common-android15-6.6-2025-05,common-android15-6.6
android15-6.6-2025-04_r1,00a71ce34a738704c28951806278ce0da41a79aa,https://android.googlesource.com/kernel/common/+/refs/tags/android15-6.6-2025-04_r1,common-android15-6.6-2025-04,common-android15-6.6
android15-6.6-2025-04_r2,297013c1469548a955502108e7e5fa8cfa35f1a2,https://android.googlesource.com/kernel/common/+/refs/tags/android15-6.6-2025-04_r2,common-android15-6.6-2025-04,common-android15-6.6
android15-6.6-2025-04_r3,87339ac0ef504c30922932f9d4c52162273cc28d,https://android.googlesource.com/kernel/common/+/refs/tags/android15-6.6-2025-04_r3,common-android15-6.6-2025-04,common-android15-6.6
android15-6.6-2025-04_r4,6a3c96406749453cfaf7a45935dbd42d113f62dc,https://android.googlesource.com/kernel/common/+/refs/tags/android15-6.6-2025-04_r4,common-android15-6.6-2025-04,common-android15-6.6
android15-6.6-2025-04_r6,2389aa0239f5433728c27849e8f0d5d0c2df9962,https://android.googlesource.com/kernel/common/+/refs/tags/android15-6.6-2025-04_r6,common-android15-6.6-2025-04,common-android15-6.6
android15-6.6-2025-04_r7,238a737e3601c0d6589b83848e0e6a77ccd50a6b,https://android.googlesource.com/kernel/common/+/refs/tags/android15-6.6-2025-04_r7,common-android15-6.6-2025-04,common-android15-6.6
android15-6.6-2025-04_r8,f23febec7883e9f620b23a07676cdf56091109a7,https://android.googlesource.com/kernel/common/+/refs/tags/android15-6.6-2025-04_r8,common-android15-6.6-2025-04,common-android15-6.6
android15-6.6-2025-04_r9,caee807c1f90dfde165635f0868112e4463fee38,https://android.googlesource.com/kernel/common/+/refs/tags/android15-6.6-2025-04_r9,common-android15-6.6-2025-04,common-android15-6.6
android15-6.6-2025-04_r10,41aa742ce3f2486aafcff588439bcda4bc77f02f,https://android.googlesource.com/kernel/common/+/refs/tags/android15-6.6-2025-04_r10,common-android15-6.6-2025-04,common-android15-6.6
android15-6.6-2025-04_r11,ed3c2d34514b2006daca69e51ab6c80415de2691,https://android.googlesource.com/kernel/common/+/refs/tags/android15-6.6-2025-04_r11,common-android15-6.6-2025-04,common-android15-6.6
android15-6.6-2025-04_r12,ae950bc89347a3e34598894d6baf7f5656214cc5,https://android.googlesource.com/kernel/common/+/refs/tags/android15-6.6-2025-04_r12,common-android15-6.6-2025-04,common-android15-6.6
android15-6.6-2025-04_r13,d33b207314e64dd3aadcec0ea8ae726d75b3dc5c,https://android.googlesource.com/kernel/common/+/refs/tags/android15-6.6-2025-04_r13,common-android15-6.6-2025-04,common-android15-6.6
android15-6.6-2025-04_r14,55bfc90aa7315f4466354befa767bb66c1c1a984,https://android.googlesource.com/kernel/common/+/refs/tags/android15-6.6-2025-04_r14,common-android15-6.6-2025-04,common-android15-6.6
android15-6.6-2025-04_r15,e61a17b2902dd6cdbef46a5b6251b7a759699e50,https://android.googlesource.com/kernel/common/+/refs/tags/android15-6.6-2025-04_r15,common-android15-6.6-2025-04,common-android15-6.6
android15-6.6-2025-04_r16,96780169495c35132884140fc2a9b41ca1d7f1fb,https://android.googlesource.com/kernel/common/+/refs/tags/android15-6.6-2025-04_r16,common-android15-6.6-2025-04,common-android15-6.6
android15-6.6-2025-04_r17,ec38f2cd6a61634730141482e50f291fb2e69a00,https://android.googlesource.com/kernel/common/+/refs/tags/android15-6.6-2025-04_r17,common-android15-6.6-2025-04,common-android15-6.6
android15-6.6-2025-04_r18,076ac12bde16ea0405a4ffd30404085b96b74eb5,https://android.googlesource.com/kernel/common/+/refs/tags/android15-6.6-2025-04_r18,common-android15-6.6-2025-04,common-android15-6.6
android15-6.6-2025-04_r19,f42eaf3bd6a033f77caeaea770f4fb7b826195ff,https://android.googlesource.com/kernel/common/+/refs/tags/android15-6.6-2025-04_r19,common-android15-6.6-2025-04,common-android15-6.6
android15-6.6-2025-04_r20,6fce729cade43b56f80224a2ac5587795be2a0a8,https://android.googlesource.com/kernel/common/+/refs/tags/android15-6.6-2025-04_r20,common-android15-6.6-2025-04,common-android15-6.6
android15-6.6-2025-04_r21,6562abcdbcbf7aca1af9ca812c335d20a183378e,https://android.googlesource.com/kernel/common/+/refs/tags/android15-6.6-2025-04_r21,common-android15-6.6-2025-04,common-android15-6.6
android15-6.6-2025-04_r22,c2956ea7d49688ff93aba9605402018ceb751d75,https://android.googlesource.com/kernel/common/+/refs/tags/android15-6.6-2025-04_r22,common-android15-6.6-2025-04,common-android15-6.6
android15-6.6-2025-04_r23,d4aed7ed470efa667595f6b9993ca46f6e97cb6f,https://android.googlesource.com/kernel/common/+/refs/tags/android15-6.6-2025-04_r23,common-android15-6.6-2025-04,common-android15-6.6
android15-6.6-2025-04_r24,8e2fa29ae8f72bfe58181aa1819ff15cf6d4ad88,https://android.googlesource.com/kernel/common/+/refs/tags/android15-6.6-2025-04_r24,common-android15-6.6-2025-04,common-android15-6.6
android15-6.6-2025-04_r26,8c91b36890cb83e6148055b4e31740b9be62350f,https://android.googlesource.com/kernel/common/+/refs/tags/android15-6.6-2025-04_r26,common-android15-6.6-2025-04,common-android15-6.6
android15-6.6-2025-04_r27,5a585c17dae96895da1d6c513f4fd06805af14b0,https://android.googlesource.com/kernel/common/+/refs/tags/android15-6.6-2025-04_r27,common-android15-6.6-2025-04,common-android15-6.6
android15-6.6-2025-04_r28,73f4141ecfe69ab095a6ef8339f630ed84daae9a,https://android.googlesource.com/kernel/common/+/refs/tags/android15-6.6-2025-04_r28,common-android15-6.6-2025-04,common-android15-6.6
android15-6.6-2025-04_r29,eb97177b541abfe2c694d62816d5b2d58b2964a2,https://android.googlesource.com/kernel/common/+/refs/tags/android15-6.6-2025-04_r29,common-android15-6.6-2025-04,common-android15-6.6
android15-6.6-2025-04_r30,894fa0d81020f78b0aa0df11b02cf04631d0bdf8,https://android.googlesource.com/kernel/common/+/refs/tags/android15-6.6-2025-04_r30,common-android15-6.6-2025-04,common-android15-6.6
android15-6.6-2025-03_r1,d415a2d4bd29d2e3d5b138d72fe606034ebdef44,https://android.googlesource.com/kernel/common/+/refs/tags/android15-6.6-2025-03_r1,common-android15-6.6-2025-03,common-android15-6.6
android15-6.6-2025-03_r2,7731aa7880d92d49ae07ba3f0b5ce5d8c764f852,https://android.googlesource.com/kernel/common/+/refs/tags/android15-6.6-2025-03_r2,common-android15-6.6-2025-03,common-android15-6.6
android15-6.6-2025-03_r3,c197e8a0079626f1ec7ab17ccbb72d53117a1e1a,https://android.googlesource.com/kernel/common/+/refs/tags/android15-6.6-2025-03_r3,common-android15-6.6-2025-03,common-android15-6.6
android15-6.6-2025-03_r4,3f5e868a639d7b2d688e000c02dc680fd755aefb,https://android.googlesource.com/kernel/common/+/refs/tags/android15-6.6-2025-03_r4,common-android15-6.6-2025-03,common-android15-6.6
android15-6.6-2025-03_r5,9fab1123989e5eae7b78bd61434f252613a9c7b4,https://android.googlesource.com/kernel/common/+/refs/tags/android15-6.6-2025-03_r5,common-android15-6.6-2025-03,common-android15-6.6
android15-6.6-2025-03_r7,034eec150390b6b9b7739cc346f3646e7e1be3f7,https://android.googlesource.com/kernel/common/+/refs/tags/android15-6.6-2025-03_r7,common-android15-6.6-2025-03,common-android15-6.6
android15-6.6-2025-03_r8,b15d6439553b1a5a266ca8e0f813481f55d991dd,https://android.googlesource.com/kernel/common/+/refs/tags/android15-6.6-2025-03_r8,common-android15-6.6-2025-03,common-android15-6.6
android15-6.6-2025-03_r9,a942b3504ecbd4b8509e7418c37103be27e566f9,https://android.googlesource.com/kernel/common/+/refs/tags/android15-6.6-2025-03_r9,common-android15-6.6-2025-03,common-android15-6.6
android15-6.6-2025-03_r10,ad1d9a23807996567ab8415abf7642b6a8f8b800,https://android.googlesource.com/kernel/common/+/refs/tags/android15-6.6-2025-03_r10,common-android15-6.6-2025-03,common-android15-6.6
android15-6.6-2025-03_r11,27516f16ccb2c981eb3fa782bdf9c0ef5cf77e12,https://android.googlesource.com/kernel/common/+/refs/tags/android15-6.6-2025-03_r11,common-android15-6.6-2025-03,common-android15-6.6
android15-6.6-2025-03_r12,bde0c41169f4fa2e4e2579e4bcd1431c6e2c0845,https://android.googlesource.com/kernel/common/+/refs/tags/android15-6.6-2025-03_r12,common-android15-6.6-2025-03,common-android15-6.6
android15-6.6-2025-03_r13,5c211f9ec88796ac2608175d106b3f4a9483e97d,https://android.googlesource.com/kernel/common/+/refs/tags/android15-6.6-2025-03_r13,common-android15-6.6-2025-03,common-android15-6.6
android15-6.6-2025-03_r14,d75deeffe6e9ac7eb61db562af6b564561b43e97,https://android.googlesource.com/kernel/common/+/refs/tags/android15-6.6-2025-03_r14,common-android15-6.6-2025-03,common-android15-6.6
android15-6.6-2025-03_r15,4a507830d8909940399dbc711cc4d0bf54f4069b,https://android.googlesource.com/kernel/common/+/refs/tags/android15-6.6-2025-03_r15,common-android15-6.6-2025-03,common-android15-6.6
android15-6.6-2025-03_r16,eaa60a4671b0e7735383fa5e57f374b161559b0a,https://android.googlesource.com/kernel/common/+/refs/tags/android15-6.6-2025-03_r16,common-android15-6.6-2025-03,common-android15-6.6
android15-6.6-2025-03_r17,e2a99956e9cb6885548e9b4c2fd24666ca1058c0,https://android.googlesource.com/kernel/common/+/refs/tags/android15-6.6-2025-03_r17,common-android15-6.6-2025-03,common-android15-6.6
android15-6.6-2025-03_r18,e5dcf2ee9c704ec9fe7e490fa2cd4dc5da0e7a7b,https://android.googlesource.com/kernel/common/+/refs/tags/android15-6.6-2025-03_r18,common-android15-6.6-2025-03,common-android15-6.6
android15-6.6-2025-03_r19,afb1479039bc3b5e00def98ba795cf8647f28b7f,https://android.googlesource.com/kernel/common/+/refs/tags/android15-6.6-2025-03_r19,common-android15-6.6-2025-03,common-android15-6.6
android15-6.6-2025-03_r20,44de03971c70d00d1ff6dbca5466f4228181f422,https://android.googlesource.com/kernel/common/+/refs/tags/android15-6.6-2025-03_r20,common-android15-6.6-2025-03,common-android15-6.6
android15-6.6-2025-03_r21,1cfd9a28721c8e8ff70aed6ad83b4d77b2dc115c,https://android.googlesource.com/kernel/common/+/refs/tags/android15-6.6-2025-03_r21,common-android15-6.6-2025-03,common-android15-6.6
android15-6.6-2025-03_r22,68699ccd4e7fed426009d5f8b6cc762627ad2ea1,https://android.googlesource.com/kernel/common/+/refs/tags/android15-6.6-2025-03_r22,common-android15-6.6-2025-03,common-android15-6.6
android15-6.6-2025-03_r24,0a4837183a776dd5e73f76e291760a474460d363,https://android.googlesource.com/kernel/common/+/refs/tags/android15-6.6-2025-03_r24,common-android15-6.6-2025-03,common-android15-6.6
android15-6.6-2025-03_r26,cd6afaa321f309b592494abf39d7ab8ce4c464c4,https://android.googlesource.com/kernel/common/+/refs/tags/android15-6.6-2025-03_r26,common-android15-6.6-2025-03,common-android15-6.6
android15-6.6-2025-03_r27,fa7c09deeca0b456a8b649f4ff5538a0b68b5c39,https://android.googlesource.com/kernel/common/+/refs/tags/android15-6.6-2025-03_r27,common-android15-6.6-2025-03,common-android15-6.6
android15-6.6-2025-03_r28,63ce7556864ce3d8dcc0e8e934695347636b30bc,https://android.googlesource.com/kernel/common/+/refs/tags/android15-6.6-2025-03_r28,common-android15-6.6-2025-03,common-android15-6.6
android15-6.6-2025-03_r29,4f191ede35d089e26077ec9ad7a1c1afbef36bab,https://android.googlesource.com/kernel/common/+/refs/tags/android15-6.6-2025-03_r29,common-android15-6.6-2025-03,common-android15-6.6
android15-6.6-2025-03_r30,4be793ccba1474299f59a1b80b747cca98a1324f,https://android.googlesource.com/kernel/common/+/refs/tags/android15-6.6-2025-03_r30,common-android15-6.6-2025-03,common-android15-6.6
android15-6.6-2025-03_r31,2c26f22ee6691726ea82c766597945006986551d,https://android.googlesource.com/kernel/common/+/refs/tags/android15-6.6-2025-03_r31,common-android15-6.6-2025-03,common-android15-6.6
android15-6.6-2025-03_r32,162ecea43cb4059b7717e2d6c689f0274a1137db,https://android.googlesource.com/kernel/common/+/refs/tags/android15-6.6-2025-03_r32,common-android15-6.6-2025-03,common-android15-6.6
android15-6.6-2025-03_r33,a9063b5adc42549843ae191a979908476a383297,https://android.googlesource.com/kernel/common/+/refs/tags/android15-6.6-2025-03_r33,common-android15-6.6-2025-03,common-android15-6.6
android15-6.6-2025-02_r1,26e104d46acb54f43b21a4ec675f7fedd7c02384,https://android.googlesource.com/kernel/common/+/refs/tags/android15-6.6-2025-02_r1,common-android15-6.6-2025-02,common-android15-6.6
android15-6.6-2025-02_r2,b66429556fb8cd9718a39198ef7aec8a1fa9ec32,https://android.googlesource.com/kernel/common/+/refs/tags/android15-6.6-2025-02_r2,common-android15-6.6-2025-02,common-android15-6.6
android15-6.6-2025-02_r3,5368d20b3aad7b24c88b14f1c1b9694a21ecede6,https://android.googlesource.com/kernel/common/+/refs/tags/android15-6.6-2025-02_r3,common-android15-6.6-2025-02,common-android15-6.6
android15-6.6-2025-02_r4,dc1659ef688596a91605adc0ee4c61bf0cf054bd,https://android.googlesource.com/kernel/common/+/refs/tags/android15-6.6-2025-02_r4,common-android15-6.6-2025-02,common-android15-6.6
android15-6.6-2025-02_r5,416f37864574da0569285e8f7009f9b3357ddaef,https://android.googlesource.com/kernel/common/+/refs/tags/android15-6.6-2025-02_r5,common-android15-6.6-2025-02,common-android15-6.6
android15-6.6-2025-02_r6,e85affb03264dc7779d63a60d099a204162e3738,https://android.googlesource.com/kernel/common/+/refs/tags/android15-6.6-2025-02_r6,common-android15-6.6-2025-02,common-android15-6.6
android15-6.6-2025-02_r7,4f394d093caf2b1d75db973a31c21f188610489d,https://android.googlesource.com/kernel/common/+/refs/tags/android15-6.6-2025-02_r7,common-android15-6.6-2025-02,common-android15-6.6
android15-6.6-2025-02_r8,b6de5d526029a9aa6ca114e2b09b6015f2efcccf,https://android.googlesource.com/kernel/common/+/refs/tags/android15-6.6-2025-02_r8,common-android15-6.6-2025-02,common-android15-6.6
android15-6.6-2025-02_r9,33e6f60b56e2988f1d5a14d5f6782d574f56add6,https://android.googlesource.com/kernel/common/+/refs/tags/android15-6.6-2025-02_r9,common-android15-6.6-2025-02,common-android15-6.6
android15-6.6-2025-02_r10,9b6ad5b4b8138fa948baea0c959c121f7f8fdf66,https://android.googlesource.com/kernel/common/+/refs/tags/android15-6.6-2025-02_r10,common-android15-6.6-2025-02,common-android15-6.6
android15-6.6-2025-02_r12,881a2c4e8ad508fa6848b813352e2ced2d4b3483,https://android.googlesource.com/kernel/common/+/refs/tags/android15-6.6-2025-02_r12,common-android15-6.6-2025-02,common-android15-6.6
android15-6.6-2025-02_r13,b8040b710a1f9324a00aedad1efbb95458751782,https://android.googlesource.com/kernel/common/+/refs/tags/android15-6.6-2025-02_r13,common-android15-6.6-2025-02,common-android15-6.6
android15-6.6-2025-02_r14,1acc7dc7284a728a96800daafe44171dde4398fe,https://android.googlesource.com/kernel/common/+/refs/tags/android15-6.6-2025-02_r14,common-android15-6.6-2025-02,common-android15-6.6
android15-6.6-2025-02_r15,add77f4fe96297b31d7ae3de279c3b93855634b8,https://android.googlesource.com/kernel/common/+/refs/tags/android15-6.6-2025-02_r15,common-android15-6.6-2025-02,common-android15-6.6
android15-6.6-2025-02_r16,087a3ddc9c43c592ff87ea403bc619572c601874,https://android.googlesource.com/kernel/common/+/refs/tags/android15-6.6-2025-02_r16,common-android15-6.6-2025-02,common-android15-6.6
android15-6.6-2025-02_r17,d0c43a640eabd158f426e314f7bf2019a4f3e102,https://android.googlesource.com/kernel/common/+/refs/tags/android15-6.6-2025-02_r17,common-android15-6.6-2025-02,common-android15-6.6
android15-6.6-2025-02_r19,41978cd56da8895f9859f257e9c36405c234a4ea,https://android.googlesource.com/kernel/common/+/refs/tags/android15-6.6-2025-02_r19,common-android15-6.6-2025-02,common-android15-6.6
android15-6.6-2025-02_r20,912f90e81c3e52a3bfd8bd19750a65ee3ef50ba6,https://android.googlesource.com/kernel/common/+/refs/tags/android15-6.6-2025-02_r20,common-android15-6.6-2025-02,common-android15-6.6
android15-6.6-2025-01_r1,217cec2d03813e7214a4bcd60037f3e7eab4023b,https://android.googlesource.com/kernel/common/+/refs/tags/android15-6.6-2025-01_r1,common-android15-6.6-2025-01,common-android15-6.6
android15-6.6-2025-01_r2,9f047a51b39e1844b6bfab6b7b9b8a27178fdc17,https://android.googlesource.com/kernel/common/+/refs/tags/android15-6.6-2025-01_r2,common-android15-6.6-2025-01,common-android15-6.6
android15-6.6-2025-01_r3,21ec3a8037fb90c4b75de2259c3b5f0f70920e73,https://android.googlesource.com/kernel/common/+/refs/tags/android15-6.6-2025-01_r3,common-android15-6.6-2025-01,common-android15-6.6
android15-6.6-2025-01_r4,141198ae89b2d5431bd015ae94c8cabac66947ff,https://android.googlesource.com/kernel/common/+/refs/tags/android15-6.6-2025-01_r4,common-android15-6.6-2025-01,common-android15-6.6
android15-6.6-2025-01_r5,dbdc5ab7d17f5cf47d7c6db063b74ddf4eb471c6,https://android.googlesource.com/kernel/common/+/refs/tags/android15-6.6-2025-01_r5,common-android15-6.6-2025-01,common-android15-6.6
android15-6.6-2025-01_r6,bad6466b5c4dac8b8228161fd39910b6f0f0c57d,https://android.googlesource.com/kernel/common/+/refs/tags/android15-6.6-2025-01_r6,common-android15-6.6-2025-01,common-android15-6.6
android15-6.6-2025-01_r7,b3cfc30c6401b71dad6b5c1d929c9098167210bd,https://android.googlesource.com/kernel/common/+/refs/tags/android15-6.6-2025-01_r7,common-android15-6.6-2025-01,common-android15-6.6
android15-6.6-2025-01_r8,52d776ea9f68f0101bd6c1b42ac98e9b697bfe7b,https://android.googlesource.com/kernel/common/+/refs/tags/android15-6.6-2025-01_r8,common-android15-6.6-2025-01,common-android15-6.6
android15-6.6-2025-01_r9,6726d0da8bd163f294a4cd801fa5028d44aa0916,https://android.googlesource.com/kernel/common/+/refs/tags/android15-6.6-2025-01_r9,common-android15-6.6-2025-01,common-android15-6.6
android15-6.6-2025-01_r10,b98c9fc661ec67198c0dd40a48a0b5deb88370df,https://android.googlesource.com/kernel/common/+/refs/tags/android15-6.6-2025-01_r10,common-android15-6.6-2025-01,common-android15-6.6
android15-6.6-2025-01_r11,c5074daf42e568abde5af6c60b7cd0aa5c95f189,https://android.googlesource.com/kernel/common/+/refs/tags/android15-6.6-2025-01_r11,common-android15-6.6-2025-01,common-android15-6.6
android15-6.6-2025-01_r12,0da12250f4eac7d408dbbe99697357d07064b2bb,https://android.googlesource.com/kernel/common/+/refs/tags/android15-6.6-2025-01_r12,common-android15-6.6-2025-01,common-android15-6.6
android15-6.6-2025-01_r13,32dad2ba90822fc9a26102f845a4eb57949cbcb7,https://android.googlesource.com/kernel/common/+/refs/tags/android15-6.6-2025-01_r13,common-android15-6.6-2025-01,common-android15-6.6
android15-6.6-2025-01_r14,aa37d2210cc38846e69beeebe86406c56eb545cd,https://android.googlesource.com/kernel/common/+/refs/tags/android15-6.6-2025-01_r14,common-android15-6.6-2025-01,common-android15-6.6
android15-6.6-2025-01_r16,c27d6cefb5485dbd985d9bfa5b083a8892c72619,https://android.googlesource.com/kernel/common/+/refs/tags/android15-6.6-2025-01_r16,common-android15-6.6-2025-01,common-android15-6.6
android15-6.6-2025-01_r17,97728a1436424265258cd2b247753e19e79202d3,https://android.googlesource.com/kernel/common/+/refs/tags/android15-6.6-2025-01_r17,common-android15-6.6-2025-01,common-android15-6.6
android15-6.6-2025-01_r18,8567f08f62013a0705df461d064d52e2a39a6d89,https://android.googlesource.com/kernel/common/+/refs/tags/android15-6.6-2025-01_r18,common-android15-6.6-2025-01,common-android15-6.6
android15-6.6-2025-01_r19,17cdfa1756f8a2371148aa88ddd33d84d6976a97,https://android.googlesource.com/kernel/common/+/refs/tags/android15-6.6-2025-01_r19,common-android15-6.6-2025-01,common-android15-6.6
android15-6.6-2025-01_r20,60af55c5e068dec8e2db9060c49519319c3efc98,https://android.googlesource.com/kernel/common/+/refs/tags/android15-6.6-2025-01_r20,common-android15-6.6-2025-01,common-android15-6.6
android15-6.6-2025-01_r21,52ee0ae5bd05f0fc4856fc0152ae7fcd5a15565e,https://android.googlesource.com/kernel/common/+/refs/tags/android15-6.6-2025-01_r21,common-android15-6.6-2025-01,common-android15-6.6
android15-6.6-2025-01_r22,18a026f7d05c55a9373b2db061d8573260a7d066,https://android.googlesource.com/kernel/common/+/refs/tags/android15-6.6-2025-01_r22,common-android15-6.6-2025-01,common-android15-6.6
android15-6.6-2025-01_r23,262c477325cf609645016768c62ca068f0cbd848,https://android.googlesource.com/kernel/common/+/refs/tags/android15-6.6-2025-01_r23,common-android15-6.6-2025-01,common-android15-6.6
android15-6.6-2024-12_r1,9dfb2bc0c4665d1b5ddb73c3b0967469d45b3659,https://android.googlesource.com/kernel/common/+/refs/tags/android15-6.6-2024-12_r1,common-android15-6.6-2024-12,common-android15-6.6
android15-6.6-2024-12_r2,0139036d697a69cffe42343e8ff28c46d0e2a3ea,https://android.googlesource.com/kernel/common/+/refs/tags/android15-6.6-2024-12_r2,common-android15-6.6-2024-12,common-android15-6.6
android15-6.6-2024-12_r3,8b26891fbecaeec8c381646ddcc68de7c8de4269,https://android.googlesource.com/kernel/common/+/refs/tags/android15-6.6-2024-12_r3,common-android15-6.6-2024-12,common-android15-6.6
android15-6.6-2024-12_r4,d8ba0901b52503ce1cf445261ac56a2e1ec69e4a,https://android.googlesource.com/kernel/common/+/refs/tags/android15-6.6-2024-12_r4,common-android15-6.6-2024-12,common-android15-6.6
android15-6.6-2024-12_r5,8b74aa0d107a54a2e45a9951f7aad81d958fed17,https://android.googlesource.com/kernel/common/+/refs/tags/android15-6.6-2024-12_r5,common-android15-6.6-2024-12,common-android15-6.6
android15-6.6-2024-12_r6,87e457e8e2ac0fb3ae0f4e23475397e145c73f6a,https://android.googlesource.com/kernel/common/+/refs/tags/android15-6.6-2024-12_r6,common-android15-6.6-2024-12,common-android15-6.6
android15-6.6-2024-12_r7,17c77fc408ae591be4f29f3ff744ef30cb729d7f,https://android.googlesource.com/kernel/common/+/refs/tags/android15-6.6-2024-12_r7,common-android15-6.6-2024-12,common-android15-6.6
android15-6.6-2024-12_r8,23dafd0055ada5f95360c0724f84f6e999d5407b,https://android.googlesource.com/kernel/common/+/refs/tags/android15-6.6-2024-12_r8,common-android15-6.6-2024-12,common-android15-6.6
android15-6.6-2024-12_r9,ae005dddc2c68bfa400f5abe6a36a23ae73aa709,https://android.googlesource.com/kernel/common/+/refs/tags/android15-6.6-2024-12_r9,common-android15-6.6-2024-12,common-android15-6.6
android15-6.6-2024-12_r10,c8de96049c9673e1c96ea5aaf8da21e9f2abf7ed,https://android.googlesource.com/kernel/common/+/refs/tags/android15-6.6-2024-12_r10,common-android15-6.6-2024-12,common-android15-6.6
android15-6.6-2024-12_r11,f9e3f8359c5afff02ea2c50ab59662610860d64c,https://android.googlesource.com/kernel/common/+/refs/tags/android15-6.6-2024-12_r11,common-android15-6.6-2024-12,common-android15-6.6
android15-6.6-2024-12_r12,12f26fa7748ee058c3aaae5ad23995417f463da7,https://android.googlesource.com/kernel/common/+/refs/tags/android15-6.6-2024-12_r12,common-android15-6.6-2024-12,common-android15-6.6
android15-6.6-2024-12_r13,223461f63a7a393d7b73fa29d37de7c48b2c9b89,https://android.googlesource.com/kernel/common/+/refs/tags/android15-6.6-2024-12_r13,common-android15-6.6-2024-12,common-android15-6.6
android15-6.6-2024-12_r14,302cb15749a8aa3fb5e93b202760cc510b437d63,https://android.googlesource.com/kernel/common/+/refs/tags/android15-6.6-2024-12_r14,common-android15-6.6-2024-12,common-android15-6.6
android15-6.6-2024-12_r15,f6c008a1a5b1cc8ba745b25109bb7fde499fe6a7,https://android.googlesource.com/kernel/common/+/refs/tags/android15-6.6-2024-12_r15,common-android15-6.6-2024-12,common-android15-6.6
android15-6.6-2024-12_r17,4fe70466de2037238a69e187b70f3870fc84820c,https://android.googlesource.com/kernel/common/+/refs/tags/android15-6.6-2024-12_r17,common-android15-6.6-2024-12,common-android15-6.6
android15-6.6-2024-12_r18,ff074b278e225956ea785e4616a5440708fde179,https://android.googlesource.com/kernel/common/+/refs/tags/android15-6.6-2024-12_r18,common-android15-6.6-2024-12,common-android15-6.6
android15-6.6-2024-12_r19,70a0f2f5f81694e306819babc071512a47e19b93,https://android.googlesource.com/kernel/common/+/refs/tags/android15-6.6-2024-12_r19,common-android15-6.6-2024-12,common-android15-6.6
android15-6.6-2024-12_r20,8f666e70c848092811dd186b58783161dc03489c,https://android.googlesource.com/kernel/common/+/refs/tags/android15-6.6-2024-12_r20,common-android15-6.6-2024-12,common-android15-6.6
android15-6.6-2024-12_r21,bfe07bdc95271f06810122f5fc803eca4e389f7f,https://android.googlesource.com/kernel/common/+/refs/tags/android15-6.6-2024-12_r21,common-android15-6.6-2024-12,common-android15-6.6
android15-6.6-2024-12_r22,e32e14fb76dca31d08eee2fb36c1c30458017f2d,https://android.googlesource.com/kernel/common/+/refs/tags/android15-6.6-2024-12_r22,common-android15-6.6-2024-12,common-android15-6.6
android15-6.6-2024-12_r23,22948dd860a686b8ca26cac22e72332bd1be2464,https://android.googlesource.com/kernel/common/+/refs/tags/android15-6.6-2024-12_r23,common-android15-6.6-2024-12,common-android15-6.6
android15-6.6-2024-12_r24,1960324b25c8e48c0e05af54ba87a1b8fa2af920,https://android.googlesource.com/kernel/common/+/refs/tags/android15-6.6-2024-12_r24,common-android15-6.6-2024-12,common-android15-6.6
android15-6.6-2024-12_r25,7b1f455c7143098e61cdd2298639e3c412c285f2,https://android.googlesource.com/kernel/common/+/refs/tags/android15-6.6-2024-12_r25,common-android15-6.6-2024-12,common-android15-6.6
android15-6.6-2024-12_r26,b71a4b6cdfc37b0bd161cbe006b8a6de96c25496,https://android.googlesource.com/kernel/common/+/refs/tags/android15-6.6-2024-12_r26,common-android15-6.6-2024-12,common-android15-6.6
android15-6.6-2024-12_r27,87271dd377827bd5d2826665e22103a038459e26,https://android.googlesource.com/kernel/common/+/refs/tags/android15-6.6-2024-12_r27,common-android15-6.6-2024-12,common-android15-6.6
android15-6.6-2024-12_r28,cd861fe71513de2ee16823b8b14ddc0481060648,https://android.googlesource.com/kernel/common/+/refs/tags/android15-6.6-2024-12_r28,common-android15-6.6-2024-12,common-android15-6.6
android15-6.6-2024-12_r29,d33dd6975897a0d6d405b6dd0adfe215e9ae889a,https://android.googlesource.com/kernel/common/+/refs/tags/android15-6.6-2024-12_r29,common-android15-6.6-2024-12,common-android15-6.6
android15-6.6-2024-12_r30,c7d3f561226819435c6c188a202ad531a108e5c4,https://android.googlesource.com/kernel/common/+/refs/tags/android15-6.6-2024-12_r30,common-android15-6.6-2024-12,common-android15-6.6
android15-6.6-2024-12_r31,443be96c6b96d87b3fe34445d5aa7620ecc7c391,https://android.googlesource.com/kernel/common/+/refs/tags/android15-6.6-2024-12_r31,common-android15-6.6-2024-12,common-android15-6.6
android15-6.6-2024-11_r1,4dc1c153f7b0c12b5ace41e7383514e9ab54cd3b,https://android.googlesource.com/kernel/common/+/refs/tags/android15-6.6-2024-11_r1,common-android15-6.6-2024-11,common-android15-6.6
android15-6.6-2024-11_r2,72286ec21ef8d878b2b28a7ad5b245fa05e107c8,https://android.googlesource.com/kernel/common/+/refs/tags/android15-6.6-2024-11_r2,common-android15-6.6-2024-11,common-android15-6.6
android15-6.6-2024-11_r3,7b84a2e5ce477ce8e1a13b7b1065389ddbcfe7bd,https://android.googlesource.com/kernel/common/+/refs/tags/android15-6.6-2024-11_r3,common-android15-6.6-2024-11,common-android15-6.6
android15-6.6-2024-11_r4,945ca10083a9aad1efdffe7de0cd0d3cb28947f3,https://android.googlesource.com/kernel/common/+/refs/tags/android15-6.6-2024-11_r4,common-android15-6.6-2024-11,common-android15-6.6
android15-6.6-2024-11_r5,98887ea5d0f427a9a1abd8325515c267cd467f8d,https://android.googlesource.com/kernel/common/+/refs/tags/android15-6.6-2024-11_r5,common-android15-6.6-2024-11,common-android15-6.6
android15-6.6-2024-11_r6,29065cd47eb2d66bc0db421530de7e4876f77d09,https://android.googlesource.com/kernel/common/+/refs/tags/android15-6.6-2024-11_r6,common-android15-6.6-2024-11,common-android15-6.6
android15-6.6-2024-11_r7,38447e018c92f6ae182067a02a6954fa92b33a73,https://android.googlesource.com/kernel/common/+/refs/tags/android15-6.6-2024-11_r7,common-android15-6.6-2024-11,common-android15-6.6
android15-6.6-2024-11_r8,277da62e8cede4af15d0e68e8942f50b24a53d7c,https://android.googlesource.com/kernel/common/+/refs/tags/android15-6.6-2024-11_r8,common-android15-6.6-2024-11,common-android15-6.6
android15-6.6-2024-11_r9,c17cd18caca6908a659883ae90474250faebf8a5,https://android.googlesource.com/kernel/common/+/refs/tags/android15-6.6-2024-11_r9,common-android15-6.6-2024-11,common-android15-6.6
android15-6.6-2024-11_r10,88c87bc8134f915dd93a3fdc54afc8e42c5ca4aa,https://android.googlesource.com/kernel/common/+/refs/tags/android15-6.6-2024-11_r10,common-android15-6.6-2024-11,common-android15-6.6
android15-6.6-2024-11_r11,608ba0cf215d76b2d9ab497cc7f58063a7a84698,https://android.googlesource.com/kernel/common/+/refs/tags/android15-6.6-2024-11_r11,common-android15-6.6-2024-11,common-android15-6.6
android15-6.6-2024-11_r12,6b912334b83fadfdb76e8d5dd7fb00a3a9c1e8ba,https://android.googlesource.com/kernel/common/+/refs/tags/android15-6.6-2024-11_r12,common-android15-6.6-2024-11,common-android15-6.6
android15-6.6-2024-11_r13,98a36b7894211ac423f0487b4b366b2272fb8b8a,https://android.googlesource.com/kernel/common/+/refs/tags/android15-6.6-2024-11_r13,common-android15-6.6-2024-11,common-android15-6.6
android15-6.6-2024-11_r15,443415d527b944b279a79d4da75180ea12b26410,https://android.googlesource.com/kernel/common/+/refs/tags/android15-6.6-2024-11_r15,common-android15-6.6-2024-11,common-android15-6.6
android15-6.6-2024-11_r16,f44dcf725e293cdc8232463b91a5f24e39ed2f8d,https://android.googlesource.com/kernel/common/+/refs/tags/android15-6.6-2024-11_r16,common-android15-6.6-2024-11,common-android15-6.6
android15-6.6-2024-11_r18,6b25138c32d5bcef8a8edc089123300388f44f22,https://android.googlesource.com/kernel/common/+/refs/tags/android15-6.6-2024-11_r18,common-android15-6.6-2024-11,common-android15-6.6
android15-6.6-2024-11_r20,c0eeae1fc019098d96197df4cdd32cbf088482e5,https://android.googlesource.com/kernel/common/+/refs/tags/android15-6.6-2024-11_r20,common-android15-6.6-2024-11,common-android15-6.6
android15-6.6-2024-11_r21,89f9145929802cb83c8f89c0b24b12c184523786,https://android.googlesource.com/kernel/common/+/refs/tags/android15-6.6-2024-11_r21,common-android15-6.6-2024-11,common-android15-6.6
android15-6.6-2024-11_r22,12cad3f6ac8ed34c417a6a407be90df3e8638183,https://android.googlesource.com/kernel/common/+/refs/tags/android15-6.6-2024-11_r22,common-android15-6.6-2024-11,common-android15-6.6
android15-6.6-2024-11_r23,7f19c751e3341f232126ce23505bd1978a23bc9b,https://android.googlesource.com/kernel/common/+/refs/tags/android15-6.6-2024-11_r23,common-android15-6.6-2024-11,common-android15-6.6
android15-6.6-2024-11_r25,6999122f28ef175f5830c2f703f085ea94f72cab,https://android.googlesource.com/kernel/common/+/refs/tags/android15-6.6-2024-11_r25,common-android15-6.6-2024-11,common-android15-6.6
android15-6.6-2024-11_r26,fade384491efe8973552b7b1c77e2586b6ce4226,https://android.googlesource.com/kernel/common/+/refs/tags/android15-6.6-2024-11_r26,common-android15-6.6-2024-11,common-android15-6.6
android15-6.6-2024-11_r27,eb7237b308a8c43293c2ce5cdef6ae9d863ed0ec,https://android.googlesource.com/kernel/common/+/refs/tags/android15-6.6-2024-11_r27,common-android15-6.6-2024-11,common-android15-6.6
android15-6.6-2024-11_r28,f7d505beab1f2f6c3f2d052928568c860bd8afc9,https://android.googlesource.com/kernel/common/+/refs/tags/android15-6.6-2024-11_r28,common-android15-6.6-2024-11,common-android15-6.6
android15-6.6-2024-11_r29,96c6472e8dc00ceb124c97dc098ff28d02034e77,https://android.googlesource.com/kernel/common/+/refs/tags/android15-6.6-2024-11_r29,common-android15-6.6-2024-11,common-android15-6.6
android15-6.6-2024-11_r30,a3c3e7c841d92eee1abbb55d48d769cca8eeaeba,https://android.googlesource.com/kernel/common/+/refs/tags/android15-6.6-2024-11_r30,common-android15-6.6-2024-11,common-android15-6.6
android15-6.6-2024-11_r32,7ecd195a9bfff91e6d0b611bd3892d9e210fa121,https://android.googlesource.com/kernel/common/+/refs/tags/android15-6.6-2024-11_r32,common-android15-6.6-2024-11,common-android15-6.6
android15-6.6-2024-11_r33,412466ac872d9108b62ea50e37709372f8d8b8be,https://android.googlesource.com/kernel/common/+/refs/tags/android15-6.6-2024-11_r33,common-android15-6.6-2024-11,common-android15-6.6
android15-6.6-2024-11_r34,3c2e10bc0383eed3dd9a8847276cddf5687ae84a,https://android.googlesource.com/kernel/common/+/refs/tags/android15-6.6-2024-11_r34,common-android15-6.6-2024-11,common-android15-6.6
android15-6.6-2024-11_r35,4a0a88d785cd03524ab1e82735de202b87c3de43,https://android.googlesource.com/kernel/common/+/refs/tags/android15-6.6-2024-11_r35,common-android15-6.6-2024-11,common-android15-6.6
android15-6.6-2024-11_r36,6f1fb56fa84d48869f1e90cb25af1d18b18071e8,https://android.googlesource.com/kernel/common/+/refs/tags/android15-6.6-2024-11_r36,common-android15-6.6-2024-11,common-android15-6.6
android15-6.6-2024-11_r37,4696cd4cb7e5122e807870ed59019132433f08d2,https://android.googlesource.com/kernel/common/+/refs/tags/android15-6.6-2024-11_r37,common-android15-6.6-2024-11,common-android15-6.6
android15-6.6-2024-11_r38,1ed655e69905d6d5d0c8d6b86da587ac1a7f4168,https://android.googlesource.com/kernel/common/+/refs/tags/android15-6.6-2024-11_r38,common-android15-6.6-2024-11,common-android15-6.6
android15-6.6-2024-11_r39,1a0c76598c3e02ecc75cd3c6f21ba5606f10bb2b,https://android.googlesource.com/kernel/common/+/refs/tags/android15-6.6-2024-11_r39,common-android15-6.6-2024-11,common-android15-6.6
android15-6.6-2024-11_r40,f3cb76b428034b0cd90bdea9aeff2741d915a983,https://android.googlesource.com/kernel/common/+/refs/tags/android15-6.6-2024-11_r40,common-android15-6.6-2024-11,common-android15-6.6
android15-6.6-2024-11_r41,3da69d704aa31ef97db133aa8e41d4f485f091fa,https://android.googlesource.com/kernel/common/+/refs/tags/android15-6.6-2024-11_r41,common-android15-6.6-2024-11,common-android15-6.6
android15-6.6-2024-11_r42,f0c68161c0e91e1fd24d7d21a98e6534e728a0d0,https://android.googlesource.com/kernel/common/+/refs/tags/android15-6.6-2024-11_r42,common-android15-6.6-2024-11,common-android15-6.6
android15-6.6-2024-10_r1,c1f113c293260e98b72c8142ece584d1a7832316,https://android.googlesource.com/kernel/common/+/refs/tags/android15-6.6-2024-10_r1,common-android15-6.6-2024-10,common-android15-6.6
android15-6.6-2024-10_r2,3e040da6c71e29d37855f28bdab187e6c6fb60a0,https://android.googlesource.com/kernel/common/+/refs/tags/android15-6.6-2024-10_r2,common-android15-6.6-2024-10,common-android15-6.6
android15-6.6-2024-10_r3,7ef989be6b35fde43c57c98dfdc87dbd79762fb9,https://android.googlesource.com/kernel/common/+/refs/tags/android15-6.6-2024-10_r3,common-android15-6.6-2024-10,common-android15-6.6
android15-6.6-2024-10_r4,8adecb593e9b745427da9d61c3cc8bc4857de209,https://android.googlesource.com/kernel/common/+/refs/tags/android15-6.6-2024-10_r4,common-android15-6.6-2024-10,common-android15-6.6
android15-6.6-2024-10_r5,56141cd822da4e98c696af301f7ae49a872932fd,https://android.googlesource.com/kernel/common/+/refs/tags/android15-6.6-2024-10_r5,common-android15-6.6-2024-10,common-android15-6.6
android15-6.6-2024-10_r6,848f172a08c428f99cdd69d6ef702a383543100b,https://android.googlesource.com/kernel/common/+/refs/tags/android15-6.6-2024-10_r6,common-android15-6.6-2024-10,common-android15-6.6
android15-6.6-2024-10_r7,5f049647604d3df782ea065f8ca08ac1fda1a280,https://android.googlesource.com/kernel/common/+/refs/tags/android15-6.6-2024-10_r7,common-android15-6.6-2024-10,common-android15-6.6
android15-6.6-2024-10_r8,30b37f0490f0d6647aac0cfa78d7728903369bc2,https://android.googlesource.com/kernel/common/+/refs/tags/android15-6.6-2024-10_r8,common-android15-6.6-2024-10,common-android15-6.6
android15-6.6-2024-10_r9,865152d1cbd4eb2cea8e3cddff369c399ed09c7e,https://android.googlesource.com/kernel/common/+/refs/tags/android15-6.6-2024-10_r9,common-android15-6.6-2024-10,common-android15-6.6
android15-6.6-2024-10_r10,8692d62253e1324f85321cdc8372341770bf7696,https://android.googlesource.com/kernel/common/+/refs/tags/android15-6.6-2024-10_r10,common-android15-6.6-2024-10,common-android15-6.6
android15-6.6-2024-10_r11,8d6ab2a716355903c0a9c2c7a64c0fedc4241b88,https://android.googlesource.com/kernel/common/+/refs/tags/android15-6.6-2024-10_r11,common-android15-6.6-2024-10,common-android15-6.6
android15-6.6-2024-10_r12,c89493931003e6ecb46df4a092a530f0c959c9d5,https://android.googlesource.com/kernel/common/+/refs/tags/android15-6.6-2024-10_r12,common-android15-6.6-2024-10,common-android15-6.6
android15-6.6-2024-10_r13,066ba07218a572ac57d29530e045b25e6501cf6e,https://android.googlesource.com/kernel/common/+/refs/tags/android15-6.6-2024-10_r13,common-android15-6.6-2024-10,common-android15-6.6
android15-6.6-2024-10_r14,ed0ab5c353fb08c92481cc7b483bf1a3d538d01c,https://android.googlesource.com/kernel/common/+/refs/tags/android15-6.6-2024-10_r14,common-android15-6.6-2024-10,common-android15-6.6
android15-6.6-2024-10_r15,bb8d8b4e5bb4d10eb38bffddffe0757011e3ee04,https://android.googlesource.com/kernel/common/+/refs/tags/android15-6.6-2024-10_r15,common-android15-6.6-2024-10,common-android15-6.6
android15-6.6-2024-10_r16,e113a078a37b6ea51bba54e53ec579cc3e0acc34,https://android.googlesource.com/kernel/common/+/refs/tags/android15-6.6-2024-10_r16,common-android15-6.6-2024-10,common-android15-6.6
android15-6.6-2024-10_r17,f75a02b4fdb97182838a2a454cc2f36e01a3dd85,https://android.googlesource.com/kernel/common/+/refs/tags/android15-6.6-2024-10_r17,common-android15-6.6-2024-10,common-android15-6.6
android15-6.6-2024-10_r18,ba6679cc6fdcaaba4d3dadee741c1a11c5541071,https://android.googlesource.com/kernel/common/+/refs/tags/android15-6.6-2024-10_r18,common-android15-6.6-2024-10,common-android15-6.6
android15-6.6-2024-10_r19,1f4911ba7e06b62be372c51b8c33656cea2ce241,https://android.googlesource.com/kernel/common/+/refs/tags/android15-6.6-2024-10_r19,common-android15-6.6-2024-10,common-android15-6.6
android15-6.6-2024-10_r20,0e20c07d648b013b401daca40d137f97506f4a38,https://android.googlesource.com/kernel/common/+/refs/tags/android15-6.6-2024-10_r20,common-android15-6.6-2024-10,common-android15-6.6
android15-6.6-2024-10_r21,4c15dab8f0b4bdf3a26ab961dd45a4ebafab57b9,https://android.googlesource.com/kernel/common/+/refs/tags/android15-6.6-2024-10_r21,common-android15-6.6-2024-10,common-android15-6.6
android15-6.6-2024-10_r22,e89e0a0f29c90e605334249563e6f0f55c8aab45,https://android.googlesource.com/kernel/common/+/refs/tags/android15-6.6-2024-10_r22,common-android15-6.6-2024-10,common-android15-6.6
android15-6.6-2024-10_r23,2d285180af34e43a4c6eeb058f41890b0115c57f,https://android.googlesource.com/kernel/common/+/refs/tags/android15-6.6-2024-10_r23,common-android15-6.6-2024-10,common-android15-6.6
android15-6.6-2024-10_r24,7ae6b87e9b52e9fd60376158b4184d4a0e278edc,https://android.googlesource.com/kernel/common/+/refs/tags/android15-6.6-2024-10_r24,common-android15-6.6-2024-10,common-android15-6.6
android15-6.6-2024-10_r25,e28f4484a66f2ca39b842f9a00cd12d46b404ca5,https://android.googlesource.com/kernel/common/+/refs/tags/android15-6.6-2024-10_r25,common-android15-6.6-2024-10,common-android15-6.6
android15-6.6-2024-10_r27,da759a1462b23348c55a6399190d67bd1d1051b9,https://android.googlesource.com/kernel/common/+/refs/tags/android15-6.6-2024-10_r27,common-android15-6.6-2024-10,common-android15-6.6
android15-6.6-2024-10_r28,047ff3eabb321c7aac13501324634938a463661c,https://android.googlesource.com/kernel/common/+/refs/tags/android15-6.6-2024-10_r28,common-android15-6.6-2024-10,common-android15-6.6
android15-6.6-2024-10_r29,cddc766efab2d6e429c0578fd72eaab635122e1f,https://android.googlesource.com/kernel/common/+/refs/tags/android15-6.6-2024-10_r29,common-android15-6.6-2024-10,common-android15-6.6
android15-6.6-2024-10_r30,f4d86b214f24abc970eb91a205773446f2966ee0,https://android.googlesource.com/kernel/common/+/refs/tags/android15-6.6-2024-10_r30,common-android15-6.6-2024-10,common-android15-6.6
android15-6.6-2024-10_r31,d681ed49adb240b6c7a35f92f6bba203bab8e771,https://android.googlesource.com/kernel/common/+/refs/tags/android15-6.6-2024-10_r31,common-android15-6.6-2024-10,common-android15-6.6
android15-6.6-2024-09_r1,90126a16a9a623123963a17972c39fdee257240d,https://android.googlesource.com/kernel/common/+/refs/tags/android15-6.6-2024-09_r1,common-android15-6.6-2024-09,common-android15-6.6
android15-6.6-2024-09_r2,99c4a96a8381a1faaf3ea8518fb31cf181cb3507,https://android.googlesource.com/kernel/common/+/refs/tags/android15-6.6-2024-09_r2,common-android15-6.6-2024-09,common-android15-6.6
android15-6.6-2024-09_r3,cb6342e5f3b49fdfca7ba496ed2d66223b2c2cc9,https://android.googlesource.com/kernel/common/+/refs/tags/android15-6.6-2024-09_r3,common-android15-6.6-2024-09,common-android15-6.6
android15-6.6-2024-09_r4,fe79432fc8cdec717a487748b1e958d46f566114,https://android.googlesource.com/kernel/common/+/refs/tags/android15-6.6-2024-09_r4,common-android15-6.6-2024-09,common-android15-6.6
android15-6.6-2024-09_r5,7376b8e51c4ddaa8e36b2b33d6ac3392135183b1,https://android.googlesource.com/kernel/common/+/refs/tags/android15-6.6-2024-09_r5,common-android15-6.6-2024-09,common-android15-6.6
android15-6.6-2024-09_r6,5bb9ef6083676ed2c135e4e5e1a9e9b0d39d0921,https://android.googlesource.com/kernel/common/+/refs/tags/android15-6.6-2024-09_r6,common-android15-6.6-2024-09,common-android15-6.6
android15-6.6-2024-09_r7,f7107bdce396d029a7ebf68329966042e0938bee,https://android.googlesource.com/kernel/common/+/refs/tags/android15-6.6-2024-09_r7,common-android15-6.6-2024-09,common-android15-6.6
android15-6.6-2024-09_r8,ed1bf74c45420a54400cede054db3352834ec199,https://android.googlesource.com/kernel/common/+/refs/tags/android15-6.6-2024-09_r8,common-android15-6.6-2024-09,common-android15-6.6
android15-6.6-2024-09_r9,1e9426bd27603d67f48f65227ea86c804112de01,https://android.googlesource.com/kernel/common/+/refs/tags/android15-6.6-2024-09_r9,common-android15-6.6-2024-09,common-android15-6.6
android15-6.6-2024-09_r10,9358a78e682c881ab734f3cca94f8a02e26df5f8,https://android.googlesource.com/kernel/common/+/refs/tags/android15-6.6-2024-09_r10,common-android15-6.6-2024-09,common-android15-6.6
android15-6.6-2024-09_r11,74dce3bdd11fc749cbd2c0a8583587e04dd380ae,https://android.googlesource.com/kernel/common/+/refs/tags/android15-6.6-2024-09_r11,common-android15-6.6-2024-09,common-android15-6.6
android15-6.6-2024-09_r12,1e62ea6092f7a964f717676a017370f727a1066f,https://android.googlesource.com/kernel/common/+/refs/tags/android15-6.6-2024-09_r12,common-android15-6.6-2024-09,common-android15-6.6
android15-6.6-2024-09_r13,503f491da49f05d716223c8b4e95b6fa8675fd6c,https://android.googlesource.com/kernel/common/+/refs/tags/android15-6.6-2024-09_r13,common-android15-6.6-2024-09,common-android15-6.6
android15-6.6-2024-09_r14,dc5d78f28e6b0ddc4b6a353bbc9b01adae6f3d1a,https://android.googlesource.com/kernel/common/+/refs/tags/android15-6.6-2024-09_r14,common-android15-6.6-2024-09,common-android15-6.6
android15-6.6-2024-09_r15,dadaa833ad7429dc2e9088f71daf0e6afba048a4,https://android.googlesource.com/kernel/common/+/refs/tags/android15-6.6-2024-09_r15,common-android15-6.6-2024-09,common-android15-6.6
android15-6.6-2024-09_r16,ec2a11fbaeb85df10bc3c2763e6fcf9ecd73002f,https://android.googlesource.com/kernel/common/+/refs/tags/android15-6.6-2024-09_r16,common-android15-6.6-2024-09,common-android15-6.6
android15-6.6-2024-09_r17,6b8b783d52d9554af6d5d991bf9418b0b346afaf,https://android.googlesource.com/kernel/common/+/refs/tags/android15-6.6-2024-09_r17,common-android15-6.6-2024-09,common-android15-6.6
android15-6.6-2024-09_r18,4b27ef62467febfc317c91dec3aed390e34a0b97,https://android.googlesource.com/kernel/common/+/refs/tags/android15-6.6-2024-09_r18,common-android15-6.6-2024-09,common-android15-6.6
android15-6.6-2024-09_r19,fd288f294b0ae549c0418de7d68bc06ee51ceb30,https://android.googlesource.com/kernel/common/+/refs/tags/android15-6.6-2024-09_r19,common-android15-6.6-2024-09,common-android15-6.6
android15-6.6-2024-08_r1,38d13289ab4876d6bfe77c8777b0e9279af0db79,https://android.googlesource.com/kernel/common/+/refs/tags/android15-6.6-2024-08_r1,common-android15-6.6-2024-08,common-android15-6.6
android15-6.6-2024-08_r2,cd17c109089846ea7d26564a992a2f94b42c289f,https://android.googlesource.com/kernel/common/+/refs/tags/android15-6.6-2024-08_r2,common-android15-6.6-2024-08,common-android15-6.6
android15-6.6-2024-08_r3,cdcd52e8915fa0e5234f685326185fdf75fe871a,https://android.googlesource.com/kernel/common/+/refs/tags/android15-6.6-2024-08_r3,common-android15-6.6-2024-08,common-android15-6.6
android15-6.6-2024-08_r4,82cb5c6a92bfc730cbdb7332932cdea00cfe3da3,https://android.googlesource.com/kernel/common/+/refs/tags/android15-6.6-2024-08_r4,common-android15-6.6-2024-08,common-android15-6.6
android15-6.6-2024-08_r5,94c1a24cabd5dc987132f98c4d7a7a32f2a38fef,https://android.googlesource.com/kernel/common/+/refs/tags/android15-6.6-2024-08_r5,common-android15-6.6-2024-08,common-android15-6.6
android15-6.6-2024-08_r6,02f25b80c91cf5abf216b99ded16570c8cc87dd4,https://android.googlesource.com/kernel/common/+/refs/tags/android15-6.6-2024-08_r6,common-android15-6.6-2024-08,common-android15-6.6
android15-6.6-2024-08_r7,32a68c6fb36bf09c7e9fb64af347e48d54a2a3ed,https://android.googlesource.com/kernel/common/+/refs/tags/android15-6.6-2024-08_r7,common-android15-6.6-2024-08,common-android15-6.6
android15-6.6-2024-08_r8,bdf7a8d250779d5cd602194441997e92562fd307,https://android.googlesource.com/kernel/common/+/refs/tags/android15-6.6-2024-08_r8,common-android15-6.6-2024-08,common-android15-6.6
android15-6.6-2024-08_r9,1f25ee90067238e00131d171a5218d108544b85c,https://android.googlesource.com/kernel/common/+/refs/tags/android15-6.6-2024-08_r9,common-android15-6.6-2024-08,common-android15-6.6
android15-6.6-2024-08_r10,3ca020acb40ce29b0553fe5d93af6c7d0091f360,https://android.googlesource.com/kernel/common/+/refs/tags/android15-6.6-2024-08_r10,common-android15-6.6-2024-08,common-android15-6.6
android15-6.6-2024-08_r11,3883774301afca050e47c8c864fcdc74ee0116ea,https://android.googlesource.com/kernel/common/+/refs/tags/android15-6.6-2024-08_r11,common-android15-6.6-2024-08,common-android15-6.6
android15-6.6-2024-08_r12,2ce0956bf92bce702d8551aa2622bc4788226fb8,https://android.googlesource.com/kernel/common/+/refs/tags/android15-6.6-2024-08_r12,common-android15-6.6-2024-08,common-android15-6.6
android15-6.6-2024-08_r13,44ce1402cfdd893eda4c2e271939487ab3dd88f5,https://android.googlesource.com/kernel/common/+/refs/tags/android15-6.6-2024-08_r13,common-android15-6.6-2024-08,common-android15-6.6
android15-6.6-2024-08_r14,12ed656e48838b7f9c5e03da0adcf9b1dab01bdf,https://android.googlesource.com/kernel/common/+/refs/tags/android15-6.6-2024-08_r14,common-android15-6.6-2024-08,common-android15-6.6
android15-6.6-2024-08_r15,4f9e79e2e9287b983d42924d875a6ef14203038f,https://android.googlesource.com/kernel/common/+/refs/tags/android15-6.6-2024-08_r15,common-android15-6.6-2024-08,common-android15-6.6
android15-6.6-2024-08_r16,bedfb26fe38102d5475df563ee8b5e13051f3f69,https://android.googlesource.com/kernel/common/+/refs/tags/android15-6.6-2024-08_r16,common-android15-6.6-2024-08,common-android15-6.6
android15-6.6-2024-08_r17,d7a871eba99045659ee02df78bea402e7ef01674,https://android.googlesource.com/kernel/common/+/refs/tags/android15-6.6-2024-08_r17,common-android15-6.6-2024-08,common-android15-6.6
android15-6.6-2024-08_r18,791020a05b3a378f205d73a45a76615a251999be,https://android.googlesource.com/kernel/common/+/refs/tags/android15-6.6-2024-08_r18,common-android15-6.6-2024-08,common-android15-6.6
android15-6.6-2024-08_r19,faed7bada3879a3dd3fbe892c022b879de3fb1bc,https://android.googlesource.com/kernel/common/+/refs/tags/android15-6.6-2024-08_r19,common-android15-6.6-2024-08,common-android15-6.6
android15-6.6-2024-08_r20,197bb3c0d3e6d5c7feeb3d0c2be916f328e955a8,https://android.googlesource.com/kernel/common/+/refs/tags/android15-6.6-2024-08_r20,common-android15-6.6-2024-08,common-android15-6.6
android15-6.6-2024-08_r21,cd3677c6689544ec5e9b0986840fb52928e17b2d,https://android.googlesource.com/kernel/common/+/refs/tags/android15-6.6-2024-08_r21,common-android15-6.6-2024-08,common-android15-6.6
android15-6.6-2024-08_r22,50685b7b475514cb74178eb81180a6c89abcec75,https://android.googlesource.com/kernel/common/+/refs/tags/android15-6.6-2024-08_r22,common-android15-6.6-2024-08,common-android15-6.6
android15-6.6-2024-08_r23,09d40a69d413ba45e47b07321cea58edd456ecbb,https://android.googlesource.com/kernel/common/+/refs/tags/android15-6.6-2024-08_r23,common-android15-6.6-2024-08,common-android15-6.6
android15-6.6-2024-08_r24,9cea4dc20452a198181f026002b5d5af6029010d,https://android.googlesource.com/kernel/common/+/refs/tags/android15-6.6-2024-08_r24,common-android15-6.6-2024-08,common-android15-6.6
android15-6.6-2024-08_r25,b7808cab8245ffcd2442cf4f032d42e5c5e9ac8f,https://android.googlesource.com/kernel/common/+/refs/tags/android15-6.6-2024-08_r25,common-android15-6.6-2024-08,common-android15-6.6
android15-6.6-2024-08_r26,d44295c46306b7109f08d893e8151f856e9fce84,https://android.googlesource.com/kernel/common/+/refs/tags/android15-6.6-2024-08_r26,common-android15-6.6-2024-08,common-android15-6.6
android15-6.6-2024-08_r27,fbef2c147a6e05ee9fbe1959b9628c2e20d6988b,https://android.googlesource.com/kernel/common/+/refs/tags/android15-6.6-2024-08_r27,common-android15-6.6-2024-08,common-android15-6.6
android15-6.6-2024-08_r28,a7bab4f07c08d28d6f987f3ce772cd41f8894cfa,https://android.googlesource.com/kernel/common/+/refs/tags/android15-6.6-2024-08_r28,common-android15-6.6-2024-08,common-android15-6.6
android15-6.6-2024-08_r29,39ed13d1a2f069c1d70ef52c6ddc7aea4532795d,https://android.googlesource.com/kernel/common/+/refs/tags/android15-6.6-2024-08_r29,common-android15-6.6-2024-08,common-android15-6.6
android15-6.6-2024-08_r30,c338a81f088c4205f15fa790ce3e78fab4c54b6e,https://android.googlesource.com/kernel/common/+/refs/tags/android15-6.6-2024-08_r30,common-android15-6.6-2024-08,common-android15-6.6
android15-6.6-2024-08_r31,1ae35da6db0eeea9d2e462e89f5a1fb00ab5d9f4,https://android.googlesource.com/kernel/common/+/refs/tags/android15-6.6-2024-08_r31,common-android15-6.6-2024-08,common-android15-6.6
android15-6.6-2024-08_r32,dfb93959547c5ce5d86e5e821d7038928c03433d,https://android.googlesource.com/kernel/common/+/refs/tags/android15-6.6-2024-08_r32,common-android15-6.6-2024-08,common-android15-6.6
android15-6.6-2024-08_r33,67ad2269650608bff997da8b2263dccd6fbcd5f2,https://android.googlesource.com/kernel/common/+/refs/tags/android15-6.6-2024-08_r33,common-android15-6.6-2024-08,common-android15-6.6
android15-6.6-2024-08_r34,9718ab1e10c7fd2bd5d8b596486737d54e75d460,https://android.googlesource.com/kernel/common/+/refs/tags/android15-6.6-2024-08_r34,common-android15-6.6-2024-08,common-android15-6.6
android15-6.6-2024-08_r35,4fe769f2a398c2bcf1142716f86cd548948b241e,https://android.googlesource.com/kernel/common/+/refs/tags/android15-6.6-2024-08_r35,common-android15-6.6-2024-08,common-android15-6.6
android15-6.6-2024-08_r36,5e3272bc3ed8c598af7c028d443f3271abfb8e21,https://android.googlesource.com/kernel/common/+/refs/tags/android15-6.6-2024-08_r36,common-android15-6.6-2024-08,common-android15-6.6
android15-6.6-2024-08_r37,c19d5d1988e46b1dd51f7d095711c3f12c333261,https://android.googlesource.com/kernel/common/+/refs/tags/android15-6.6-2024-08_r37,common-android15-6.6-2024-08,common-android15-6.6
android15-6.6-2024-08_r38,865f136009231325e09ef46ad90514ce95dcc7f0,https://android.googlesource.com/kernel/common/+/refs/tags/android15-6.6-2024-08_r38,common-android15-6.6-2024-08,common-android15-6.6
android15-6.6-2024-08_r39,de56925b0007f4ea1d5f99e7a5059a4f0e47253b,https://android.googlesource.com/kernel/common/+/refs/tags/android15-6.6-2024-08_r39,common-android15-6.6-2024-08,common-android15-6.6
android15-6.6-2024-08_r40,8ebc10454d16bbe56de7d97811d1236f0814bbc8,https://android.googlesource.com/kernel/common/+/refs/tags/android15-6.6-2024-08_r40,common-android15-6.6-2024-08,common-android15-6.6
android15-6.6-2024-08_r41,693e79deeb28e467e33df2b6725b383c0554c37d,https://android.googlesource.com/kernel/common/+/refs/tags/android15-6.6-2024-08_r41,common-android15-6.6-2024-08,common-android15-6.6
android15-6.6-2024-08_r42,2f01cebe885f0fe25639da84be66dc34e45707f3,https://android.googlesource.com/kernel/common/+/refs/tags/android15-6.6-2024-08_r42,common-android15-6.6-2024-08,common-android15-6.6
android15-6.6-2024-08_r44,0bcdeff61b32652de5231a6dc2c4933f45477be2,https://android.googlesource.com/kernel/common/+/refs/tags/android15-6.6-2024-08_r44,common-android15-6.6-2024-08,common-android15-6.6
android15-6.6-2024-08_r45,0ce6599d94c589b82e6154980ca6133b67a645e1,https://android.googlesource.com/kernel/common/+/refs/tags/android15-6.6-2024-08_r45,common-android15-6.6-2024-08,common-android15-6.6
android15-6.6-2024-08_r46,2f52c6c02c8918102277e175d1bf9e9ce99a4e5d,https://android.googlesource.com/kernel/common/+/refs/tags/android15-6.6-2024-08_r46,common-android15-6.6-2024-08,common-android15-6.6
android15-6.6-2024-08_r47,b074688ecd16ce2471b1f3da0b45dd90b0cdfb89,https://android.googlesource.com/kernel/common/+/refs/tags/android15-6.6-2024-08_r47,common-android15-6.6-2024-08,common-android15-6.6
android15-6.6-2024-08_r48,da98a775412ffeed83a0cea3219424d5abd6bf29,https://android.googlesource.com/kernel/common/+/refs/tags/android15-6.6-2024-08_r48,common-android15-6.6-2024-08,common-android15-6.6
android15-6.6-2024-08_r49,1d28a50625976162d6eb18b6459e272a4a9a5536,https://android.googlesource.com/kernel/common/+/refs/tags/android15-6.6-2024-08_r49,common-android15-6.6-2024-08,common-android15-6.6
android15-6.6-2024-08_r50,146965d1af40a5140b45ffb30298d6316ee8ff14,https://android.googlesource.com/kernel/common/+/refs/tags/android15-6.6-2024-08_r50,common-android15-6.6-2024-08,common-android15-6.6
android15-6.6-2024-08_r51,92b8d3f083c3855443643c35d824e1b337ceff9c,https://android.googlesource.com/kernel/common/+/refs/tags/android15-6.6-2024-08_r51,common-android15-6.6-2024-08,common-android15-6.6
android15-6.6-2024-08_r52,26c98687aff383f3af3488fe844b8b3b49bcbc72,https://android.googlesource.com/kernel/common/+/refs/tags/android15-6.6-2024-08_r52,common-android15-6.6-2024-08,common-android15-6.6
android15-6.6-2024-08_r54,7c12a3b0faaa439ac2db84084d31e5558bc32dcc,https://android.googlesource.com/kernel/common/+/refs/tags/android15-6.6-2024-08_r54,common-android15-6.6-2024-08,common-android15-6.6
android15-6.6-2024-08_r55,aa478a146f56978e19a4cf58b430e508a5b03a3e,https://android.googlesource.com/kernel/common/+/refs/tags/android15-6.6-2024-08_r55,common-android15-6.6-2024-08,common-android15-6.6
android15-6.6-2024-08_r56,b64c8a8cf865a837d7b16f8d32f56de627f77976,https://android.googlesource.com/kernel/common/+/refs/tags/android15-6.6-2024-08_r56,common-android15-6.6-2024-08,common-android15-6.6
android15-6.6-2024-07_r1,ef43fde2fd933ef8332fbd9edabd5f4cfe232df6,https://android.googlesource.com/kernel/common/+/refs/tags/android15-6.6-2024-07_r1,common-android15-6.6-2024-07,common-android15-6.6
android15-6.6-2024-07_r2,31aadc277881d22a78a44bbf6861688f46b61e23,https://android.googlesource.com/kernel/common/+/refs/tags/android15-6.6-2024-07_r2,common-android15-6.6-2024-07,common-android15-6.6
android15-6.6-2024-07_r3,1eabddbc438bc7af7681fc4cd5042e806509fb47,https://android.googlesource.com/kernel/common/+/refs/tags/android15-6.6-2024-07_r3,common-android15-6.6-2024-07,common-android15-6.6
android15-6.6-2024-07_r4,b9ae58f6ed0f02b59875ca5f8405e299ca407d9f,https://android.googlesource.com/kernel/common/+/refs/tags/android15-6.6-2024-07_r4,common-android15-6.6-2024-07,common-android15-6.6
android15-6.6-2024-07_r5,43cba4293b871c0cda452bf9e5667d9cc2a07632,https://android.googlesource.com/kernel/common/+/refs/tags/android15-6.6-2024-07_r5,common-android15-6.6-2024-07,common-android15-6.6
android15-6.6-2024-07_r6,486d13816a704d17e527a9bf8007d752118ba4d6,https://android.googlesource.com/kernel/common/+/refs/tags/android15-6.6-2024-07_r6,common-android15-6.6-2024-07,common-android15-6.6
android15-6.6-2024-07_r7,22ffb0ec73999e95f821894a83a7a4ac71b04951,https://android.googlesource.com/kernel/common/+/refs/tags/android15-6.6-2024-07_r7,common-android15-6.6-2024-07,common-android15-6.6
android15-6.6-2024-07_r8,d1046f3ba9061175ee28550f76ede990bab6e018,https://android.googlesource.com/kernel/common/+/refs/tags/android15-6.6-2024-07_r8,common-android15-6.6-2024-07,common-android15-6.6
android15-6.6-2024-07_r9,c0245077afb05f7f5edaed1781ef1d0de2a6524b,https://android.googlesource.com/kernel/common/+/refs/tags/android15-6.6-2024-07_r9,common-android15-6.6-2024-07,common-android15-6.6
android15-6.6-2024-07_r10,20e180e7598e7ea434c0844282bc1bcd32cbb1bd,https://android.googlesource.com/kernel/common/+/refs/tags/android15-6.6-2024-07_r10,common-android15-6.6-2024-07,common-android15-6.6
android15-6.6-2024-07_r11,303d53683f39a0b405066d18718cdde0da641178,https://android.googlesource.com/kernel/common/+/refs/tags/android15-6.6-2024-07_r11,common-android15-6.6-2024-07,common-android15-6.6
android15-6.6-2024-07_r12,f2c5962032e546ed44515f347957be4d080acd5d,https://android.googlesource.com/kernel/common/+/refs/tags/android15-6.6-2024-07_r12,common-android15-6.6-2024-07,common-android15-6.6
android15-6.6-2024-07_r13,2f0091fec17af23d5fdece3cfa9fdd9dfe01f5c7,https://android.googlesource.com/kernel/common/+/refs/tags/android15-6.6-2024-07_r13,common-android15-6.6-2024-07,common-android15-6.6
android15-6.6-2024-07_r14,244787ef36dfd2fed629be33fdce64a032828847,https://android.googlesource.com/kernel/common/+/refs/tags/android15-6.6-2024-07_r14,common-android15-6.6-2024-07,common-android15-6.6
android15-6.6-2024-07_r15,6c5c64ac84c856648cb93484ca2aabef4096721d,https://android.googlesource.com/kernel/common/+/refs/tags/android15-6.6-2024-07_r15,common-android15-6.6-2024-07,common-android15-6.6
android15-6.6-2024-07_r16,9d8035ad74570f280cc44b02285279cba427b042,https://android.googlesource.com/kernel/common/+/refs/tags/android15-6.6-2024-07_r16,common-android15-6.6-2024-07,common-android15-6.6
android15-6.6-2024-07_r17,865edf73c264dee48602e131371f2115373cb48d,https://android.googlesource.com/kernel/common/+/refs/tags/android15-6.6-2024-07_r17,common-android15-6.6-2024-07,common-android15-6.6
android15-6.6-2024-07_r18,971a4bd7c7c0d3aa580b119c6f2ab7daa1857a34,https://android.googlesource.com/kernel/common/+/refs/tags/android15-6.6-2024-07_r18,common-android15-6.6-2024-07,common-android15-6.6
android15-6.6-2024-07_r19,6dd183b655c65f13b69b52ca956ed04bf6872668,https://android.googlesource.com/kernel/common/+/refs/tags/android15-6.6-2024-07_r19,common-android15-6.6-2024-07,common-android15-6.6
android15-6.6-2024-07_r20,da819822318e60a31328e4d4bdc73b2e9b9e3b56,https://android.googlesource.com/kernel/common/+/refs/tags/android15-6.6-2024-07_r20,common-android15-6.6-2024-07,common-android15-6.6
android15-6.6-2024-07_r21,66b7f683d624c8e5eb6e640f40d034caef657eb7,https://android.googlesource.com/kernel/common/+/refs/tags/android15-6.6-2024-07_r21,common-android15-6.6-2024-07,common-android15-6.6
android15-6.6-2024-07_r22,a403eb23968644654f7224f866c14074c62a1549,https://android.googlesource.com/kernel/common/+/refs/tags/android15-6.6-2024-07_r22,common-android15-6.6-2024-07,common-android15-6.6
android15-6.6-2024-07_r23,e7badd7dc6c5f9822f8c1b14bdeb75e7881223ea,https://android.googlesource.com/kernel/common/+/refs/tags/android15-6.6-2024-07_r23,common-android15-6.6-2024-07,common-android15-6.6
android15-6.6-2024-07_r24,f42ab315c5119a6d6acff029e0794889c089964a,https://android.googlesource.com/kernel/common/+/refs/tags/android15-6.6-2024-07_r24,common-android15-6.6-2024-07,common-android15-6.6
android15-6.6-2024-07_r25,94048eb79c56eb76d57b9f450ea12fe0d4dca106,https://android.googlesource.com/kernel/common/+/refs/tags/android15-6.6-2024-07_r25,common-android15-6.6-2024-07,common-android15-6.6
android15-6.6-2024-07_r26,0e4e24d2d9c26061ad46f57b8fbb636665766382,https://android.googlesource.com/kernel/common/+/refs/tags/android15-6.6-2024-07_r26,common-android15-6.6-2024-07,common-android15-6.6
android15-6.6-2024-07_r27,e2826d82c4fc4a0e06086f4cac6fd6d43dc814ab,https://android.googlesource.com/kernel/common/+/refs/tags/android15-6.6-2024-07_r27,common-android15-6.6-2024-07,common-android15-6.6
android15-6.6-2024-07_r28,c6f5283046c61055452bdd5caa6661adaf5640e2,https://android.googlesource.com/kernel/common/+/refs/tags/android15-6.6-2024-07_r28,common-android15-6.6-2024-07,common-android15-6.6
android15-6.6-2024-07_r29,54dcbfbef792fe56756fa60d5f10395a958ac2f1,https://android.googlesource.com/kernel/common/+/refs/tags/android15-6.6-2024-07_r29,common-android15-6.6-2024-07,common-android15-6.6
android15-6.6-2024-07_r30,28b9d508133cb40052bd633b00ec9ee9e3343d3e,https://android.googlesource.com/kernel/common/+/refs/tags/android15-6.6-2024-07_r30,common-android15-6.6-2024-07,common-android15-6.6
android15-6.6-2024-07_r31,aa4c6cfbf3b6dd899ff8c280f3e38bd4e2df0260,https://android.googlesource.com/kernel/common/+/refs/tags/android15-6.6-2024-07_r31,common-android15-6.6-2024-07,common-android15-6.6
android15-6.6-2024-07_r32,c26add064f661c9987b7d3c07312928e75906fef,https://android.googlesource.com/kernel/common/+/refs/tags/android15-6.6-2024-07_r32,common-android15-6.6-2024-07,common-android15-6.6
android15-6.6-2024-07_r33,03734e3049cb742786c513ab957f180cde305c9e,https://android.googlesource.com/kernel/common/+/refs/tags/android15-6.6-2024-07_r33,common-android15-6.6-2024-07,common-android15-6.6
android15-6.6-2024-07_r34,df33520db75ea4abae8f8ec02985abfb639c31a6,https://android.googlesource.com/kernel/common/+/refs/tags/android15-6.6-2024-07_r34,common-android15-6.6-2024-07,common-android15-6.6
android15-6.6-2024-07_r35,85115da1ece529879a6af46c6efa622eb732a284,https://android.googlesource.com/kernel/common/+/refs/tags/android15-6.6-2024-07_r35,common-android15-6.6-2024-07,common-android15-6.6
android15-6.6-2024-07_r36,744908f4c1c9beb444f6588f493adba0b7a37251,https://android.googlesource.com/kernel/common/+/refs/tags/android15-6.6-2024-07_r36,common-android15-6.6-2024-07,common-android15-6.6
android15-6.6-2024-07_r37,c0e6604742e4b0b88b29d9d2877697bb8d3367a4,https://android.googlesource.com/kernel/common/+/refs/tags/android15-6.6-2024-07_r37,common-android15-6.6-2024-07,common-android15-6.6
android15-6.6-2024-07_r38,f5e3cf94d215ce3c7fffe2c88c801d6baf93f364,https://android.googlesource.com/kernel/common/+/refs/tags/android15-6.6-2024-07_r38,common-android15-6.6-2024-07,common-android15-6.6
android15-6.6-2024-07_r39,47851c83277ae8ea5a6a92402c1cc058408d9601,https://android.googlesource.com/kernel/common/+/refs/tags/android15-6.6-2024-07_r39,common-android15-6.6-2024-07,common-android15-6.6
android15-6.6-2024-07_r40,9e9f583446a07e9e1eb4138569b1646072d901db,https://android.googlesource.com/kernel/common/+/refs/tags/android15-6.6-2024-07_r40,common-android15-6.6-2024-07,common-android15-6.6
android15-6.6-2024-07_r41,2a45e9b2a709dbdf6b2613809972c54d89fda992,https://android.googlesource.com/kernel/common/+/refs/tags/android15-6.6-2024-07_r41,common-android15-6.6-2024-07,common-android15-6.6
android15-6.6-2024-07_r42,6b3fb16c4e7d5a9f4e6d99e8ed6fcb2b12476097,https://android.googlesource.com/kernel/common/+/refs/tags/android15-6.6-2024-07_r42,common-android15-6.6-2024-07,common-android15-6.6
android15-6.6-2024-07_r43,b5f0c188ea2ac61175efb52be448e6040fe5e430,https://android.googlesource.com/kernel/common/+/refs/tags/android15-6.6-2024-07_r43,common-android15-6.6-2024-07,common-android15-6.6
android15-6.6-2024-07_r44,5a77d6f579b9c5aaf05defb0a5f6f4a51cda4440,https://android.googlesource.com/kernel/common/+/refs/tags/android15-6.6-2024-07_r44,common-android15-6.6-2024-07,common-android15-6.6
android15-6.6-2024-07_r45,84ab0ab51ef19aef1d0dc8ef46e50f42d1988c21,https://android.googlesource.com/kernel/common/+/refs/tags/android15-6.6-2024-07_r45,common-android15-6.6-2024-07,common-android15-6.6
android15-6.6-2024-07_r46,7e556a09b5ffe7f564a15d17667c121cfa497296,https://android.googlesource.com/kernel/common/+/refs/tags/android15-6.6-2024-07_r46,common-android15-6.6-2024-07,common-android15-6.6
android15-6.6-2024-07_r47,328e5b1c3ce5bb5f768101bccd812ce7a99249f2,https://android.googlesource.com/kernel/common/+/refs/tags/android15-6.6-2024-07_r47,common-android15-6.6-2024-07,common-android15-6.6
android15-6.6-2024-07_r48,9d94daa481da236a27f3d7a6135318f56a7d613a,https://android.googlesource.com/kernel/common/+/refs/tags/android15-6.6-2024-07_r48,common-android15-6.6-2024-07,common-android15-6.6
android15-6.6-2024-07_r49,7dbf216ee3a1208e78b494883276c11b5236e435,https://android.googlesource.com/kernel/common/+/refs/tags/android15-6.6-2024-07_r49,common-android15-6.6-2024-07,common-android15-6.6
android15-6.6-2024-07_r50,0261dbe3cf7eec0f200688883660aa7324b2715c,https://android.googlesource.com/kernel/common/+/refs/tags/android15-6.6-2024-07_r50,common-android15-6.6-2024-07,common-android15-6.6
android15-6.6-2024-07_r51,56f9524966d9220a3f67a5dfe2fcdf85418d7099,https://android.googlesource.com/kernel/common/+/refs/tags/android15-6.6-2024-07_r51,common-android15-6.6-2024-07,common-android15-6.6
android15-6.6-2024-07_r52,26200584263947759af1ca37020fe5b3bfb9b55c,https://android.googlesource.com/kernel/common/+/refs/tags/android15-6.6-2024-07_r52,common-android15-6.6-2024-07,common-android15-6.6
android15-6.6-2024-07_r53,b382ea8705e4361c6510460f71d534db14559a3d,https://android.googlesource.com/kernel/common/+/refs/tags/android15-6.6-2024-07_r53,common-android15-6.6-2024-07,common-android15-6.6
android15-6.6-2024-07_r54,a8ba4b02b4e12dd23378a631d2497ea2343b9a79,https://android.googlesource.com/kernel/common/+/refs/tags/android15-6.6-2024-07_r54,common-android15-6.6-2024-07,common-android15-6.6
android15-6.6-2024-07_r55,2358db8005568e7bde550275d4ea2fa8d518fefb,https://android.googlesource.com/kernel/common/+/refs/tags/android15-6.6-2024-07_r55,common-android15-6.6-2024-07,common-android15-6.6
android15-6.6-2024-07_r56,b916f4b58a3feb3ab79d1df6ca8248870ce1cc8d,https://android.googlesource.com/kernel/common/+/refs/tags/android15-6.6-2024-07_r56,common-android15-6.6-2024-07,common-android15-6.6
android15-6.6-2024-07_r57,d3735b22dfcf126154585b446e12214ba455ad05,https://android.googlesource.com/kernel/common/+/refs/tags/android15-6.6-2024-07_r57,common-android15-6.6-2024-07,common-android15-6.6
android15-6.6-2024-07_r58,3d3c828c913aa455370fbea5c11634cc81bf9111,https://android.googlesource.com/kernel/common/+/refs/tags/android15-6.6-2024-07_r58,common-android15-6.6-2024-07,common-android15-6.6
android15-6.6-2024-07_r59,c5bb31908c12dfded18679d8b4a6633c1c073bce,https://android.googlesource.com/kernel/common/+/refs/tags/android15-6.6-2024-07_r59,common-android15-6.6-2024-07,common-android15-6.6
android16-6.12-2025-12_r1,67fe3c9df146f5752b3cd5c69c8e0460221a8018,https://android.googlesource.com/kernel/common/+/refs/tags/android16-6.12-2025-12_r1,common-android16-6.12-2025-12,common-android16-6.12
android16-6.12-2025-12_r2,2f3054161cdd6f1c7a3f205a60e538b7f022f602,https://android.googlesource.com/kernel/common/+/refs/tags/android16-6.12-2025-12_r2,common-android16-6.12-2025-12,common-android16-6.12
android16-6.12-2025-12_r3,1cec532ddb42eac6a194594d3dd00c14de1f01bd,https://android.googlesource.com/kernel/common/+/refs/tags/android16-6.12-2025-12_r3,common-android16-6.12-2025-12,common-android16-6.12
android16-6.12-2025-12_r4,9d28e2e87840c4373b4bfa2583135a6c729e4d22,https://android.googlesource.com/kernel/common/+/refs/tags/android16-6.12-2025-12_r4,common-android16-6.12-2025-12,common-android16-6.12
android16-6.12-2025-12_r5,a2bc6533e6cc289203eaf3d879c1b485dce2cbef,https://android.googlesource.com/kernel/common/+/refs/tags/android16-6.12-2025-12_r5,common-android16-6.12-2025-12,common-android16-6.12
android16-6.12-2025-12_r6,18b5071694060bb2edd09a131273d140e54164be,https://android.googlesource.com/kernel/common/+/refs/tags/android16-6.12-2025-12_r6,common-android16-6.12-2025-12,common-android16-6.12
android16-6.12-2025-12_r7,d4b665cdd41c28dd83ca6b7584ab426801743c5f,https://android.googlesource.com/kernel/common/+/refs/tags/android16-6.12-2025-12_r7,common-android16-6.12-2025-12,common-android16-6.12
android16-6.12-2025-12_r8,9a2cfca3a3ae9f9236831b8c0f7357c162d12208,https://android.googlesource.com/kernel/common/+/refs/tags/android16-6.12-2025-12_r8,common-android16-6.12-2025-12,common-android16-6.12
android16-6.12-2025-12_r9,abc0092ca32c38a9456ea688ad5b1846e690e17a,https://android.googlesource.com/kernel/common/+/refs/tags/android16-6.12-2025-12_r9,common-android16-6.12-2025-12,common-android16-6.12
android16-6.12-2025-12_r10,ad42c2c87d3ba0738b5f95fd155f19eb0d9d23e2,https://android.googlesource.com/kernel/common/+/refs/tags/android16-6.12-2025-12_r10,common-android16-6.12-2025-12,common-android16-6.12
android16-6.12-2025-12_r11,3608ee4e4eb8d169d115b917ed068bc5ac1b84b8,https://android.googlesource.com/kernel/common/+/refs/tags/android16-6.12-2025-12_r11,common-android16-6.12-2025-12,common-android16-6.12
android16-6.12-2025-12_r12,68975f170b906f5a8dd4c950e4f3ae21e5351623,https://android.googlesource.com/kernel/common/+/refs/tags/android16-6.12-2025-12_r12,common-android16-6.12-2025-12,common-android16-6.12
android16-6.12-2025-12_r13,ab85202f57cf607b65c0df3b712608e0497052ad,https://android.googlesource.com/kernel/common/+/refs/tags/android16-6.12-2025-12_r13,common-android16-6.12-2025-12,common-android16-6.12
android16-6.12-2025-12_r14,fe80848fd5caf84652f7a388af4454022c5a9095,https://android.googlesource.com/kernel/common/+/refs/tags/android16-6.12-2025-12_r14,common-android16-6.12-2025-12,common-android16-6.12
android16-6.12-2025-12_r15,1b5cab8582c6c85524e766ccbe5b4ac425a3badf,https://android.googlesource.com/kernel/common/+/refs/tags/android16-6.12-2025-12_r15,common-android16-6.12-2025-12,common-android16-6.12
android16-6.12-2025-12_r17,0f3eaab03b73a4c53ad68285e049a7f38f90d652,https://android.googlesource.com/kernel/common/+/refs/tags/android16-6.12-2025-12_r17,common-android16-6.12-2025-12,common-android16-6.12
android16-6.12-2025-12_r18,b0db7303999ab85299677bd8bb5c75853762e863,https://android.googlesource.com/kernel/common/+/refs/tags/android16-6.12-2025-12_r18,common-android16-6.12-2025-12,common-android16-6.12
android16-6.12-2025-12_r20,ccafb60de224d35a8bc14de33e1cd47caaaa786b,https://android.googlesource.com/kernel/common/+/refs/tags/android16-6.12-2025-12_r20,common-android16-6.12-2025-12,common-android16-6.12
android16-6.12-2025-12_r21,ac0cd93c480a6a0a351cb96a1089fe3c7256c7ad,https://android.googlesource.com/kernel/common/+/refs/tags/android16-6.12-2025-12_r21,common-android16-6.12-2025-12,common-android16-6.12
android16-6.12-2025-09_r1,efe70d86de873c3b4d76fdd8e6ef37ffa3a1c4c4,https://android.googlesource.com/kernel/common/+/refs/tags/android16-6.12-2025-09_r1,common-android16-6.12-2025-09,common-android16-6.12
android16-6.12-2025-09_r2,c3f2dd67c468527acc7d97d503d4991fb33eec5a,https://android.googlesource.com/kernel/common/+/refs/tags/android16-6.12-2025-09_r2,common-android16-6.12-2025-09,common-android16-6.12
android16-6.12-2025-09_r3,b9e1e77593f9c013af3c3eaeb2a6b0d819d280b0,https://android.googlesource.com/kernel/common/+/refs/tags/android16-6.12-2025-09_r3,common-android16-6.12-2025-09,common-android16-6.12
android16-6.12-2025-09_r5,8c67d4274c0a58ffc653d970c704dab2a2e435c9,https://android.googlesource.com/kernel/common/+/refs/tags/android16-6.12-2025-09_r5,common-android16-6.12-2025-09,common-android16-6.12
android16-6.12-2025-09_r6,46f9c66e9fddc7f323fbec4081d199f5e4efbce9,https://android.googlesource.com/kernel/common/+/refs/tags/android16-6.12-2025-09_r6,common-android16-6.12-2025-09,common-android16-6.12
android16-6.12-2025-09_r8,b575a0b6e6473964ce34c8c826208c18ca54c498,https://android.googlesource.com/kernel/common/+/refs/tags/android16-6.12-2025-09_r8,common-android16-6.12-2025-09,common-android16-6.12
android16-6.12-2025-09_r10,f1e6a514849029d33de62b2da052e6f6d7284d25,https://android.googlesource.com/kernel/common/+/refs/tags/android16-6.12-2025-09_r10,common-android16-6.12-2025-09,common-android16-6.12
android16-6.12-2025-09_r11,c6f1d967546daeefe825ba927fd1840515457f60,https://android.googlesource.com/kernel/common/+/refs/tags/android16-6.12-2025-09_r11,common-android16-6.12-2025-09,common-android16-6.12
android16-6.12-2025-09_r12,e1b7f2c3c5bdb42b8083b0199de89b1b155e9daf,https://android.googlesource.com/kernel/common/+/refs/tags/android16-6.12-2025-09_r12,common-android16-6.12-2025-09,common-android16-6.12
android16-6.12-2025-09_r13,66d72b047d06d45c8a8d90eca9db5389f9cbd271,https://android.googlesource.com/kernel/common/+/refs/tags/android16-6.12-2025-09_r13,common-android16-6.12-2025-09,common-android16-6.12
android16-6.12-2025-09_r14,098c98c93c7c0f286bad4ac27a39230d308b205b,https://android.googlesource.com/kernel/common/+/refs/tags/android16-6.12-2025-09_r14,common-android16-6.12-2025-09,common-android16-6.12
android16-6.12-2025-09_r15,74ad4605221549423a507537bdd3503ee11d38e2,https://android.googlesource.com/kernel/common/+/refs/tags/android16-6.12-2025-09_r15,common-android16-6.12-2025-09,common-android16-6.12
android16-6.12-2025-09_r16,be6292a1543da26f65e4e0538e5538e83c664c47,https://android.googlesource.com/kernel/common/+/refs/tags/android16-6.12-2025-09_r16,common-android16-6.12-2025-09,common-android16-6.12
android16-6.12-2025-09_r17,844001fb8721c3ee305f17a51628744997f787a0,https://android.googlesource.com/kernel/common/+/refs/tags/android16-6.12-2025-09_r17,common-android16-6.12-2025-09,common-android16-6.12
android16-6.12-2025-09_r18,664cf6f08da637d184ba4d36b299b1fdc5ae7dc0,https://android.googlesource.com/kernel/common/+/refs/tags/android16-6.12-2025-09_r18,common-android16-6.12-2025-09,common-android16-6.12
android16-6.12-2025-09_r19,48e14edb7739412123f814f9bb148ea2100a844f,https://android.googlesource.com/kernel/common/+/refs/tags/android16-6.12-2025-09_r19,common-android16-6.12-2025-09,common-android16-6.12
android16-6.12-2025-09_r20,c7331b1c7e46d01561e731f80fd258feb217ca74,https://android.googlesource.com/kernel/common/+/refs/tags/android16-6.12-2025-09_r20,common-android16-6.12-2025-09,common-android16-6.12
android16-6.12-2025-09_r21,0c2f97f9c1dfdcf72e8e5c56eb3a2b79df6863c8,https://android.googlesource.com/kernel/common/+/refs/tags/android16-6.12-2025-09_r21,common-android16-6.12-2025-09,common-android16-6.12
android16-6.12-2025-09_r22,414ebc6f648158d08123c3341a97c2820277bcde,https://android.googlesource.com/kernel/common/+/refs/tags/android16-6.12-2025-09_r22,common-android16-6.12-2025-09,common-android16-6.12
android16-6.12-2025-09_r23,caefa63e005eb13fb79f20c36ba1505a5506d9a5,https://android.googlesource.com/kernel/common/+/refs/tags/android16-6.12-2025-09_r23,common-android16-6.12-2025-09,common-android16-6.12
android16-6.12-2025-09_r24,a116bd9b14dfe06ee74495ce8ea8140ba70dae82,https://android.googlesource.com/kernel/common/+/refs/tags/android16-6.12-2025-09_r24,common-android16-6.12-2025-09,common-android16-6.12
android16-6.12-2025-09_r26,665eafb626594d05d211fe351fc0cd2a10f233e3,https://android.googlesource.com/kernel/common/+/refs/tags/android16-6.12-2025-09_r26,common-android16-6.12-2025-09,common-android16-6.12
android16-6.12-2025-09_r27,46c82cca3818ea70efcbe62840729ef313c95635,https://android.googlesource.com/kernel/common/+/refs/tags/android16-6.12-2025-09_r27,common-android16-6.12-2025-09,common-android16-6.12
android16-6.12-2025-08_r1,3c4da6410bcbca1c8cb12e7e65d8b531f7873152,https://android.googlesource.com/kernel/common/+/refs/tags/android16-6.12-2025-08_r1,common-android16-6.12-2025-08,common-android16-6.12
android16-6.12-2025-08_r2,d26f7ad68fa0bdf9eb2cd279e3c3be89bdd78ebb,https://android.googlesource.com/kernel/common/+/refs/tags/android16-6.12-2025-08_r2,common-android16-6.12-2025-08,common-android16-6.12
android16-6.12-2025-08_r3,e09df1e3dda48d7c55bf71effcb6726d77eaaacd,https://android.googlesource.com/kernel/common/+/refs/tags/android16-6.12-2025-08_r3,common-android16-6.12-2025-08,common-android16-6.12
android16-6.12-2025-08_r4,a7a0d7c4d3e57e58bc947355b8c95d9b956281e5,https://android.googlesource.com/kernel/common/+/refs/tags/android16-6.12-2025-08_r4,common-android16-6.12-2025-08,common-android16-6.12
android16-6.12-2025-08_r5,124c4f9800273e69bc40b2ad0d409e4860901ec1,https://android.googlesource.com/kernel/common/+/refs/tags/android16-6.12-2025-08_r5,common-android16-6.12-2025-08,common-android16-6.12
android16-6.12-2025-08_r6,5e39e9fa28ebf5496ab1ed507e4e904479cf5c16,https://android.googlesource.com/kernel/common/+/refs/tags/android16-6.12-2025-08_r6,common-android16-6.12-2025-08,common-android16-6.12
android16-6.12-2025-08_r7,dc0c24f545eeb010da6b505eac4d6d1860b0e646,https://android.googlesource.com/kernel/common/+/refs/tags/android16-6.12-2025-08_r7,common-android16-6.12-2025-08,common-android16-6.12
android16-6.12-2025-08_r8,7d305e58c5628d6a06eed587ea95da0e46ff0694,https://android.googlesource.com/kernel/common/+/refs/tags/android16-6.12-2025-08_r8,common-android16-6.12-2025-08,common-android16-6.12
android16-6.12-2025-08_r10,63bc0efb5f3cf7521bfb57ea9506e4c50a499abf,https://android.googlesource.com/kernel/common/+/refs/tags/android16-6.12-2025-08_r10,common-android16-6.12-2025-08,common-android16-6.12
android16-6.12-2025-08_r12,47a872196159191116c996ba0b13fbf1a43b28c9,https://android.googlesource.com/kernel/common/+/refs/tags/android16-6.12-2025-08_r12,common-android16-6.12-2025-08,common-android16-6.12
android16-6.12-2025-08_r13,42652f7d325ccc2b09daef4759086a7c1cddfdff,https://android.googlesource.com/kernel/common/+/refs/tags/android16-6.12-2025-08_r13,common-android16-6.12-2025-08,common-android16-6.12
android16-6.12-2025-08_r14,87af0205c61fd954b07f832c35e6f7973ad9bd3f,https://android.googlesource.com/kernel/common/+/refs/tags/android16-6.12-2025-08_r14,common-android16-6.12-2025-08,common-android16-6.12
android16-6.12-2025-08_r15,d01bd4be3dda574b0218c7dcecd2b008d3b81696,https://android.googlesource.com/kernel/common/+/refs/tags/android16-6.12-2025-08_r15,common-android16-6.12-2025-08,common-android16-6.12
android16-6.12-2025-08_r16,7aecc84c5b34a3f9659e24d74a8080e1dc19b6fd,https://android.googlesource.com/kernel/common/+/refs/tags/android16-6.12-2025-08_r16,common-android16-6.12-2025-08,common-android16-6.12
android16-6.12-2025-08_r17,bf0551247985cc64a4531c325d35ba5de1142461,https://android.googlesource.com/kernel/common/+/refs/tags/android16-6.12-2025-08_r17,common-android16-6.12-2025-08,common-android16-6.12
android16-6.12-2025-08_r18,fd0602e5e766852d31cc962bccc0d87cc7175e4b,https://android.googlesource.com/kernel/common/+/refs/tags/android16-6.12-2025-08_r18,common-android16-6.12-2025-08,common-android16-6.12
android16-6.12-2025-08_r19,16188c9444ac9af88549d1db5dfe7760418a22b7,https://android.googlesource.com/kernel/common/+/refs/tags/android16-6.12-2025-08_r19,common-android16-6.12-2025-08,common-android16-6.12
android16-6.12-2025-08_r20,f69ca77783f80e954d3d55c5c3a63a3b989bb3af,https://android.googlesource.com/kernel/common/+/refs/tags/android16-6.12-2025-08_r20,common-android16-6.12-2025-08,common-android16-6.12
android16-6.12-2025-08_r21,0de425e73a77d0038b092a0c22bf66ce368e1067,https://android.googlesource.com/kernel/common/+/refs/tags/android16-6.12-2025-08_r21,common-android16-6.12-2025-08,common-android16-6.12
android16-6.12-2025-07_r1,2c37d1fa17c34d9a52dd490f0e7667d69bb17777,https://android.googlesource.com/kernel/common/+/refs/tags/android16-6.12-2025-07_r1,common-android16-6.12-2025-07,common-android16-6.12
android16-6.12-2025-07_r2,9fa49e531e3f743ed03047739c6c68cafa6bba3f,https://android.googlesource.com/kernel/common/+/refs/tags/android16-6.12-2025-07_r2,common-android16-6.12-2025-07,common-android16-6.12
android16-6.12-2025-07_r3,1d1b9d71e64e7381661d2f14c7ef248598f21d80,https://android.googlesource.com/kernel/common/+/refs/tags/android16-6.12-2025-07_r3,common-android16-6.12-2025-07,common-android16-6.12
android16-6.12-2025-07_r4,019f39ddf84c25452d0c40ea58c394b15af7bbab,https://android.googlesource.com/kernel/common/+/refs/tags/android16-6.12-2025-07_r4,common-android16-6.12-2025-07,common-android16-6.12
android16-6.12-2025-07_r5,9e1297be31bd8e49dde1905726d8fa0a9f07fd43,https://android.googlesource.com/kernel/common/+/refs/tags/android16-6.12-2025-07_r5,common-android16-6.12-2025-07,common-android16-6.12
android16-6.12-2025-07_r6,81b9a964f9370be25ce0d4a248509068a828971b,https://android.googlesource.com/kernel/common/+/refs/tags/android16-6.12-2025-07_r6,common-android16-6.12-2025-07,common-android16-6.12
android16-6.12-2025-07_r7,6e872b4863d6dd892490c32d973db1a9df8d3710,https://android.googlesource.com/kernel/common/+/refs/tags/android16-6.12-2025-07_r7,common-android16-6.12-2025-07,common-android16-6.12
android16-6.12-2025-07_r8,5ab7db59a2521683e8595fca78c40621b498abdb,https://android.googlesource.com/kernel/common/+/refs/tags/android16-6.12-2025-07_r8,common-android16-6.12-2025-07,common-android16-6.12
android16-6.12-2025-07_r9,1ed949324a3eb741b0430e6396b22e4a8204b736,https://android.googlesource.com/kernel/common/+/refs/tags/android16-6.12-2025-07_r9,common-android16-6.12-2025-07,common-android16-6.12
android16-6.12-2025-07_r12,1750f757fabea014ecc59d327c0c9d3c15ab1e6d,https://android.googlesource.com/kernel/common/+/refs/tags/android16-6.12-2025-07_r12,common-android16-6.12-2025-07,common-android16-6.12
android16-6.12-2025-07_r13,16f2697b9f8c8ebcd03324d47bbf8fae5be3d891,https://android.googlesource.com/kernel/common/+/refs/tags/android16-6.12-2025-07_r13,common-android16-6.12-2025-07,common-android16-6.12
android16-6.12-2025-07_r14,51f284ccf3d9746d12c371a449b1b10f3d623927,https://android.googlesource.com/kernel/common/+/refs/tags/android16-6.12-2025-07_r14,common-android16-6.12-2025-07,common-android16-6.12
android16-6.12-2025-07_r15,3dc416a253392bf245374d1da8f6f4f9c4f3d554,https://android.googlesource.com/kernel/common/+/refs/tags/android16-6.12-2025-07_r15,common-android16-6.12-2025-07,common-android16-6.12
android16-6.12-2025-07_r17,61a50bd2ab96cff3fc532a92900b0024254fc5b4,https://android.googlesource.com/kernel/common/+/refs/tags/android16-6.12-2025-07_r17,common-android16-6.12-2025-07,common-android16-6.12
android16-6.12-2025-07_r18,9363533d68cc77b7615e47086863822808964d7e,https://android.googlesource.com/kernel/common/+/refs/tags/android16-6.12-2025-07_r18,common-android16-6.12-2025-07,common-android16-6.12
android16-6.12-2025-07_r19,b968059c444849476b283c7bfd2aa3254a3c584d,https://android.googlesource.com/kernel/common/+/refs/tags/android16-6.12-2025-07_r19,common-android16-6.12-2025-07,common-android16-6.12
android16-6.12-2025-07_r20,23053f9ee5471941b0525f8992b90f0ea2010c23,https://android.googlesource.com/kernel/common/+/refs/tags/android16-6.12-2025-07_r20,common-android16-6.12-2025-07,common-android16-6.12
android16-6.12-2025-07_r21,9ad16720a88a6caddb5ec7d507121bddc1be5e0b,https://android.googlesource.com/kernel/common/+/refs/tags/android16-6.12-2025-07_r21,common-android16-6.12-2025-07,common-android16-6.12
android16-6.12-2025-07_r22,e3b2afa06218d431b09d0398c25f30436e9704ed,https://android.googlesource.com/kernel/common/+/refs/tags/android16-6.12-2025-07_r22,common-android16-6.12-2025-07,common-android16-6.12
android16-6.12-2025-07_r23,5ec4eec8366dea022aad5ce7b9fa2443cc2c02be,https://android.googlesource.com/kernel/common/+/refs/tags/android16-6.12-2025-07_r23,common-android16-6.12-2025-07,common-android16-6.12
android16-6.12-2025-07_r24,ffe0aef3090eddcab37131d03b43dbe5eb13d053,https://android.googlesource.com/kernel/common/+/refs/tags/android16-6.12-2025-07_r24,common-android16-6.12-2025-07,common-android16-6.12
android16-6.12-2025-07_r25,21f1ff3e41b524225ca26aaebae87dc9753d6c80,https://android.googlesource.com/kernel/common/+/refs/tags/android16-6.12-2025-07_r25,common-android16-6.12-2025-07,common-android16-6.12
android16-6.12-2025-07_r26,b44a53314726fe30805d0d9f21c6e992ad607031,https://android.googlesource.com/kernel/common/+/refs/tags/android16-6.12-2025-07_r26,common-android16-6.12-2025-07,common-android16-6.12
android16-6.12-2025-07_r16,47e190b7f34feb555072d7eaf27557c09bec0106,https://android.googlesource.com/kernel/common/+/refs/tags/android16-6.12-2025-07_r16,common-android16-6.12-2025-07,common-android16-6.12
android16-6.12-2025-06_r1,2d954fcf3d1b73a41d0fa498324da357ec96cbdf,https://android.googlesource.com/kernel/common/+/refs/tags/android16-6.12-2025-06_r1,common-android16-6.12-2025-06,common-android16-6.12
android16-6.12-2025-06_r2,5289c9b95d9551a7747ee50749f7ea0889f9e16a,https://android.googlesource.com/kernel/common/+/refs/tags/android16-6.12-2025-06_r2,common-android16-6.12-2025-06,common-android16-6.12
android16-6.12-2025-06_r3,8d0690eed76a66fd3b5d3ad2447e82a4d2f3921e,https://android.googlesource.com/kernel/common/+/refs/tags/android16-6.12-2025-06_r3,common-android16-6.12-2025-06,common-android16-6.12
android16-6.12-2025-06_r4,fd24ac115ce61cc9712122de27ca5b7f8920a8f5,https://android.googlesource.com/kernel/common/+/refs/tags/android16-6.12-2025-06_r4,common-android16-6.12-2025-06,common-android16-6.12
android16-6.12-2025-06_r5,3b53c0b09b7eb7c12c570c44a9b3602239f05554,https://android.googlesource.com/kernel/common/+/refs/tags/android16-6.12-2025-06_r5,common-android16-6.12-2025-06,common-android16-6.12
android16-6.12-2025-06_r6,654232b6b73debc5cdf787436479b1ceda496b57,https://android.googlesource.com/kernel/common/+/refs/tags/android16-6.12-2025-06_r6,common-android16-6.12-2025-06,common-android16-6.12
android16-6.12-2025-06_r7,44cbf0ba98d3fb47ac7624a736475978e5aeadc5,https://android.googlesource.com/kernel/common/+/refs/tags/android16-6.12-2025-06_r7,common-android16-6.12-2025-06,common-android16-6.12
android16-6.12-2025-06_r8,f1bdb13583da85a47fcf1632a78ef52d6e6da651,https://android.googlesource.com/kernel/common/+/refs/tags/android16-6.12-2025-06_r8,common-android16-6.12-2025-06,common-android16-6.12
android16-6.12-2025-06_r9,3887e38d9554a0f0137c009da127d284d17fece9,https://android.googlesource.com/kernel/common/+/refs/tags/android16-6.12-2025-06_r9,common-android16-6.12-2025-06,common-android16-6.12
android16-6.12-2025-06_r10,237a43006f0bd3f2862db49389b3ca7c1309643c,https://android.googlesource.com/kernel/common/+/refs/tags/android16-6.12-2025-06_r10,common-android16-6.12-2025-06,common-android16-6.12
android16-6.12-2025-06_r11,d0688292aa2a593c9fe994c37703aeef4ee1d44f,https://android.googlesource.com/kernel/common/+/refs/tags/android16-6.12-2025-06_r11,common-android16-6.12-2025-06,common-android16-6.12
android16-6.12-2025-06_r12,227dce20c2202a4fcce53eb950ee9dee71158b19,https://android.googlesource.com/kernel/common/+/refs/tags/android16-6.12-2025-06_r12,common-android16-6.12-2025-06,common-android16-6.12
android16-6.12-2025-06_r13,11fbf74df45940977cce993f121978a78bab81ba,https://android.googlesource.com/kernel/common/+/refs/tags/android16-6.12-2025-06_r13,common-android16-6.12-2025-06,common-android16-6.12
android16-6.12-2025-06_r14,e7f2a98327576cb4cccb0ee50602261596f02398,https://android.googlesource.com/kernel/common/+/refs/tags/android16-6.12-2025-06_r14,common-android16-6.12-2025-06,common-android16-6.12
android16-6.12-2025-06_r15,d281b572ca50170cb4114bee1788b43a3a91e769,https://android.googlesource.com/kernel/common/+/refs/tags/android16-6.12-2025-06_r15,common-android16-6.12-2025-06,common-android16-6.12
android16-6.12-2025-06_r16,2df0b8bf2a5e9cd0765a148901859dfdf7d9079a,https://android.googlesource.com/kernel/common/+/refs/tags/android16-6.12-2025-06_r16,common-android16-6.12-2025-06,common-android16-6.12
android16-6.12-2025-06_r17,3b4b99596fcd3a30d2146c77b1d5572fcf867200,https://android.googlesource.com/kernel/common/+/refs/tags/android16-6.12-2025-06_r17,common-android16-6.12-2025-06,common-android16-6.12
android16-6.12-2025-06_r18,967a33df19d49b1ae071d716628e0c0aea29719e,https://android.googlesource.com/kernel/common/+/refs/tags/android16-6.12-2025-06_r18,common-android16-6.12-2025-06,common-android16-6.12
android16-6.12-2025-06_r20,cbfe5605f3b40ca134b6950c2737cce501beaf0f,https://android.googlesource.com/kernel/common/+/refs/tags/android16-6.12-2025-06_r20,common-android16-6.12-2025-06,common-android16-6.12
android16-6.12-2025-06_r21,281271595314d9ca4f20a79d872fa40f071e04cc,https://android.googlesource.com/kernel/common/+/refs/tags/android16-6.12-2025-06_r21,common-android16-6.12-2025-06,common-android16-6.12
android16-6.12-2025-06_r22,0e4811bef30f24bbd12627807911a88bf11f9286,https://android.googlesource.com/kernel/common/+/refs/tags/android16-6.12-2025-06_r22,common-android16-6.12-2025-06,common-android16-6.12
android16-6.12-2025-06_r23,a8f88ad96df3b3e640d5b0aa313739188d5b4acb,https://android.googlesource.com/kernel/common/+/refs/tags/android16-6.12-2025-06_r23,common-android16-6.12-2025-06,common-android16-6.12
android16-6.12-2025-06_r24,d1c52ce211834c06e70f38c6832a6cba932b5edb,https://android.googlesource.com/kernel/common/+/refs/tags/android16-6.12-2025-06_r24,common-android16-6.12-2025-06,common-android16-6.12
android16-6.12-2025-06_r25,9e9b8e56a46ba70e6c4beee853113bd7b6d32d3c,https://android.googlesource.com/kernel/common/+/refs/tags/android16-6.12-2025-06_r25,common-android16-6.12-2025-06,common-android16-6.12
android16-6.12-2025-06_r26,052ed413ea599387d842eb84c8aac6480eab0c72,https://android.googlesource.com/kernel/common/+/refs/tags/android16-6.12-2025-06_r26,common-android16-6.12-2025-06,common-android16-6.12
android16-6.12-2025-06_r27,4d782efad9e6b44076384fa4a0b576bc5e02635f,https://android.googlesource.com/kernel/common/+/refs/tags/android16-6.12-2025-06_r27,common-android16-6.12-2025-06,common-android16-6.12
android16-6.12-2025-06_r28,7a3dbd673fd9225909e276965bad44cc634375e0,https://android.googlesource.com/kernel/common/+/refs/tags/android16-6.12-2025-06_r28,common-android16-6.12-2025-06,common-android16-6.12
android16-6.12-2025-06_r29,e9d42b35319f3e24c4d80cfde92c8069854f306f,https://android.googlesource.com/kernel/common/+/refs/tags/android16-6.12-2025-06_r29,common-android16-6.12-2025-06,common-android16-6.12
android16-6.12-2025-06_r30,bc029fbcd539db1bf6a1bb0617a0ce89de56349c,https://android.googlesource.com/kernel/common/+/refs/tags/android16-6.12-2025-06_r30,common-android16-6.12-2025-06,common-android16-6.12
android16-6.12-2025-06_r31,67d7a05a7856a943b4e52f5bbf786c8e9dbf5b31,https://android.googlesource.com/kernel/common/+/refs/tags/android16-6.12-2025-06_r31,common-android16-6.12-2025-06,common-android16-6.12
android16-6.12-2025-06_r32,a5f232d1ead0a0f2065e3f97402c542f99e96add,https://android.googlesource.com/kernel/common/+/refs/tags/android16-6.12-2025-06_r32,common-android16-6.12-2025-06,common-android16-6.12
android16-6.12-2025-06_r33,37a951e5d4972f3b283959ce50fa3d143a4ed4f5,https://android.googlesource.com/kernel/common/+/refs/tags/android16-6.12-2025-06_r33,common-android16-6.12-2025-06,common-android16-6.12
android16-6.12-2025-06_r34,ab948fc37f66d915035b41ddb5f566d6da3e5854,https://android.googlesource.com/kernel/common/+/refs/tags/android16-6.12-2025-06_r34,common-android16-6.12-2025-06,common-android16-6.12
android16-6.12-2025-06_r35,388a89b26ea55f9c76caa20958a72abbade5159a,https://android.googlesource.com/kernel/common/+/refs/tags/android16-6.12-2025-06_r35,common-android16-6.12-2025-06,common-android16-6.12
android16-6.12-2025-06_r36,7aff5c005677971f53a61844eb2a5aab2869b8de,https://android.googlesource.com/kernel/common/+/refs/tags/android16-6.12-2025-06_r36,common-android16-6.12-2025-06,common-android16-6.12
android16-6.12-2025-06_r37,e02742e8c2b029434bdbc050a3f32bd593d240f1,https://android.googlesource.com/kernel/common/+/refs/tags/android16-6.12-2025-06_r37,common-android16-6.12-2025-06,common-android16-6.12
android16-6.12-2025-06_r38,b748df92a00ffd57836d935f91638759614416c4,https://android.googlesource.com/kernel/common/+/refs/tags/android16-6.12-2025-06_r38,common-android16-6.12-2025-06,common-android16-6.12
android16-6.12-2025-06_r39,b9062e038bd008f0e284e938b68130d49e9f68e6,https://android.googlesource.com/kernel/common/+/refs/tags/android16-6.12-2025-06_r39,common-android16-6.12-2025-06,common-android16-6.12
android16-6.12-2025-06_r40,13404bb4d51db61b71c897426f70827290a94b15,https://android.googlesource.com/kernel/common/+/refs/tags/android16-6.12-2025-06_r40,common-android16-6.12-2025-06,common-android16-6.12
android16-6.12-2025-06_r41,e4a8c4f65027cc87c7fc16b1964bdb2977d600d8,https://android.googlesource.com/kernel/common/+/refs/tags/android16-6.12-2025-06_r41,common-android16-6.12-2025-06,common-android16-6.12
android16-6.12-2025-06_r42,4ba468827ee40d9aeda32027cb0afd2c465ff7dd,https://android.googlesource.com/kernel/common/+/refs/tags/android16-6.12-2025-06_r42,common-android16-6.12-2025-06,common-android16-6.12
android16-6.12-2025-06_r43,7d6f8c5f0939e6081f3e202597fc8782853ced43,https://android.googlesource.com/kernel/common/+/refs/tags/android16-6.12-2025-06_r43,common-android16-6.12-2025-06,common-android16-6.12
android16-6.12-2025-06_r45,c3aaa418d9baacfa109366f9d9695f60806603b9,https://android.googlesource.com/kernel/common/+/refs/tags/android16-6.12-2025-06_r45,common-android16-6.12-2025-06,common-android16-6.12
android16-6.12-2025-06_r46,3b14f542b374847e0542bd6d4b4755fba8dd6947,https://android.googlesource.com/kernel/common/+/refs/tags/android16-6.12-2025-06_r46,common-android16-6.12-2025-06,common-android16-6.12
android16-6.12-2025-06_r47,188c695beb6df4f4f85e647aedda9e76327686ac,https://android.googlesource.com/kernel/common/+/refs/tags/android16-6.12-2025-06_r47,common-android16-6.12-2025-06,common-android16-6.12
android16-6.12-2025-06_r49,ad9e282c9a2d17005fbd615b8f7bee19d3232623,https://android.googlesource.com/kernel/common/+/refs/tags/android16-6.12-2025-06_r49,common-android16-6.12-2025-06,common-android16-6.12
android16-6.12-2025-06_r50,82efd98459a2779ae85cb9ee55f9e7b61a31bf7a,https://android.googlesource.com/kernel/common/+/refs/tags/android16-6.12-2025-06_r50,common-android16-6.12-2025-06,common-android16-6.12
android16-6.12-2025-06_r51,5a0e85dd9db068df8f0cdff9be76fe4211bd8af9,https://android.googlesource.com/kernel/common/+/refs/tags/android16-6.12-2025-06_r51,common-android16-6.12-2025-06,common-android16-6.12
android16-6.12-2025-06_r52,1e5ac2a7ed033cfbe0bbdc5767a79e9dd47d87db,https://android.googlesource.com/kernel/common/+/refs/tags/android16-6.12-2025-06_r52,common-android16-6.12-2025-06,common-android16-6.12
android16-6.12-2025-06_r53,b2a876903b495c444a94b16f50d1463ffe953957,https://android.googlesource.com/kernel/common/+/refs/tags/android16-6.12-2025-06_r53,common-android16-6.12-2025-06,common-android16-6.12
android16-6.12-2025-06_r54,9968d642dad11d8b20e29a3d250be16b57fd1dde,https://android.googlesource.com/kernel/common/+/refs/tags/android16-6.12-2025-06_r54,common-android16-6.12-2025-06,common-android16-6.12
android16-6.12-2025-06_r56,b3b66ace21e0635e4196fa01b54a1e68961f2922,https://android.googlesource.com/kernel/common/+/refs/tags/android16-6.12-2025-06_r56,common-android16-6.12-2025-06,common-android16-6.12
android16-6.12-2025-06_r57,a82fc641d6d2c687802606190c0a8c33a4242201,https://android.googlesource.com/kernel/common/+/refs/tags/android16-6.12-2025-06_r57,common-android16-6.12-2025-06,common-android16-6.12